Region,Branch,Ward,SheetID
East Midlands Green Party,Amber Valley Green Party,Alfreton,
East Midlands Green Party,Amber Valley Green Party,Alport and South West Parishes,
East Midlands Green Party,Amber Valley Green Party,Belper East,
East Midlands Green Party,Amber Valley Green Party,Belper North,
East Midlands Green Party,Amber Valley Green Party,Belper South,
East Midlands Green Party,Amber Valley Green Party,"Codnor, Langley Mill and Aldercar",
East Midlands Green Party,Amber Valley Green Party,Crich and South Wingfield,
East Midlands Green Party,Amber Valley Green Party,Duffield and Quarndon,
East Midlands Green Party,Amber Valley Green Party,Heage and Ambergate,
East Midlands Green Party,Amber Valley Green Party,Heanor East,
East Midlands Green Party,Amber Valley Green Party,Heanor West and Loscoe,
East Midlands Green Party,Amber Valley Green Party,Ironville and Riddings,
East Midlands Green Party,Amber Valley Green Party,"Kilburn, Denby, Holbrook and Horsley",
East Midlands Green Party,Amber Valley Green Party,Ripley,
East Midlands Green Party,Amber Valley Green Party,Ripley and Marehay,
East Midlands Green Party,Amber Valley Green Party,"Smalley, Shipley and Horsley Woodhouse",
East Midlands Green Party,Amber Valley Green Party,Somercotes,
East Midlands Green Party,Amber Valley Green Party,Swanwick,
East Midlands Green Party,Derby City and South Derbyshire Green Party,Abbey,
East Midlands Green Party,Derby City and South Derbyshire Green Party,Allestree,
East Midlands Green Party,Derby City and South Derbyshire Green Party,Alvaston North,
East Midlands Green Party,Derby City and South Derbyshire Green Party,Alvaston South,
East Midlands Green Party,Derby City and South Derbyshire Green Party,Arboretum,
East Midlands Green Party,Derby City and South Derbyshire Green Party,Blagreaves,
East Midlands Green Party,Derby City and South Derbyshire Green Party,Chaddesden East,
East Midlands Green Party,Derby City and South Derbyshire Green Party,Chaddesden North,
East Midlands Green Party,Derby City and South Derbyshire Green Party,Chaddesden West,
East Midlands Green Party,Derby City and South Derbyshire Green Party,Chellaston and Shelton Lock,
East Midlands Green Party,Derby City and South Derbyshire Green Party,Darley,
East Midlands Green Party,Derby City and South Derbyshire Green Party,Littleover,
East Midlands Green Party,Derby City and South Derbyshire Green Party,Mackworth and New Zealand,
East Midlands Green Party,Derby City and South Derbyshire Green Party,Mickleover,
East Midlands Green Party,Derby City and South Derbyshire Green Party,Normanton,
East Midlands Green Party,Derby City and South Derbyshire Green Party,Oakwood,
East Midlands Green Party,Derby City and South Derbyshire Green Party,Sinfin and Osmaston,
East Midlands Green Party,Derby City and South Derbyshire Green Party,Spondon,
East Midlands Green Party,Derby City and South Derbyshire Green Party,Aston,
East Midlands Green Party,Derby City and South Derbyshire Green Party,Church Gresley,
East Midlands Green Party,Derby City and South Derbyshire Green Party,Etwall,
East Midlands Green Party,Derby City and South Derbyshire Green Party,Hatton,
East Midlands Green Party,Derby City and South Derbyshire Green Party,Hilton,
East Midlands Green Party,Derby City and South Derbyshire Green Party,Linton,
East Midlands Green Party,Derby City and South Derbyshire Green Party,Melbourne,
East Midlands Green Party,Derby City and South Derbyshire Green Party,Midway,
East Midlands Green Party,Derby City and South Derbyshire Green Party,Newhall and Stanton,
East Midlands Green Party,Derby City and South Derbyshire Green Party,Repton,
East Midlands Green Party,Derby City and South Derbyshire Green Party,Seales,
East Midlands Green Party,Derby City and South Derbyshire Green Party,Stenson,
East Midlands Green Party,Derby City and South Derbyshire Green Party,Swadlincote,
East Midlands Green Party,Derby City and South Derbyshire Green Party,Willington and Findern,
East Midlands Green Party,Derby City and South Derbyshire Green Party,Woodville,
East Midlands Green Party,Erewash Green Party,Awsworth Road,
East Midlands Green Party,Erewash Green Party,Breaston,
East Midlands Green Party,Erewash Green Party,Cotmanhay,
East Midlands Green Party,Erewash Green Party,Derby Road East,
East Midlands Green Party,Erewash Green Party,Derby Road West,
East Midlands Green Party,Erewash Green Party,Draycott and Risley,
East Midlands Green Party,Erewash Green Party,Hallam Fields,
East Midlands Green Party,Erewash Green Party,Kirk Hallam and Stanton-by-Dale,
East Midlands Green Party,Erewash Green Party,Larklands,
East Midlands Green Party,Erewash Green Party,Little Eaton and Stanley,
East Midlands Green Party,Erewash Green Party,Little Hallam,
East Midlands Green Party,Erewash Green Party,Long Eaton Central,
East Midlands Green Party,Erewash Green Party,Nottingham Road,
East Midlands Green Party,Erewash Green Party,Ockbrook and Borrowash,
East Midlands Green Party,Erewash Green Party,Sandiacre,
East Midlands Green Party,Erewash Green Party,Sawley,
East Midlands Green Party,Erewash Green Party,Shipley View,
East Midlands Green Party,Erewash Green Party,West Hallam and Dale Abbey,
East Midlands Green Party,Erewash Green Party,Wilsthorpe,
East Midlands Green Party,High Peak Green Party,Barms,
East Midlands Green Party,High Peak Green Party,Blackbrook,
East Midlands Green Party,High Peak Green Party,Burbage,
East Midlands Green Party,High Peak Green Party,Buxton Central,
East Midlands Green Party,High Peak Green Party,Chapel East,
East Midlands Green Party,High Peak Green Party,Chapel West,
East Midlands Green Party,High Peak Green Party,Corbar,
East Midlands Green Party,High Peak Green Party,Cote Heath,
East Midlands Green Party,High Peak Green Party,Dinting,
East Midlands Green Party,High Peak Green Party,Gamesley,
East Midlands Green Party,High Peak Green Party,Hadfield North,
East Midlands Green Party,High Peak Green Party,Hadfield South,
East Midlands Green Party,High Peak Green Party,Hayfield,
East Midlands Green Party,High Peak Green Party,Hope Valley,
East Midlands Green Party,High Peak Green Party,Howard Town,
East Midlands Green Party,High Peak Green Party,Limestone Peak,
East Midlands Green Party,High Peak Green Party,New Mills East,
East Midlands Green Party,High Peak Green Party,New Mills West,
East Midlands Green Party,High Peak Green Party,Old Glossop,
East Midlands Green Party,High Peak Green Party,Padfield,
East Midlands Green Party,High Peak Green Party,Sett,
East Midlands Green Party,High Peak Green Party,Simmondley,
East Midlands Green Party,High Peak Green Party,St John's,
East Midlands Green Party,High Peak Green Party,Stone Bench,
East Midlands Green Party,High Peak Green Party,Temple,
East Midlands Green Party,High Peak Green Party,Tintwhistle,
East Midlands Green Party,High Peak Green Party,Whaley Bridge,
East Midlands Green Party,High Peak Green Party,Whitfield,
East Midlands Green Party,North Derbyshire Green Party,Ault Hucknall,
East Midlands Green Party,North Derbyshire Green Party,Barlborough,
East Midlands Green Party,North Derbyshire Green Party,Blackwell,
East Midlands Green Party,North Derbyshire Green Party,Bolsover East,
East Midlands Green Party,North Derbyshire Green Party,Bolsover North and Shuttlewood,
East Midlands Green Party,North Derbyshire Green Party,Bolsover South,
East Midlands Green Party,North Derbyshire Green Party,Clowne East,
East Midlands Green Party,North Derbyshire Green Party,Clowne West,
East Midlands Green Party,North Derbyshire Green Party,Elmton-with-Creswell,
East Midlands Green Party,North Derbyshire Green Party,Langwith,
East Midlands Green Party,North Derbyshire Green Party,Pinxton,
East Midlands Green Party,North Derbyshire Green Party,Shirebrook North,
East Midlands Green Party,North Derbyshire Green Party,Shirebrook South,
East Midlands Green Party,North Derbyshire Green Party,South Normanton East,
East Midlands Green Party,North Derbyshire Green Party,South Normanton West,
East Midlands Green Party,North Derbyshire Green Party,Tibshelf,
East Midlands Green Party,North Derbyshire Green Party,Whitwell,
East Midlands Green Party,North Derbyshire Green Party,Brampton East and Boythorpe,
East Midlands Green Party,North Derbyshire Green Party,Brampton West and Loundsley Green,
East Midlands Green Party,North Derbyshire Green Party,Brimington North,
East Midlands Green Party,North Derbyshire Green Party,Brimington South,
East Midlands Green Party,North Derbyshire Green Party,Brockwell,
East Midlands Green Party,North Derbyshire Green Party,Dunston,
East Midlands Green Party,North Derbyshire Green Party,Hasland,
East Midlands Green Party,North Derbyshire Green Party,Linacre,
East Midlands Green Party,North Derbyshire Green Party,Rother,
East Midlands Green Party,North Derbyshire Green Party,Spire,
East Midlands Green Party,North Derbyshire Green Party,Staveley Central,
East Midlands Green Party,North Derbyshire Green Party,Staveley North,
East Midlands Green Party,North Derbyshire Green Party,Staveley South,
East Midlands Green Party,North Derbyshire Green Party,Walton,
East Midlands Green Party,North Derbyshire Green Party,Whittington,
East Midlands Green Party,North Derbyshire Green Party,Whittington Moor,
East Midlands Green Party,North Derbyshire Green Party,Ashover,
East Midlands Green Party,North Derbyshire Green Party,Barlow and Holmesfield,
East Midlands Green Party,North Derbyshire Green Party,Brampton and Walton,
East Midlands Green Party,North Derbyshire Green Party,Clay Cross North,
East Midlands Green Party,North Derbyshire Green Party,Clay Cross South,
East Midlands Green Party,North Derbyshire Green Party,Coal Aston,
East Midlands Green Party,North Derbyshire Green Party,Dronfield North,
East Midlands Green Party,North Derbyshire Green Party,Dronfield South,
East Midlands Green Party,North Derbyshire Green Party,Dronfield Woodhouse,
East Midlands Green Party,North Derbyshire Green Party,Eckington North,
East Midlands Green Party,North Derbyshire Green Party,Eckington South and Renishaw,
East Midlands Green Party,North Derbyshire Green Party,Gosforth Valley,
East Midlands Green Party,North Derbyshire Green Party,Grassmoor,
East Midlands Green Party,North Derbyshire Green Party,Holmewood and Heath,
East Midlands Green Party,North Derbyshire Green Party,Killamarsh East,
East Midlands Green Party,North Derbyshire Green Party,Killamarsh West,
East Midlands Green Party,North Derbyshire Green Party,North Wingfield Central,
East Midlands Green Party,North Derbyshire Green Party,Pilsley and Morton,
East Midlands Green Party,North Derbyshire Green Party,Ridgeway and Marsh Lane,
East Midlands Green Party,North Derbyshire Green Party,Shirland,
East Midlands Green Party,North Derbyshire Green Party,Sutton,
East Midlands Green Party,North Derbyshire Green Party,Tupton,
East Midlands Green Party,North Derbyshire Green Party,Unstone,
East Midlands Green Party,North Derbyshire Green Party,Wingerworth,
East Midlands Green Party,Derbyshire Dales Green Party,Ashbourne North,
East Midlands Green Party,Derbyshire Dales Green Party,Ashbourne South,
East Midlands Green Party,Derbyshire Dales Green Party,Bakewell,
East Midlands Green Party,Derbyshire Dales Green Party,Bonsall and Winster,
East Midlands Green Party,Derbyshire Dales Green Party,Bradwell,
East Midlands Green Party,Derbyshire Dales Green Party,Brailsford,
East Midlands Green Party,Derbyshire Dales Green Party,Calver and Longstone,
East Midlands Green Party,Derbyshire Dales Green Party,Chatsworth,
East Midlands Green Party,Derbyshire Dales Green Party,Cromford and Matlock Bath,
East Midlands Green Party,Derbyshire Dales Green Party,Darley Dale,
East Midlands Green Party,Derbyshire Dales Green Party,"Dovedale, Parwich and Brassington",
East Midlands Green Party,Derbyshire Dales Green Party,Doveridge and Sudbury,
East Midlands Green Party,Derbyshire Dales Green Party,Hartington and Taddington,
East Midlands Green Party,Derbyshire Dales Green Party,Hathersage,
East Midlands Green Party,Derbyshire Dales Green Party,Hulland,
East Midlands Green Party,Derbyshire Dales Green Party,Matlock East and Tansley,
East Midlands Green Party,Derbyshire Dales Green Party,Matlock West,
East Midlands Green Party,Derbyshire Dales Green Party,Norbury,
East Midlands Green Party,Derbyshire Dales Green Party,Tideswell,
East Midlands Green Party,Derbyshire Dales Green Party,Wirksworth,
East Midlands Green Party,Derbyshire Dales Green Party,Youlgrave,
East Midlands Green Party,Blaby Green Party,Blaby,
East Midlands Green Party,Blaby Green Party,Braunstone Millfield,
East Midlands Green Party,Blaby Green Party,Braunstone Ravenhurst,
East Midlands Green Party,Blaby Green Party,Cosby and South Whetstone,
East Midlands Green Party,Blaby Green Party,Countesthorpe,
East Midlands Green Party,Blaby Green Party,Enderby,
East Midlands Green Party,Blaby Green Party,Fosse Highcross,
East Midlands Green Party,Blaby Green Party,Fosse Normanton,
East Midlands Green Party,Blaby Green Party,Fosse Stoney Cove,
East Midlands Green Party,Blaby Green Party,Glen Parva,
East Midlands Green Party,Blaby Green Party,Glenfield Ellis,
East Midlands Green Party,Blaby Green Party,Glenfield Faire,
East Midlands Green Party,Blaby Green Party,Kirby Muxloe,
East Midlands Green Party,Blaby Green Party,Leicester Forest and Lubbesthorpe,
East Midlands Green Party,Blaby Green Party,Narborough and Littlethorpe,
East Midlands Green Party,Blaby Green Party,North Whetstone,
East Midlands Green Party,Blaby Green Party,Thorpe Astley and St Mary's,
East Midlands Green Party,North Leicestershire Green Party,Anstey,
East Midlands Green Party,North Leicestershire Green Party,Barrow upon Soar,
East Midlands Green Party,North Leicestershire Green Party,Birstall East and Wanlip,
East Midlands Green Party,North Leicestershire Green Party,Birstall West,
East Midlands Green Party,North Leicestershire Green Party,"Dishley, Hathern and Thorpe Acre",
East Midlands Green Party,North Leicestershire Green Party,Forest Bradgate,
East Midlands Green Party,North Leicestershire Green Party,Loughborough Ashby,
East Midlands Green Party,North Leicestershire Green Party,Loughborough East,
East Midlands Green Party,North Leicestershire Green Party,Loughborough Nanpantan,
East Midlands Green Party,North Leicestershire Green Party,Loughborough Outwoods and Shelthorpe,
East Midlands Green Party,North Leicestershire Green Party,Loughborough Southfields,
East Midlands Green Party,North Leicestershire Green Party,Loughborough Storer,
East Midlands Green Party,North Leicestershire Green Party,Loughborough Woodthorpe,
East Midlands Green Party,North Leicestershire Green Party,Mountsorrel,
East Midlands Green Party,North Leicestershire Green Party,Quorn and Mountsorrel Castle,
East Midlands Green Party,North Leicestershire Green Party,Rothley Brook,
East Midlands Green Party,North Leicestershire Green Party,Shepshed East,
East Midlands Green Party,North Leicestershire Green Party,Shepshed West,
East Midlands Green Party,North Leicestershire Green Party,Sileby and Seagrave,
East Midlands Green Party,North Leicestershire Green Party,South Charnwood,
East Midlands Green Party,North Leicestershire Green Party,Syston,
East Midlands Green Party,North Leicestershire Green Party,The Wolds,
East Midlands Green Party,North Leicestershire Green Party,Thurmaston,
East Midlands Green Party,North Leicestershire Green Party,Wreake Valley,
East Midlands Green Party,North Leicestershire Green Party,Ambien,
East Midlands Green Party,North Leicestershire Green Party,"Barlestone, Nailstone and Osbaston",
East Midlands Green Party,North Leicestershire Green Party,Barwell,
East Midlands Green Party,North Leicestershire Green Party,Burbage Sketchley and Stretton,
East Midlands Green Party,North Leicestershire Green Party,Burbage St Catherines and Lash Hill,
East Midlands Green Party,North Leicestershire Green Party,"Cadeby, Carlton and Market Bosworth with Shackerstone",
East Midlands Green Party,North Leicestershire Green Party,Earl Shilton,
East Midlands Green Party,North Leicestershire Green Party,Groby,
East Midlands Green Party,North Leicestershire Green Party,Hinckley Castle,
East Midlands Green Party,North Leicestershire Green Party,Hinckley Clarendon,
East Midlands Green Party,North Leicestershire Green Party,Hinckley De Montfort,
East Midlands Green Party,North Leicestershire Green Party,Hinckley Trinity,
East Midlands Green Party,North Leicestershire Green Party,"Markfield, Stanton and Fieldhead",
East Midlands Green Party,North Leicestershire Green Party,Newbold Verdon with Desford and Peckleton,
East Midlands Green Party,North Leicestershire Green Party,"Ratby, Bagworth and Thornton",
East Midlands Green Party,North Leicestershire Green Party,Twycross and Witherley with Sheepy,
East Midlands Green Party,North Leicestershire Green Party,Appleby,
East Midlands Green Party,North Leicestershire Green Party,Ashby Castle,
East Midlands Green Party,North Leicestershire Green Party,Ashby Holywell,
East Midlands Green Party,North Leicestershire Green Party,Ashby Ivanhoe,
East Midlands Green Party,North Leicestershire Green Party,Ashby Money Hill,
East Midlands Green Party,North Leicestershire Green Party,Ashby Willesley,
East Midlands Green Party,North Leicestershire Green Party,Ashby Woulds,
East Midlands Green Party,North Leicestershire Green Party,Bardon,
East Midlands Green Party,North Leicestershire Green Party,Blackfordby,
East Midlands Green Party,North Leicestershire Green Party,Broom Leys,
East Midlands Green Party,North Leicestershire Green Party,Castle Donington Castle,
East Midlands Green Party,North Leicestershire Green Party,Castle Donington Central,
East Midlands Green Party,North Leicestershire Green Party,Castle Donington Park,
East Midlands Green Party,North Leicestershire Green Party,Castle Rock,
East Midlands Green Party,North Leicestershire Green Party,Coalville East,
East Midlands Green Party,North Leicestershire Green Party,Coalville West,
East Midlands Green Party,North Leicestershire Green Party,Daleacre Hill,
East Midlands Green Party,North Leicestershire Green Party,Ellistown and Battleflat,
East Midlands Green Party,North Leicestershire Green Party,Greenhill,
East Midlands Green Party,North Leicestershire Green Party,Hermitage,
East Midlands Green Party,North Leicestershire Green Party,Holly Hayes,
East Midlands Green Party,North Leicestershire Green Party,Hugglescote St John's,
East Midlands Green Party,North Leicestershire Green Party,Hugglescote St Mary's,
East Midlands Green Party,North Leicestershire Green Party,Ibstock East,
East Midlands Green Party,North Leicestershire Green Party,Ibstock West,
East Midlands Green Party,North Leicestershire Green Party,Kegworth,
East Midlands Green Party,North Leicestershire Green Party,Long Whatton and Diseworth,
East Midlands Green Party,North Leicestershire Green Party,Measham North,
East Midlands Green Party,North Leicestershire Green Party,Measham South,
East Midlands Green Party,North Leicestershire Green Party,Oakthorpe and Donisthorpe,
East Midlands Green Party,North Leicestershire Green Party,Ravenstone and Packington,
East Midlands Green Party,North Leicestershire Green Party,Sence Valley,
East Midlands Green Party,North Leicestershire Green Party,Snibston North,
East Midlands Green Party,North Leicestershire Green Party,Snibston South,
East Midlands Green Party,North Leicestershire Green Party,Thornborough,
East Midlands Green Party,North Leicestershire Green Party,Thringstone,
East Midlands Green Party,North Leicestershire Green Party,Valley,
East Midlands Green Party,North Leicestershire Green Party,Worthington and Breedon,
East Midlands Green Party,North Leicestershire Green Party,Asfordby,
East Midlands Green Party,North Leicestershire Green Party,Bottesford,
East Midlands Green Party,North Leicestershire Green Party,Croxton Kerrial,
East Midlands Green Party,North Leicestershire Green Party,Frisby-on-the-Wreake,
East Midlands Green Party,North Leicestershire Green Party,Gaddesby,
East Midlands Green Party,North Leicestershire Green Party,Long Clawson and Stathern,
East Midlands Green Party,North Leicestershire Green Party,Melton Craven,
East Midlands Green Party,North Leicestershire Green Party,Melton Dorian,
East Midlands Green Party,North Leicestershire Green Party,Melton Egerton,
East Midlands Green Party,North Leicestershire Green Party,Melton Newport,
East Midlands Green Party,North Leicestershire Green Party,Melton Sysonby,
East Midlands Green Party,North Leicestershire Green Party,Melton Warwick,
East Midlands Green Party,North Leicestershire Green Party,Old Dalby,
East Midlands Green Party,North Leicestershire Green Party,Melton Mowbray South,
East Midlands Green Party,North Leicestershire Green Party,Melton Mowbray West,
East Midlands Green Party,North Leicestershire Green Party,"Waltham, Wymondham and Great Dalby",
East Midlands Green Party,"Harborough, Oadby & Wigston Green Party",Billesdon and Tilton,
East Midlands Green Party,"Harborough, Oadby & Wigston Green Party",Bosworth,
East Midlands Green Party,"Harborough, Oadby & Wigston Green Party",Broughton Astley South and Leire,
East Midlands Green Party,"Harborough, Oadby & Wigston Green Party",Broughton Astley-Primethorpe and Sutton,
East Midlands Green Party,"Harborough, Oadby & Wigston Green Party",Dunton,
East Midlands Green Party,"Harborough, Oadby & Wigston Green Party",Fleckney,
East Midlands Green Party,"Harborough, Oadby & Wigston Green Party",Glen,
East Midlands Green Party,"Harborough, Oadby & Wigston Green Party",Kibworths,
East Midlands Green Party,"Harborough, Oadby & Wigston Green Party",Lubenham,
East Midlands Green Party,"Harborough, Oadby & Wigston Green Party",Lutterworth East,
East Midlands Green Party,"Harborough, Oadby & Wigston Green Party",Lutterworth West,
East Midlands Green Party,"Harborough, Oadby & Wigston Green Party",Market Harborough-Great Bowden and Arden,
East Midlands Green Party,"Harborough, Oadby & Wigston Green Party",Market Harborough-Little Bowden,
East Midlands Green Party,"Harborough, Oadby & Wigston Green Party",Market Harborough-Logan,
East Midlands Green Party,"Harborough, Oadby & Wigston Green Party",Market Harborough-Welland,
East Midlands Green Party,"Harborough, Oadby & Wigston Green Party",Misterton,
East Midlands Green Party,"Harborough, Oadby & Wigston Green Party",Nevill,
East Midlands Green Party,"Harborough, Oadby & Wigston Green Party",Thurnby and Houghton,
East Midlands Green Party,"Harborough, Oadby & Wigston Green Party",Ullesthorpe,
East Midlands Green Party,"Harborough, Oadby & Wigston Green Party",Oadby Brocks Hill,
East Midlands Green Party,"Harborough, Oadby & Wigston Green Party",Oadby Grange,
East Midlands Green Party,"Harborough, Oadby & Wigston Green Party",Oadby St Peter's,
East Midlands Green Party,"Harborough, Oadby & Wigston Green Party",Oadby Uplands,
East Midlands Green Party,"Harborough, Oadby & Wigston Green Party",Oadby Woodlands,
East Midlands Green Party,"Harborough, Oadby & Wigston Green Party",South Wigston,
East Midlands Green Party,"Harborough, Oadby & Wigston Green Party",Wigston All Saints,
East Midlands Green Party,"Harborough, Oadby & Wigston Green Party",Wigston Fields,
East Midlands Green Party,"Harborough, Oadby & Wigston Green Party",Wigston Meadowcourt,
East Midlands Green Party,"Harborough, Oadby & Wigston Green Party",Wigston St Wolstan's,
East Midlands Green Party,Leicester Green Party,Abbey,
East Midlands Green Party,Leicester Green Party,Aylestone,
East Midlands Green Party,Leicester Green Party,Beaumont Leys,
East Midlands Green Party,Leicester Green Party,Belgrave,
East Midlands Green Party,Leicester Green Party,Braunstone Park and Rowley Fields,
East Midlands Green Party,Leicester Green Party,Castle,
East Midlands Green Party,Leicester Green Party,Evington,
East Midlands Green Party,Leicester Green Party,Eyres Monsell,
East Midlands Green Party,Leicester Green Party,Fosse,
East Midlands Green Party,Leicester Green Party,Humberstone and Hamilton,
East Midlands Green Party,Leicester Green Party,Knighton,
East Midlands Green Party,Leicester Green Party,North Evington,
East Midlands Green Party,Leicester Green Party,Rushey Mead,
East Midlands Green Party,Leicester Green Party,Saffron,
East Midlands Green Party,Leicester Green Party,Spinney Hills,
East Midlands Green Party,Leicester Green Party,Stoneygate,
East Midlands Green Party,Leicester Green Party,Thurncourt,
East Midlands Green Party,Leicester Green Party,Troon,
East Midlands Green Party,Leicester Green Party,Westcotes,
East Midlands Green Party,Leicester Green Party,Western,
East Midlands Green Party,Leicester Green Party,Wycliffe,
East Midlands Green Party,Rutland Green Party,Barleythorpe,
East Midlands Green Party,Rutland Green Party,Braunston and Martinsthorpe,
East Midlands Green Party,Rutland Green Party,Cottesmore,
East Midlands Green Party,Rutland Green Party,Exton,
East Midlands Green Party,Rutland Green Party,Greetham,
East Midlands Green Party,Rutland Green Party,Ketton,
East Midlands Green Party,Rutland Green Party,Langham,
East Midlands Green Party,Rutland Green Party,Lyddington,
East Midlands Green Party,Rutland Green Party,Normanton,
East Midlands Green Party,Rutland Green Party,Oakham North East,
East Midlands Green Party,Rutland Green Party,Oakham North West,
East Midlands Green Party,Rutland Green Party,Oakham South,
East Midlands Green Party,Rutland Green Party,Ryhall and Casterton,
East Midlands Green Party,Rutland Green Party,Uppingham,
East Midlands Green Party,Rutland Green Party,Whissendine,
East Midlands Green Party,East Lindsey Green Party,Alford,
East Midlands Green Party,East Lindsey Green Party,Binbrook,
East Midlands Green Party,East Lindsey Green Party,Burgh le Marsh,
East Midlands Green Party,East Lindsey Green Party,Chapel St Leonards,
East Midlands Green Party,East Lindsey Green Party,Coningsby and Mareham,
East Midlands Green Party,East Lindsey Green Party,Croft,
East Midlands Green Party,East Lindsey Green Party,Friskney,
East Midlands Green Party,East Lindsey Green Party,Fulstow,
East Midlands Green Party,East Lindsey Green Party,Grimoldby,
East Midlands Green Party,East Lindsey Green Party,Hagworthingham,
East Midlands Green Party,East Lindsey Green Party,Halton Holegate,
East Midlands Green Party,East Lindsey Green Party,Holton-le-Clay and North Thoresby,
East Midlands Green Party,East Lindsey Green Party,Horncastle,
East Midlands Green Party,East Lindsey Green Party,Ingoldmells,
East Midlands Green Party,East Lindsey Green Party,Legbourne,
East Midlands Green Party,East Lindsey Green Party,Mablethorpe,
East Midlands Green Party,East Lindsey Green Party,Marshchapel and Somercotes,
East Midlands Green Party,East Lindsey Green Party,North Holme,
East Midlands Green Party,East Lindsey Green Party,Priory and St James',
East Midlands Green Party,East Lindsey Green Party,Roughton,
East Midlands Green Party,East Lindsey Green Party,Scarbrough and Seacroft,
East Midlands Green Party,East Lindsey Green Party,Sibsey and Stickney,
East Midlands Green Party,East Lindsey Green Party,Spilsby,
East Midlands Green Party,East Lindsey Green Party,St Clement's,
East Midlands Green Party,East Lindsey Green Party,St Margaret's,
East Midlands Green Party,East Lindsey Green Party,St Mary's,
East Midlands Green Party,East Lindsey Green Party,St Michael's,
East Midlands Green Party,East Lindsey Green Party,Sutton on Sea,
East Midlands Green Party,East Lindsey Green Party,Tetford and Donington,
East Midlands Green Party,East Lindsey Green Party,Tetney,
East Midlands Green Party,East Lindsey Green Party,Trinity,
East Midlands Green Party,East Lindsey Green Party,Wainfleet,
East Midlands Green Party,East Lindsey Green Party,Willoughby with Sloothby,
East Midlands Green Party,East Lindsey Green Party,Winthorpe,
East Midlands Green Party,East Lindsey Green Party,Withern and Theddlethorpe,
East Midlands Green Party,East Lindsey Green Party,Woodhall Spa,
East Midlands Green Party,East Lindsey Green Party,Wragby,
East Midlands Green Party,Lincoln Green Party,"Ashby de la Launde, Digby and Scopwick",
East Midlands Green Party,Lincoln Green Party,Bassingham Rural,
East Midlands Green Party,Lincoln Green Party,Billinghay Rural,
East Midlands Green Party,Lincoln Green Party,Bracebridge Heath,
East Midlands Green Party,Lincoln Green Party,Branston,
East Midlands Green Party,Lincoln Green Party,"Cranwell, Leasingham and Wilsford",
East Midlands Green Party,Lincoln Green Party,Heckington Rural,
East Midlands Green Party,Lincoln Green Party,Heighington and Washingborough,
East Midlands Green Party,Lincoln Green Party,Helpringham and Osbournby,
East Midlands Green Party,Lincoln Green Party,Hykeham Central,
East Midlands Green Party,Lincoln Green Party,Hykeham Fosse,
East Midlands Green Party,Lincoln Green Party,Hykeham Memorial,
East Midlands Green Party,Lincoln Green Party,Kirkby la Thorpe and South Kyme,
East Midlands Green Party,Lincoln Green Party,Metheringham Rural,
East Midlands Green Party,Lincoln Green Party,Navenby and Brant Broughton,
East Midlands Green Party,Lincoln Green Party,Ruskington,
East Midlands Green Party,Lincoln Green Party,Skellingthorpe and Eagle,
East Midlands Green Party,Lincoln Green Party,Sleaford Castle,
East Midlands Green Party,Lincoln Green Party,Sleaford Holdingham,
East Midlands Green Party,Lincoln Green Party,Sleaford Navigation,
East Midlands Green Party,Lincoln Green Party,Sleaford Quarrington and Mareham,
East Midlands Green Party,Lincoln Green Party,Sleaford Westholme,
East Midlands Green Party,Lincoln Green Party,Waddington Rural,
East Midlands Green Party,Lincoln Green Party,Witham St Hughs and Swinderby,
East Midlands Green Party,Lincoln Green Party,Abbey,
East Midlands Green Party,Lincoln Green Party,Birchwood,
East Midlands Green Party,Lincoln Green Party,Boultham,
East Midlands Green Party,Lincoln Green Party,Carholme,
East Midlands Green Party,Lincoln Green Party,Castle,
East Midlands Green Party,Lincoln Green Party,Glebe,
East Midlands Green Party,Lincoln Green Party,Hartsholme,
East Midlands Green Party,Lincoln Green Party,Minster,
East Midlands Green Party,Lincoln Green Party,Moorland,
East Midlands Green Party,Lincoln Green Party,Park,
East Midlands Green Party,Lincoln Green Party,Witham,
East Midlands Green Party,South Lincolnshire Green Party,Coastal,
East Midlands Green Party,South Lincolnshire Green Party,Fenside,
East Midlands Green Party,South Lincolnshire Green Party,Fishtoft,
East Midlands Green Party,South Lincolnshire Green Party,Five Village,
East Midlands Green Party,South Lincolnshire Green Party,Kirton and Frampton,
East Midlands Green Party,South Lincolnshire Green Party,Old Leake and Wrangle,
East Midlands Green Party,South Lincolnshire Green Party,Skirbeck,
East Midlands Green Party,South Lincolnshire Green Party,St Thomas',
East Midlands Green Party,South Lincolnshire Green Party,Staniland,
East Midlands Green Party,South Lincolnshire Green Party,Station,
East Midlands Green Party,South Lincolnshire Green Party,Swineshead and Holland Fen,
East Midlands Green Party,South Lincolnshire Green Party,Trinity,
East Midlands Green Party,South Lincolnshire Green Party,West,
East Midlands Green Party,South Lincolnshire Green Party,Witham,
East Midlands Green Party,South Lincolnshire Green Party,Wyberton,
East Midlands Green Party,South Lincolnshire Green Party,Alford,
East Midlands Green Party,South Lincolnshire Green Party,Binbrook,
East Midlands Green Party,South Lincolnshire Green Party,Burgh le Marsh,
East Midlands Green Party,South Lincolnshire Green Party,Chapel St Leonards,
East Midlands Green Party,South Lincolnshire Green Party,Coningsby and Mareham,
East Midlands Green Party,South Lincolnshire Green Party,Croft,
East Midlands Green Party,South Lincolnshire Green Party,Friskney,
East Midlands Green Party,South Lincolnshire Green Party,Fulstow,
East Midlands Green Party,South Lincolnshire Green Party,Grimoldby,
East Midlands Green Party,South Lincolnshire Green Party,Hagworthingham,
East Midlands Green Party,South Lincolnshire Green Party,Halton Holegate,
East Midlands Green Party,South Lincolnshire Green Party,Holton-le-Clay and North Thoresby,
East Midlands Green Party,South Lincolnshire Green Party,Horncastle,
East Midlands Green Party,South Lincolnshire Green Party,Ingoldmells,
East Midlands Green Party,South Lincolnshire Green Party,Legbourne,
East Midlands Green Party,South Lincolnshire Green Party,Mablethorpe,
East Midlands Green Party,South Lincolnshire Green Party,Marshchapel and Somercotes,
East Midlands Green Party,South Lincolnshire Green Party,North Holme,
East Midlands Green Party,South Lincolnshire Green Party,Priory and St James',
East Midlands Green Party,South Lincolnshire Green Party,Roughton,
East Midlands Green Party,South Lincolnshire Green Party,Scarbrough and Seacroft,
East Midlands Green Party,South Lincolnshire Green Party,Sibsey and Stickney,
East Midlands Green Party,South Lincolnshire Green Party,Spilsby,
East Midlands Green Party,South Lincolnshire Green Party,St Clement's,
East Midlands Green Party,South Lincolnshire Green Party,St Margaret's,
East Midlands Green Party,South Lincolnshire Green Party,St Mary's,
East Midlands Green Party,South Lincolnshire Green Party,St Michael's,
East Midlands Green Party,South Lincolnshire Green Party,Sutton on Sea,
East Midlands Green Party,South Lincolnshire Green Party,Tetford and Donington,
East Midlands Green Party,South Lincolnshire Green Party,Tetney,
East Midlands Green Party,South Lincolnshire Green Party,Trinity,
East Midlands Green Party,South Lincolnshire Green Party,Wainfleet,
East Midlands Green Party,South Lincolnshire Green Party,Willoughby with Sloothby,
East Midlands Green Party,South Lincolnshire Green Party,Winthorpe,
East Midlands Green Party,South Lincolnshire Green Party,Withern and Theddlethorpe,
East Midlands Green Party,South Lincolnshire Green Party,Woodhall Spa,
East Midlands Green Party,South Lincolnshire Green Party,Wragby,
East Midlands Green Party,South Lincolnshire Green Party,Crowland and Deeping St Nicholas,
East Midlands Green Party,South Lincolnshire Green Party,"Donington, Quadring and Gosberton",
East Midlands Green Party,South Lincolnshire Green Party,Fleet,
East Midlands Green Party,South Lincolnshire Green Party,Gedney,
East Midlands Green Party,South Lincolnshire Green Party,Holbeach Hurn,
East Midlands Green Party,South Lincolnshire Green Party,Holbeach Town,
East Midlands Green Party,South Lincolnshire Green Party,Long Sutton,
East Midlands Green Party,South Lincolnshire Green Party,"Moulton, Weston and Cowbit",
East Midlands Green Party,South Lincolnshire Green Party,Pinchbeck and Surfleet,
East Midlands Green Party,South Lincolnshire Green Party,Spalding Castle,
East Midlands Green Party,South Lincolnshire Green Party,Spalding Monks House,
East Midlands Green Party,South Lincolnshire Green Party,Spalding St John's,
East Midlands Green Party,South Lincolnshire Green Party,Spalding St Mary's,
East Midlands Green Party,South Lincolnshire Green Party,Spalding St Paul's,
East Midlands Green Party,South Lincolnshire Green Party,Spalding Wygate,
East Midlands Green Party,South Lincolnshire Green Party,Sutton Bridge,
East Midlands Green Party,South Lincolnshire Green Party,The Saints,
East Midlands Green Party,South Lincolnshire Green Party,Whaplode and Holbeach St John's,
East Midlands Green Party,South Lincolnshire Green Party,Aveland,
East Midlands Green Party,South Lincolnshire Green Party,Belmont,
East Midlands Green Party,South Lincolnshire Green Party,Belvoir,
East Midlands Green Party,South Lincolnshire Green Party,Bourne Austerby,
East Midlands Green Party,South Lincolnshire Green Party,Bourne East,
East Midlands Green Party,South Lincolnshire Green Party,Bourne West,
East Midlands Green Party,South Lincolnshire Green Party,Casewick,
East Midlands Green Party,South Lincolnshire Green Party,Castle,
East Midlands Green Party,South Lincolnshire Green Party,Deeping St James,
East Midlands Green Party,South Lincolnshire Green Party,Dole Wood,
East Midlands Green Party,South Lincolnshire Green Party,Glen,
East Midlands Green Party,South Lincolnshire Green Party,Grantham Arnoldfield,
East Midlands Green Party,South Lincolnshire Green Party,Grantham Barrowby Gate,
East Midlands Green Party,South Lincolnshire Green Party,Grantham Earlesfield,
East Midlands Green Party,South Lincolnshire Green Party,Grantham Harrowby,
East Midlands Green Party,South Lincolnshire Green Party,Grantham Springfield,
East Midlands Green Party,South Lincolnshire Green Party,Grantham St Vincent's,
East Midlands Green Party,South Lincolnshire Green Party,Grantham St Wulfram's,
East Midlands Green Party,South Lincolnshire Green Party,Isaac Newton,
East Midlands Green Party,South Lincolnshire Green Party,Lincrest,
East Midlands Green Party,South Lincolnshire Green Party,Loveden Heath,
East Midlands Green Party,South Lincolnshire Green Party,Market and West Deeping,
East Midlands Green Party,South Lincolnshire Green Party,Morton,
East Midlands Green Party,South Lincolnshire Green Party,Peascliffe and Ridgeway,
East Midlands Green Party,South Lincolnshire Green Party,Stamford All Saints,
East Midlands Green Party,South Lincolnshire Green Party,Stamford St George's,
East Midlands Green Party,South Lincolnshire Green Party,Stamford St John's,
East Midlands Green Party,South Lincolnshire Green Party,Stamford St Mary's,
East Midlands Green Party,South Lincolnshire Green Party,Toller,
East Midlands Green Party,South Lincolnshire Green Party,Viking,
East Midlands Green Party,West Lindsey Green Party,Bardney,
East Midlands Green Party,West Lindsey Green Party,Caistor and Yarborough,
East Midlands Green Party,West Lindsey Green Party,Cherry Willingham,
East Midlands Green Party,West Lindsey Green Party,Dunholme and Welton,
East Midlands Green Party,West Lindsey Green Party,Gainsborough East,
East Midlands Green Party,West Lindsey Green Party,Gainsborough North,
East Midlands Green Party,West Lindsey Green Party,Gainsborough South-West,
East Midlands Green Party,West Lindsey Green Party,Hemswell,
East Midlands Green Party,West Lindsey Green Party,Kelsey Wold,
East Midlands Green Party,West Lindsey Green Party,Lea,
East Midlands Green Party,West Lindsey Green Party,Market Rasen,
East Midlands Green Party,West Lindsey Green Party,Nettleham,
East Midlands Green Party,West Lindsey Green Party,Saxilby,
East Midlands Green Party,West Lindsey Green Party,Scampton,
East Midlands Green Party,West Lindsey Green Party,Scotter and Blyton,
East Midlands Green Party,West Lindsey Green Party,Stow,
East Midlands Green Party,West Lindsey Green Party,Sudbrooke,
East Midlands Green Party,West Lindsey Green Party,Torksey,
East Midlands Green Party,West Lindsey Green Party,Waddingham and Spital,
East Midlands Green Party,West Lindsey Green Party,Wold View,
East Midlands Green Party,Northamptonshire Green Party,Avondale Grange,
East Midlands Green Party,Northamptonshire Green Party,Barton Seagrave and Burton Latimer,
East Midlands Green Party,Northamptonshire Green Party,Brickhill and Queensway,
East Midlands Green Party,Northamptonshire Green Party,Corby West,
East Midlands Green Party,Northamptonshire Green Party,Croyland and Swanspool,
East Midlands Green Party,Northamptonshire Green Party,Desborough,
East Midlands Green Party,Northamptonshire Green Party,Earls Barton,
East Midlands Green Party,Northamptonshire Green Party,Finedon,
East Midlands Green Party,Northamptonshire Green Party,Geddington and Stanion,
East Midlands Green Party,Northamptonshire Green Party,Gretton and Weldon,
East Midlands Green Party,Northamptonshire Green Party,Hatton Park,
East Midlands Green Party,Northamptonshire Green Party,Higham Ferrers,
East Midlands Green Party,Northamptonshire Green Party,Irchester,
East Midlands Green Party,Northamptonshire Green Party,Irthlingborough,
East Midlands Green Party,Northamptonshire Green Party,Ise,
East Midlands Green Party,Northamptonshire Green Party,Kettering Central,
East Midlands Green Party,Northamptonshire Green Party,Kettering North,
East Midlands Green Party,Northamptonshire Green Party,Kingswood,
East Midlands Green Party,Northamptonshire Green Party,Lloyds and Corby Village,
East Midlands Green Party,Northamptonshire Green Party,Oakley,
East Midlands Green Party,Northamptonshire Green Party,Oundle,
East Midlands Green Party,Northamptonshire Green Party,Pemberton,
East Midlands Green Party,Northamptonshire Green Party,Pipers Hill,
East Midlands Green Party,Northamptonshire Green Party,Raunds,
East Midlands Green Party,Northamptonshire Green Party,Rothwell and Mawsley,
East Midlands Green Party,Northamptonshire Green Party,Rushden Lakes,
East Midlands Green Party,Northamptonshire Green Party,Rushden South,
East Midlands Green Party,Northamptonshire Green Party,St Michael,
East Midlands Green Party,Northamptonshire Green Party,St Peter,
East Midlands Green Party,Northamptonshire Green Party,Thrapston,
East Midlands Green Party,Northamptonshire Green Party,Victoria,
East Midlands Green Party,Northamptonshire Green Party,Abington and Phippsville,
East Midlands Green Party,Northamptonshire Green Party,Billing,
East Midlands Green Party,Northamptonshire Green Party,Blackthorn and Rectory Farm,
East Midlands Green Party,Northamptonshire Green Party,Brackley,
East Midlands Green Party,Northamptonshire Green Party,Braunston and Crick,
East Midlands Green Party,Northamptonshire Green Party,Brixworth,
East Midlands Green Party,Northamptonshire Green Party,Campion,
East Midlands Green Party,Northamptonshire Green Party,Castle,
East Midlands Green Party,Northamptonshire Green Party,Cogenhoe and The Houghtons,
East Midlands Green Party,Northamptonshire Green Party,Dallington Spencer,
East Midlands Green Party,Northamptonshire Green Party,Daventry North East,
East Midlands Green Party,Northamptonshire Green Party,Daventry North West,
East Midlands Green Party,Northamptonshire Green Party,Daventry South,
East Midlands Green Party,Northamptonshire Green Party,Deanshanger and Paulerspury,
East Midlands Green Party,Northamptonshire Green Party,Duston,
East Midlands Green Party,Northamptonshire Green Party,"Far Cotton, Delapre and Briar Hill",
East Midlands Green Party,Northamptonshire Green Party,Hackleton and Roade,
East Midlands Green Party,Northamptonshire Green Party,Headlands,
East Midlands Green Party,Northamptonshire Green Party,Hunsbury,
East Midlands Green Party,Northamptonshire Green Party,Kingsley and Semilong,
East Midlands Green Party,Northamptonshire Green Party,Kingsthorpe North,
East Midlands Green Party,Northamptonshire Green Party,Kingsthorpe South,
East Midlands Green Party,Northamptonshire Green Party,Long Buckby,
East Midlands Green Party,Northamptonshire Green Party,Middleton Cheney,
East Midlands Green Party,Northamptonshire Green Party,Moulton,
East Midlands Green Party,Northamptonshire Green Party,Naseby,
East Midlands Green Party,Northamptonshire Green Party,Nene Valley,
East Midlands Green Party,Northamptonshire Green Party,Parklands,
East Midlands Green Party,Northamptonshire Green Party,Rural North East,
East Midlands Green Party,Northamptonshire Green Party,Rural South Northamptonshire,
East Midlands Green Party,Northamptonshire Green Party,Talavera,
East Midlands Green Party,Northamptonshire Green Party,Towcester,
East Midlands Green Party,Northamptonshire Green Party,Upton,
East Midlands Green Party,Northamptonshire Green Party,Weston Favell and Abington Vale,
East Midlands Green Party,Northamptonshire Green Party,Woodford and Weedon,
East Midlands Green Party,Ashfield Green Party,Abbey Hill,
East Midlands Green Party,Ashfield Green Party,Annesley and Kirkby Woodhouse,
East Midlands Green Party,Ashfield Green Party,Ashfields,
East Midlands Green Party,Ashfield Green Party,Carsic,
East Midlands Green Party,Ashfield Green Party,Greenwood and Summit,
East Midlands Green Party,Ashfield Green Party,Hucknall Central,
East Midlands Green Party,Ashfield Green Party,Hucknall North,
East Midlands Green Party,Ashfield Green Party,Hucknall South,
East Midlands Green Party,Ashfield Green Party,Hucknall West,
East Midlands Green Party,Ashfield Green Party,Huthwaite and Brierley,
East Midlands Green Party,Ashfield Green Party,Jacksdale and Westwood,
East Midlands Green Party,Ashfield Green Party,Kingsway,
East Midlands Green Party,Ashfield Green Party,Kirkby Cross and Portland,
East Midlands Green Party,Ashfield Green Party,Larwood,
East Midlands Green Party,Ashfield Green Party,Leamington,
East Midlands Green Party,Ashfield Green Party,Selston,
East Midlands Green Party,Ashfield Green Party,Skegby,
East Midlands Green Party,Ashfield Green Party,Stanton Hill and Teversal,
East Midlands Green Party,Ashfield Green Party,Sutton Central and New Cross,
East Midlands Green Party,Ashfield Green Party,Sutton Junction and Harlow Wood,
East Midlands Green Party,Ashfield Green Party,Sutton St Mary's,
East Midlands Green Party,Ashfield Green Party,The Dales,
East Midlands Green Party,Ashfield Green Party,Underwood,
East Midlands Green Party,Bassetlaw Green Party,Beckingham,
East Midlands Green Party,Bassetlaw Green Party,Blyth,
East Midlands Green Party,Bassetlaw Green Party,Carlton,
East Midlands Green Party,Bassetlaw Green Party,Clayworth,
East Midlands Green Party,Bassetlaw Green Party,East Markham,
East Midlands Green Party,Bassetlaw Green Party,East Retford East,
East Midlands Green Party,Bassetlaw Green Party,East Retford North,
East Midlands Green Party,Bassetlaw Green Party,East Retford South,
East Midlands Green Party,Bassetlaw Green Party,East Retford West,
East Midlands Green Party,Bassetlaw Green Party,Everton,
East Midlands Green Party,Bassetlaw Green Party,Harworth,
East Midlands Green Party,Bassetlaw Green Party,Langold,
East Midlands Green Party,Bassetlaw Green Party,Misterton,
East Midlands Green Party,Bassetlaw Green Party,Rampton,
East Midlands Green Party,Bassetlaw Green Party,Ranskill,
East Midlands Green Party,Bassetlaw Green Party,Sturton,
East Midlands Green Party,Bassetlaw Green Party,Sutton,
East Midlands Green Party,Broxtowe Green Party,Attenborough and Chilwell East,
East Midlands Green Party,Broxtowe Green Party,"Awsworth, Cossall and Trowell",
East Midlands Green Party,Broxtowe Green Party,Beeston Central,
East Midlands Green Party,Broxtowe Green Party,Beeston North,
East Midlands Green Party,Broxtowe Green Party,Beeston Rylands,
East Midlands Green Party,Broxtowe Green Party,Beeston West,
East Midlands Green Party,Broxtowe Green Party,Bramcote,
East Midlands Green Party,Broxtowe Green Party,Brinsley,
East Midlands Green Party,Broxtowe Green Party,Chilwell West,
East Midlands Green Party,Broxtowe Green Party,Eastwood Hall,
East Midlands Green Party,Broxtowe Green Party,Eastwood Hilltop,
East Midlands Green Party,Broxtowe Green Party,Eastwood St Mary's,
East Midlands Green Party,Broxtowe Green Party,Greasley,
East Midlands Green Party,Broxtowe Green Party,Kimberley,
East Midlands Green Party,Broxtowe Green Party,Nuthall East and Strelley,
East Midlands Green Party,Broxtowe Green Party,Stapleford North,
East Midlands Green Party,Broxtowe Green Party,Stapleford South East,
East Midlands Green Party,Broxtowe Green Party,Stapleford South West,
East Midlands Green Party,Broxtowe Green Party,Toton and Chilwell Meadows,
East Midlands Green Party,Broxtowe Green Party,Watnall and Nuthall West,
East Midlands Green Party,Newark & Sherwood Green Party,Balderton North and Coddington,
East Midlands Green Party,Newark & Sherwood Green Party,Balderton South,
East Midlands Green Party,Newark & Sherwood Green Party,Beacon,
East Midlands Green Party,Newark & Sherwood Green Party,Bilsthorpe,
East Midlands Green Party,Newark & Sherwood Green Party,Boughton,
East Midlands Green Party,Newark & Sherwood Green Party,Bridge,
East Midlands Green Party,Newark & Sherwood Green Party,Castle,
East Midlands Green Party,Newark & Sherwood Green Party,Collingham,
East Midlands Green Party,Newark & Sherwood Green Party,Devon,
East Midlands Green Party,Newark & Sherwood Green Party,Dover Beck,
East Midlands Green Party,Newark & Sherwood Green Party,Edwinstowe and Clipstone,
East Midlands Green Party,Newark & Sherwood Green Party,Farndon and Fernwood,
East Midlands Green Party,Newark & Sherwood Green Party,Farnsfield,
East Midlands Green Party,Newark & Sherwood Green Party,Lowdham,
East Midlands Green Party,Newark & Sherwood Green Party,Muskham,
East Midlands Green Party,Newark & Sherwood Green Party,Ollerton,
East Midlands Green Party,Newark & Sherwood Green Party,Rainworth North and Rufford,
East Midlands Green Party,Newark & Sherwood Green Party,Rainworth South and Blidworth,
East Midlands Green Party,Newark & Sherwood Green Party,Southwell,
East Midlands Green Party,Newark & Sherwood Green Party,Sutton-on-Trent,
East Midlands Green Party,Newark & Sherwood Green Party,Trent,
East Midlands Green Party,Nottingham Green Party,Bestwood St Albans,
East Midlands Green Party,Nottingham Green Party,Calverton,
East Midlands Green Party,Nottingham Green Party,Carlton,
East Midlands Green Party,Nottingham Green Party,Carlton Hill,
East Midlands Green Party,Nottingham Green Party,Cavendish,
East Midlands Green Party,Nottingham Green Party,Colwick,
East Midlands Green Party,Nottingham Green Party,Coppice,
East Midlands Green Party,Nottingham Green Party,Daybrook,
East Midlands Green Party,Nottingham Green Party,Dumbles,
East Midlands Green Party,Nottingham Green Party,Ernehale,
East Midlands Green Party,Nottingham Green Party,Gedling,
East Midlands Green Party,Nottingham Green Party,Netherfield,
East Midlands Green Party,Nottingham Green Party,Newstead Abbey,
East Midlands Green Party,Nottingham Green Party,Phoenix,
East Midlands Green Party,Nottingham Green Party,Plains,
East Midlands Green Party,Nottingham Green Party,Porchester,
East Midlands Green Party,Nottingham Green Party,Redhill,
East Midlands Green Party,Nottingham Green Party,Trent Valley,
East Midlands Green Party,Nottingham Green Party,Woodthorpe,
East Midlands Green Party,Nottingham Green Party,Abbey,
East Midlands Green Party,Nottingham Green Party,Bingham North,
East Midlands Green Party,Nottingham Green Party,Bingham South,
East Midlands Green Party,Nottingham Green Party,Bunny,
East Midlands Green Party,Nottingham Green Party,Compton Acres,
East Midlands Green Party,Nottingham Green Party,Cotgrave,
East Midlands Green Party,Nottingham Green Party,Cranmer,
East Midlands Green Party,Nottingham Green Party,Cropwell,
East Midlands Green Party,Nottingham Green Party,East Bridgford,
East Midlands Green Party,Nottingham Green Party,Edwalton,
East Midlands Green Party,Nottingham Green Party,Gamston,
East Midlands Green Party,Nottingham Green Party,Gotham,
East Midlands Green Party,Nottingham Green Party,Keyworth and Wolds,
East Midlands Green Party,Nottingham Green Party,Lady Bay,
East Midlands Green Party,Nottingham Green Party,Leake,
East Midlands Green Party,Nottingham Green Party,Lutterell,
East Midlands Green Party,Nottingham Green Party,Musters,
East Midlands Green Party,Nottingham Green Party,Nevile and Langar,
East Midlands Green Party,Nottingham Green Party,Newton,
East Midlands Green Party,Nottingham Green Party,Radcliffe on Trent,
East Midlands Green Party,Nottingham Green Party,Ruddington,
East Midlands Green Party,Nottingham Green Party,Soar Valley,
East Midlands Green Party,Nottingham Green Party,Tollerton,
East Midlands Green Party,Nottingham Green Party,Trent Bridge,
East Midlands Green Party,Nottingham Green Party,Aspley,
East Midlands Green Party,Nottingham Green Party,Basford,
East Midlands Green Party,Nottingham Green Party,Berridge,
East Midlands Green Party,Nottingham Green Party,Bestwood,
East Midlands Green Party,Nottingham Green Party,Bilborough,
East Midlands Green Party,Nottingham Green Party,Bulwell,
East Midlands Green Party,Nottingham Green Party,Bulwell Forest,
East Midlands Green Party,Nottingham Green Party,Castle,
East Midlands Green Party,Nottingham Green Party,Clifton East,
East Midlands Green Party,Nottingham Green Party,Clifton West,
East Midlands Green Party,Nottingham Green Party,Dales,
East Midlands Green Party,Nottingham Green Party,Hyson Green and Arboretum,
East Midlands Green Party,Nottingham Green Party,Leen Valley,
East Midlands Green Party,Nottingham Green Party,Lenton and Wollaton East,
East Midlands Green Party,Nottingham Green Party,Mapperley,
East Midlands Green Party,Nottingham Green Party,Meadows,
East Midlands Green Party,Nottingham Green Party,Radford,
East Midlands Green Party,Nottingham Green Party,Sherwood,
East Midlands Green Party,Nottingham Green Party,St. Ann's,
East Midlands Green Party,Nottingham Green Party,Wollaton West,
East Midlands Green Party,Mansfield Green Party,Bancroft,
East Midlands Green Party,Mansfield Green Party,Berry Hill,
East Midlands Green Party,Mansfield Green Party,Brick Kiln,
East Midlands Green Party,Mansfield Green Party,Carr Bank,
East Midlands Green Party,Mansfield Green Party,Central,
East Midlands Green Party,Mansfield Green Party,Eakring,
East Midlands Green Party,Mansfield Green Party,Grange Farm,
East Midlands Green Party,Mansfield Green Party,Holly Forest Town,
East Midlands Green Party,Mansfield Green Party,Hornby,
East Midlands Green Party,Mansfield Green Party,Kings Walk,
East Midlands Green Party,Mansfield Green Party,Kingsway Forest Town,
East Midlands Green Party,Mansfield Green Party,Lindhurst,
East Midlands Green Party,Mansfield Green Party,Ling Forest,
East Midlands Green Party,Mansfield Green Party,Manor,
East Midlands Green Party,Mansfield Green Party,Market Warsop,
East Midlands Green Party,Mansfield Green Party,Maun Valley Forest Town,
East Midlands Green Party,Mansfield Green Party,Meden,
East Midlands Green Party,Mansfield Green Party,Mill Lane,
East Midlands Green Party,Mansfield Green Party,Netherfield,
East Midlands Green Party,Mansfield Green Party,Newlands Forest Town,
East Midlands Green Party,Mansfield Green Party,Oak Tree,
East Midlands Green Party,Mansfield Green Party,Oakham,
East Midlands Green Party,Mansfield Green Party,Park Hall,
East Midlands Green Party,Mansfield Green Party,Penniment,
East Midlands Green Party,Mansfield Green Party,Pleasley,
East Midlands Green Party,Mansfield Green Party,Racecourse,
East Midlands Green Party,Mansfield Green Party,Rock Hill,
East Midlands Green Party,Mansfield Green Party,Rufford,
East Midlands Green Party,Mansfield Green Party,Sherwood,
East Midlands Green Party,Mansfield Green Party,Southwell,
East Midlands Green Party,Mansfield Green Party,Thompsons,
East Midlands Green Party,Mansfield Green Party,Vale,
East Midlands Green Party,Mansfield Green Party,Wainwright,
East Midlands Green Party,Mansfield Green Party,Warsop Carrs,
East Midlands Green Party,Mansfield Green Party,West Bank,
East Midlands Green Party,Mansfield Green Party,Yeoman Hill,
Eastern Green Party,Bedford,Biddenham,
Eastern Green Party,Bedford,Brickhill,
Eastern Green Party,Bedford,Bromham,
Eastern Green Party,Bedford,Castle and Newnham,
Eastern Green Party,Bedford,Cauldwell,
Eastern Green Party,Bedford,Clapham and Oakley,
Eastern Green Party,Bedford,De Parys,
Eastern Green Party,Bedford,Goldington,
Eastern Green Party,Bedford,Great Barford,
Eastern Green Party,Bedford,Great Denham,
Eastern Green Party,Bedford,Greyfriars,
Eastern Green Party,Bedford,Harpur,
Eastern Green Party,Bedford,Harrold,
Eastern Green Party,Bedford,Kempston Central and East,
Eastern Green Party,Bedford,Kempston North,
Eastern Green Party,Bedford,Kempston South,
Eastern Green Party,Bedford,Kempston West,
Eastern Green Party,Bedford,Kingsbrook,
Eastern Green Party,Bedford,Putnoe,
Eastern Green Party,Bedford,Queens Park,
Eastern Green Party,Bedford,Renhold and Ravensden,
Eastern Green Party,Bedford,Riseley,
Eastern Green Party,Bedford,Riverfield,
Eastern Green Party,Bedford,Sharnbrook,
Eastern Green Party,Bedford,Shortstown,
Eastern Green Party,Bedford,Wixams and Wilstead,
Eastern Green Party,Bedford,Wootton and Kempston Rural,
Eastern Green Party,Bedford,Wyboston,
Eastern Green Party,Central Bedfordshire,Ampthill,
Eastern Green Party,Central Bedfordshire,Arlesey and Fairfield,
Eastern Green Party,Central Bedfordshire,Aspley and Woburn,
Eastern Green Party,Central Bedfordshire,Barton-le-Clay and Silsoe,
Eastern Green Party,Central Bedfordshire,Biggleswade East,
Eastern Green Party,Central Bedfordshire,Biggleswade West,
Eastern Green Party,Central Bedfordshire,Caddington,
Eastern Green Party,Central Bedfordshire,Clifton Henlow and Langford,
Eastern Green Party,Central Bedfordshire,Cranfield and Marston Moretaine,
Eastern Green Party,Central Bedfordshire,Dunstable Central,
Eastern Green Party,Central Bedfordshire,Dunstable East,
Eastern Green Party,Central Bedfordshire,Dunstable North,
Eastern Green Party,Central Bedfordshire,Dunstable South,
Eastern Green Party,Central Bedfordshire,Dunstable West,
Eastern Green Party,Central Bedfordshire,Eaton Bray,
Eastern Green Party,Central Bedfordshire,Flitwick,
Eastern Green Party,Central Bedfordshire,Heath and Reach,
Eastern Green Party,Central Bedfordshire,Houghton Conquest and Haynes,
Eastern Green Party,Central Bedfordshire,Houghton Regis East,
Eastern Green Party,Central Bedfordshire,Houghton Regis West,
Eastern Green Party,Central Bedfordshire,Leighton Linslade North,
Eastern Green Party,Central Bedfordshire,Leighton Linslade South,
Eastern Green Party,Central Bedfordshire,Leighton Linslade West,
Eastern Green Party,Central Bedfordshire,Meppershall and Shillington,
Eastern Green Party,Central Bedfordshire,Northill,
Eastern Green Party,Central Bedfordshire,Potton,
Eastern Green Party,Central Bedfordshire,Sandy,
Eastern Green Party,Central Bedfordshire,Shefford,
Eastern Green Party,Central Bedfordshire,Stotfold,
Eastern Green Party,Central Bedfordshire,Toddington,
Eastern Green Party,Central Bedfordshire,Westoning Flitton and Greenfield,
Eastern Green Party,Luton,Barnfield,
Eastern Green Party,Luton,Beech Hill,
Eastern Green Party,Luton,Biscot,
Eastern Green Party,Luton,Bramingham,
Eastern Green Party,Luton,Central,
Eastern Green Party,Luton,Challney,
Eastern Green Party,Luton,Dallow,
Eastern Green Party,Luton,Farley,
Eastern Green Party,Luton,High Town,
Eastern Green Party,Luton,Leagrave,
Eastern Green Party,Luton,Lewsey,
Eastern Green Party,Luton,Northwell,
Eastern Green Party,Luton,Poets,
Eastern Green Party,Luton,Round Green,
Eastern Green Party,Luton,Saints,
Eastern Green Party,Luton,South,
Eastern Green Party,Luton,Stopsley,
Eastern Green Party,Luton,Sundon Park,
Eastern Green Party,Luton,Vauxhall,
Eastern Green Party,Luton,Wigmore,
Eastern Green Party,Cambridge & South Cambridgeshire,Abbey,
Eastern Green Party,Cambridge & South Cambridgeshire,Arbury,
Eastern Green Party,Cambridge & South Cambridgeshire,Castle,
Eastern Green Party,Cambridge & South Cambridgeshire,Cherry Hinton,
Eastern Green Party,Cambridge & South Cambridgeshire,Coleridge,
Eastern Green Party,Cambridge & South Cambridgeshire,East Chesterton,
Eastern Green Party,Cambridge & South Cambridgeshire,King's Hedges,
Eastern Green Party,Cambridge & South Cambridgeshire,Market,
Eastern Green Party,Cambridge & South Cambridgeshire,Newnham,
Eastern Green Party,Cambridge & South Cambridgeshire,Petersfield,
Eastern Green Party,Cambridge & South Cambridgeshire,Queen Edith's,
Eastern Green Party,Cambridge & South Cambridgeshire,Romsey,
Eastern Green Party,Cambridge & South Cambridgeshire,Trumpington,
Eastern Green Party,Cambridge & South Cambridgeshire,West Chesterton,
Eastern Green Party,East Cambridgeshire,Bottisham,
Eastern Green Party,East Cambridgeshire,Burwell,
Eastern Green Party,East Cambridgeshire,Downham Villages,
Eastern Green Party,East Cambridgeshire,Ely East,
Eastern Green Party,East Cambridgeshire,Ely North,
Eastern Green Party,East Cambridgeshire,Ely West,
Eastern Green Party,East Cambridgeshire,Fordham and Isleham,
Eastern Green Party,East Cambridgeshire,Haddenham,
Eastern Green Party,East Cambridgeshire,Littleport,
Eastern Green Party,East Cambridgeshire,Soham North,
Eastern Green Party,East Cambridgeshire,Soham South,
Eastern Green Party,East Cambridgeshire,Stretham,
Eastern Green Party,East Cambridgeshire,Sutton,
Eastern Green Party,East Cambridgeshire,Woodditton,
Eastern Green Party,Fenland,Chatteris North and Manea,
Eastern Green Party,Fenland,Chatteris South,
Eastern Green Party,Fenland,Doddington and Wimblington,
Eastern Green Party,Fenland,Elm and Christchurch,
Eastern Green Party,Fenland,Leverington and Wisbech Rural,
Eastern Green Party,Fenland,March East,
Eastern Green Party,Fenland,March North,
Eastern Green Party,Fenland,March South,
Eastern Green Party,Fenland,March West and Benwick,
Eastern Green Party,Fenland,Parson Drove and Wisbech St Mary,
Eastern Green Party,Fenland,Whittlesey East and Villages,
Eastern Green Party,Fenland,Whittlesey Lattersey,
Eastern Green Party,Fenland,Whittlesey North West,
Eastern Green Party,Fenland,Whittlesey South,
Eastern Green Party,Fenland,Wisbech North,
Eastern Green Party,Fenland,Wisbech Riverside,
Eastern Green Party,Fenland,Wisbech South,
Eastern Green Party,Fenland,Wisbech Walsoken and Waterlees,
Eastern Green Party,Huntingdonshire,Alconbury,
Eastern Green Party,Huntingdonshire,Brampton,
Eastern Green Party,Huntingdonshire,Buckden,
Eastern Green Party,Huntingdonshire,Fenstanton,
Eastern Green Party,Huntingdonshire,Godmanchester and Hemingford Abbots,
Eastern Green Party,Huntingdonshire,Great Paxton,
Eastern Green Party,Huntingdonshire,Great Staughton,
Eastern Green Party,Huntingdonshire,Hemingford Grey and Houghton,
Eastern Green Party,Huntingdonshire,Holywell-cum-Needingworth,
Eastern Green Party,Huntingdonshire,Huntingdon East,
Eastern Green Party,Huntingdonshire,Huntingdon North,
Eastern Green Party,Huntingdonshire,Kimbolton,
Eastern Green Party,Huntingdonshire,Ramsey,
Eastern Green Party,Huntingdonshire,Sawtry,
Eastern Green Party,Huntingdonshire,Somersham,
Eastern Green Party,Huntingdonshire,St Ives East,
Eastern Green Party,Huntingdonshire,St Ives South,
Eastern Green Party,Huntingdonshire,St Ives West,
Eastern Green Party,Huntingdonshire,St Neots East,
Eastern Green Party,Huntingdonshire,St Neots Eatons,
Eastern Green Party,Huntingdonshire,St Neots Priory Park and Little Paxton,
Eastern Green Party,Huntingdonshire,St Neots Eynesbury,
Eastern Green Party,Huntingdonshire,Stilton Folksworth and Washingley,
Eastern Green Party,Huntingdonshire,The Stukeleys,
Eastern Green Party,Huntingdonshire,Warboys,
Eastern Green Party,Huntingdonshire,Yaxley,
Eastern Green Party,Peterborough,Bretton,
Eastern Green Party,Peterborough,Central,
Eastern Green Party,Peterborough,Dogsthorpe,
Eastern Green Party,Peterborough,East,
Eastern Green Party,Peterborough,Eye Thorney and Newborough,
Eastern Green Party,Peterborough,Fletton and Stanground,
Eastern Green Party,Peterborough,Fletton and Woodston,
Eastern Green Party,Peterborough,Gunthorpe,
Eastern Green Party,Peterborough,Hampton Vale,
Eastern Green Party,Peterborough,Hargate and Hempsted,
Eastern Green Party,Peterborough,North,
Eastern Green Party,Peterborough,Orton Longueville,
Eastern Green Party,Peterborough,Orton Waterville,
Eastern Green Party,Peterborough,Park,
Eastern Green Party,Peterborough,Paston and Walton,
Eastern Green Party,Peterborough,Ravensthorpe,
Eastern Green Party,Peterborough,Stanground South,
Eastern Green Party,Peterborough,Werrington,
Eastern Green Party,Brentwood & Chelmsford,Blackmore and Doddinghurst,
Eastern Green Party,Brentwood & Chelmsford,Brentwood North,
Eastern Green Party,Brentwood & Chelmsford,Brentwood South,
Eastern Green Party,Brentwood & Chelmsford,Brentwood West,
Eastern Green Party,Brentwood & Chelmsford,Brizes Stondon Massey and South Weald,
Eastern Green Party,Brentwood & Chelmsford,Herongate Ingrave and West Horndon,
Eastern Green Party,Brentwood & Chelmsford,Hutton East,
Eastern Green Party,Brentwood & Chelmsford,Hutton North,
Eastern Green Party,Brentwood & Chelmsford,Hutton South,
Eastern Green Party,Brentwood & Chelmsford,Ingatestone Fryerning and Mountnessing,
Eastern Green Party,Brentwood & Chelmsford,Pilgrims Hatch,
Eastern Green Party,Brentwood & Chelmsford,Shenfield,
Eastern Green Party,Brentwood & Chelmsford,Warley,
Eastern Green Party,Colchester,Berechurch,
Eastern Green Party,Colchester,Castle,
Eastern Green Party,Colchester,Greenstead,
Eastern Green Party,Colchester,Highwoods,
Eastern Green Party,Colchester,Lexden and Braiswick,
Eastern Green Party,Colchester,Marks Tey and Layer,
Eastern Green Party,Colchester,Mersea and Pyefleet,
Eastern Green Party,Colchester,Mile End,
Eastern Green Party,Colchester,New Town and Christ Church,
Eastern Green Party,Colchester,Old Heath and The Hythe,
Eastern Green Party,Colchester,Prettygate,
Eastern Green Party,Colchester,Rural North,
Eastern Green Party,Colchester,Shrub End,
Eastern Green Party,Colchester,St Anne's and St John's,
Eastern Green Party,Colchester,Stanway,
Eastern Green Party,Colchester,Tiptree,
Eastern Green Party,Colchester,Wivenhoe,
Eastern Green Party,Epping Forest,Buckhurst Hill East and Whitebridge,
Eastern Green Party,Epping Forest,Buckhurst Hill West,
Eastern Green Party,Epping Forest,Chigwell with Lambourne,
Eastern Green Party,Epping Forest,Epping East,
Eastern Green Party,Epping Forest,Epping West and Rural,
Eastern Green Party,Epping Forest,Grange Hill,
Eastern Green Party,Epping Forest,Loughton Fairmead,
Eastern Green Party,Epping Forest,Loughton Forest,
Eastern Green Party,Epping Forest,Loughton Roding,
Eastern Green Party,Epping Forest,Loughton St John's,
Eastern Green Party,Epping Forest,North Weald Bassett,
Eastern Green Party,Epping Forest,Ongar,
Eastern Green Party,Epping Forest,Roydon and Lower Nazeing,
Eastern Green Party,Epping Forest,Rural East,
Eastern Green Party,Epping Forest,Theydon Bois with Passingford,
Eastern Green Party,Epping Forest,Waltham Abbey North,
Eastern Green Party,Epping Forest,Waltham Abbey South and Rural,
Eastern Green Party,Epping Forest,Waltham Abbey West,
Eastern Green Party,Harlow,Bush Fair,
Eastern Green Party,Harlow,Church Langley North and Newhall,
Eastern Green Party,Harlow,Church Langley South and Potter Street,
Eastern Green Party,Harlow,Great Parndon,
Eastern Green Party,Harlow,Latton Bush and Stewards,
Eastern Green Party,Harlow,Little Parndon and Town Centre,
Eastern Green Party,Harlow,Mark Hall,
Eastern Green Party,Harlow,Netteswell,
Eastern Green Party,Harlow,Old Harlow,
Eastern Green Party,Harlow,Passmores,
Eastern Green Party,Harlow,Sumners and Kingsmoor,
Eastern Green Party,Rochford District and Castle Point,Downhall and Rawreth,
Eastern Green Party,Rochford District and Castle Point,Foulness and The Wakerings,
Eastern Green Party,Rochford District and Castle Point,Hawkwell East,
Eastern Green Party,Rochford District and Castle Point,Hawkwell West,
Eastern Green Party,Rochford District and Castle Point,Hockley,
Eastern Green Party,Rochford District and Castle Point,Hockley and Ashingdon,
Eastern Green Party,Rochford District and Castle Point,Hullbridge,
Eastern Green Party,Rochford District and Castle Point,Lodge,
Eastern Green Party,Rochford District and Castle Point,Roche North and Rural,
Eastern Green Party,Rochford District and Castle Point,Roche South,
Eastern Green Party,Rochford District and Castle Point,Sweyne Park and Grange,
Eastern Green Party,Rochford District and Castle Point,Trinity,
Eastern Green Party,Rochford District and Castle Point,Wheatley,
Eastern Green Party,South East Essex,Belfairs,
Eastern Green Party,South East Essex,Blenheim Park,
Eastern Green Party,South East Essex,Chalkwell,
Eastern Green Party,South East Essex,Eastwood Park,
Eastern Green Party,South East Essex,Kursaal,
Eastern Green Party,South East Essex,Leigh,
Eastern Green Party,South East Essex,Milton,
Eastern Green Party,South East Essex,Prittlewell,
Eastern Green Party,South East Essex,Shoeburyness,
Eastern Green Party,South East Essex,Southchurch,
Eastern Green Party,South East Essex,St Laurence,
Eastern Green Party,South East Essex,St Luke's,
Eastern Green Party,South East Essex,Thorpe,
Eastern Green Party,South East Essex,Victoria,
Eastern Green Party,South East Essex,West Leigh,
Eastern Green Party,South East Essex,West Shoebury,
Eastern Green Party,South East Essex,Westborough,
Eastern Green Party,South West Essex,Billericay East,
Eastern Green Party,South West Essex,Billericay West,
Eastern Green Party,South West Essex,Burstead,
Eastern Green Party,South West Essex,Castledon and Crouch,
Eastern Green Party,South West Essex,Fryerns,
Eastern Green Party,South West Essex,Laindon Park,
Eastern Green Party,South West Essex,Langdon Hills,
Eastern Green Party,South West Essex,Lee Chapel North,
Eastern Green Party,South West Essex,Nethermayne,
Eastern Green Party,South West Essex,Pitsea North West,
Eastern Green Party,South West Essex,Pitsea South East,
Eastern Green Party,South West Essex,St Martin's,
Eastern Green Party,South West Essex,Wickford North,
Eastern Green Party,South West Essex,Wickford Park,
Eastern Green Party,Tendring,Alresford and Elmstead,
Eastern Green Party,Tendring,Ardleigh and Little Bromley,
Eastern Green Party,Tendring,Bluehouse,
Eastern Green Party,Tendring,Brightlingsea,
Eastern Green Party,Tendring,Burrsville,
Eastern Green Party,Tendring,Cann Hall,
Eastern Green Party,Tendring,Coppins,
Eastern Green Party,Tendring,Dovercourt All Saints,
Eastern Green Party,Tendring,Dovercourt Bay,
Eastern Green Party,Tendring,Dovercourt Tollgate,
Eastern Green Party,Tendring,Dovercourt Vines and Parkeston,
Eastern Green Party,Tendring,Eastcliff,
Eastern Green Party,Tendring,Frinton,
Eastern Green Party,Tendring,Harwich and Kingsway,
Eastern Green Party,Tendring,Homelands,
Eastern Green Party,Tendring,Kirby Cross,
Eastern Green Party,Tendring,Kirby-le-Soken and Hamford,
Eastern Green Party,Tendring,Lawford Manningtree and Mistley,
Eastern Green Party,Tendring,Little Clacton,
Eastern Green Party,Tendring,Pier,
Eastern Green Party,Tendring,St Bartholomew's,
Eastern Green Party,Tendring,St James,
Eastern Green Party,Tendring,St John's,
Eastern Green Party,Tendring,St Osyth,
Eastern Green Party,Tendring,St Paul's,
Eastern Green Party,Tendring,Stour Valley,
Eastern Green Party,Tendring,The Bentleys and Frating,
Eastern Green Party,Tendring,The Oakleys and Wix,
Eastern Green Party,Tendring,Thorpe Beaumont and Great Holland,
Eastern Green Party,Tendring,Walton,
Eastern Green Party,Tendring,Weeley and Tendring,
Eastern Green Party,Tendring,West Clacton and Jaywick Sands,
Eastern Green Party,Uttlesford,Ashdon,
Eastern Green Party,Uttlesford,Broad Oak and the Hallingburys,
Eastern Green Party,Uttlesford,Clavering,
Eastern Green Party,Uttlesford,Debden and Wimbish,
Eastern Green Party,Uttlesford,Elsenham and Henham,
Eastern Green Party,Uttlesford,Felsted and Stebbing,
Eastern Green Party,Uttlesford,Flitch Green and Little Dunmow,
Eastern Green Party,Uttlesford,Great Dunmow North,
Eastern Green Party,Uttlesford,Great Dunmow South and Barnston,
Eastern Green Party,Uttlesford,Hatfield Heath,
Eastern Green Party,Uttlesford,High Easter and the Rodings,
Eastern Green Party,Uttlesford,Littlebury Chesterford and Wenden Lofts,
Eastern Green Party,Uttlesford,Newport,
Eastern Green Party,Uttlesford,Saffron Walden Audley,
Eastern Green Party,Uttlesford,Saffron Walden Castle,
Eastern Green Party,Uttlesford,Saffron Walden Shire,
Eastern Green Party,Uttlesford,Stansted North,
Eastern Green Party,Uttlesford,Stansted South and Birchanger,
Eastern Green Party,Uttlesford,Stort Valley,
Eastern Green Party,Uttlesford,Takeley,
Eastern Green Party,Uttlesford,Thaxted and the Eastons,
Eastern Green Party,Uttlesford,The Sampfords,
Eastern Green Party,Witham & Braintree,Bocking Blackwater,
Eastern Green Party,Witham & Braintree,Bocking North,
Eastern Green Party,Witham & Braintree,Bocking South,
Eastern Green Party,Witham & Braintree,Braintree Central and Beckers Green,
Eastern Green Party,Witham & Braintree,Braintree South,
Eastern Green Party,Witham & Braintree,Braintree West,
Eastern Green Party,Witham & Braintree,Bumpstead,
Eastern Green Party,Witham & Braintree,Coggeshall,
Eastern Green Party,Witham & Braintree,Gosfield and Greenstead Green,
Eastern Green Party,Witham & Braintree,Great Notley and Black Notley,
Eastern Green Party,Witham & Braintree,Halstead St Andrew's,
Eastern Green Party,Witham & Braintree,Halstead Trinity,
Eastern Green Party,Witham & Braintree,Hatfield Peverel and Terling,
Eastern Green Party,Witham & Braintree,Hedingham,
Eastern Green Party,Witham & Braintree,Kelvedon and Feering,
Eastern Green Party,Witham & Braintree,Rayne,
Eastern Green Party,Witham & Braintree,Silver End and Cressing,
Eastern Green Party,Witham & Braintree,Stour Valley North,
Eastern Green Party,Witham & Braintree,Stour Valley South,
Eastern Green Party,Witham & Braintree,The Colnes,
Eastern Green Party,Witham & Braintree,Three Fields,
Eastern Green Party,Witham & Braintree,Witham Central,
Eastern Green Party,Witham & Braintree,Witham North,
Eastern Green Party,Witham & Braintree,Witham South,
Eastern Green Party,Witham & Braintree,Witham West,
Eastern Green Party,Witham & Braintree,Yeldham,
Eastern Green Party,Broxborne,Broxbourne and Hoddesdon South,
Eastern Green Party,Broxborne,Cheshunt North,
Eastern Green Party,Broxborne,Cheshunt South and Theobalds,
Eastern Green Party,Broxborne,Flamstead End,
Eastern Green Party,Broxborne,Goffs Oak,
Eastern Green Party,Broxborne,Hoddesdon North,
Eastern Green Party,Broxborne,Hoddesdon Town and Rye Park,
Eastern Green Party,Broxborne,Rosedale and Bury Green,
Eastern Green Party,Broxborne,Waltham Cross,
Eastern Green Party,Broxborne,Wormley and Turnford,
Eastern Green Party,Dacorum,Adeyfield East,
Eastern Green Party,Dacorum,Adeyfield West,
Eastern Green Party,Dacorum,Aldbury and Wigginton,
Eastern Green Party,Dacorum,Apsley and Corner Hall,
Eastern Green Party,Dacorum,Ashridge,
Eastern Green Party,Dacorum,Bennetts End,
Eastern Green Party,Dacorum,Berkhamsted Castle,
Eastern Green Party,Dacorum,Berkhamsted East,
Eastern Green Party,Dacorum,Berkhamsted West,
Eastern Green Party,Dacorum,Bovingdon Flaunden and Chipperfield,
Eastern Green Party,Dacorum,Boxmoor,
Eastern Green Party,Dacorum,Chaulden and Warners End,
Eastern Green Party,Dacorum,Gadebridge,
Eastern Green Party,Dacorum,Grovehill,
Eastern Green Party,Dacorum,Hemel Hempstead Town,
Eastern Green Party,Dacorum,Highfield,
Eastern Green Party,Dacorum,Kings Langley,
Eastern Green Party,Dacorum,Leverstock Green,
Eastern Green Party,Dacorum,Nash Mills,
Eastern Green Party,Dacorum,Northchurch,
Eastern Green Party,Dacorum,Tring Central,
Eastern Green Party,Dacorum,Tring East,
Eastern Green Party,Dacorum,Tring West and Rural,
Eastern Green Party,Dacorum,Watling,
Eastern Green Party,Dacorum,Woodhall Farm,
Eastern Green Party,East Herts,Aston Datchworth and Walkern,
Eastern Green Party,East Herts,Bishop's Stortford All Saints,
Eastern Green Party,East Herts,Bishop's Stortford Central,
Eastern Green Party,East Herts,Bishop's Stortford North,
Eastern Green Party,East Herts,Bishop's Stortford Parsonage,
Eastern Green Party,East Herts,Bishop's Stortford South,
Eastern Green Party,East Herts,Bishop's Stortford Thorley Manor,
Eastern Green Party,East Herts,Braughing and Standon,
Eastern Green Party,East Herts,Buntingford,
Eastern Green Party,East Herts,Great Amwell and Stansteads,
Eastern Green Party,East Herts,Hertford Bengeo,
Eastern Green Party,East Herts,Hertford Castle,
Eastern Green Party,East Herts,Hertford Heath and Brickendon,
Eastern Green Party,East Herts,Hertford Kingsmead,
Eastern Green Party,East Herts,Hertford Rural,
Eastern Green Party,East Herts,Hertford Sele,
Eastern Green Party,East Herts,Hunsdon,
Eastern Green Party,East Herts,Little Hadham and The Pelhams,
Eastern Green Party,East Herts,Much Hadham,
Eastern Green Party,East Herts,Sawbridgeworth,
Eastern Green Party,East Herts,The Mundens,
Eastern Green Party,East Herts,Ware Priory,
Eastern Green Party,East Herts,Ware Rural,
Eastern Green Party,East Herts,Ware St Mary's,
Eastern Green Party,East Herts,Ware Trinity,
Eastern Green Party,East Herts,Watton-at-Stone,
Eastern Green Party,Hertsmere,Aldenham East,
Eastern Green Party,Hertsmere,Aldenham West,
Eastern Green Party,Hertsmere,Bentley Heath and The Royds,
Eastern Green Party,Hertsmere,Borehamwood Brookmeadow,
Eastern Green Party,Hertsmere,Borehamwood Cowley Hill,
Eastern Green Party,Hertsmere,Borehamwood Hillside,
Eastern Green Party,Hertsmere,Borehamwood Kenilworth,
Eastern Green Party,Hertsmere,Bushey Heath,
Eastern Green Party,Hertsmere,Bushey North,
Eastern Green Party,Hertsmere,Bushey Park,
Eastern Green Party,Hertsmere,Bushey St James,
Eastern Green Party,Hertsmere,Elstree,
Eastern Green Party,Hertsmere,Potters Bar Furzefield,
Eastern Green Party,Hertsmere,Potters Bar Oakmere,
Eastern Green Party,Hertsmere,Potters Bar Parkfield,
Eastern Green Party,Hertsmere,Shenley,
Eastern Green Party,North Herts & Stevenage,Arbury,
Eastern Green Party,North Herts & Stevenage,Baldock East,
Eastern Green Party,North Herts & Stevenage,Baldock West,
Eastern Green Party,North Herts & Stevenage,Cadwell,
Eastern Green Party,North Herts & Stevenage,Codicote and Kimpton,
Eastern Green Party,North Herts & Stevenage,Ermine,
Eastern Green Party,North Herts & Stevenage,Graveley St Ippolyts and Wymondley,
Eastern Green Party,North Herts & Stevenage,Great Ashby,
Eastern Green Party,North Herts & Stevenage,Hitchin Bearton,
Eastern Green Party,North Herts & Stevenage,Hitchin Highbury,
Eastern Green Party,North Herts & Stevenage,Hitchin Oughton,
Eastern Green Party,North Herts & Stevenage,Hitchin Priory,
Eastern Green Party,North Herts & Stevenage,Hitchin Walsworth,
Eastern Green Party,North Herts & Stevenage,Hitchwood,
Eastern Green Party,North Herts & Stevenage,Knebworth,
Eastern Green Party,North Herts & Stevenage,Letchworth Grange,
Eastern Green Party,North Herts & Stevenage,Letchworth Norton,
Eastern Green Party,North Herts & Stevenage,Letchworth South East,
Eastern Green Party,North Herts & Stevenage,Letchworth South West,
Eastern Green Party,North Herts & Stevenage,Letchworth Wilbury,
Eastern Green Party,North Herts & Stevenage,Offa,
Eastern Green Party,North Herts & Stevenage,Royston Heath,
Eastern Green Party,North Herts & Stevenage,Royston Meridian,
Eastern Green Party,North Herts & Stevenage,Royston Palace,
Eastern Green Party,North Herts & Stevenage,Weston and Sandon,
Eastern Green Party,St. Albans,Batchwood,
Eastern Green Party,St. Albans,Bernards Heath,
Eastern Green Party,St. Albans,Clarence,
Eastern Green Party,St. Albans,Colney Heath,
Eastern Green Party,St. Albans,Cunningham,
Eastern Green Party,St. Albans,Harpenden East,
Eastern Green Party,St. Albans,Harpenden North and Rural,
Eastern Green Party,St. Albans,Harpenden South,
Eastern Green Party,St. Albans,Harpenden West,
Eastern Green Party,St. Albans,Hill End,
Eastern Green Party,St. Albans,London Colney,
Eastern Green Party,St. Albans,Marshalswick East and Jersey Farm,
Eastern Green Party,St. Albans,Marshalswick West,
Eastern Green Party,St. Albans,Park Street,
Eastern Green Party,St. Albans,Redbourn,
Eastern Green Party,St. Albans,Sandridge and Wheathampstead,
Eastern Green Party,St. Albans,Sopwell,
Eastern Green Party,St. Albans,St Peters,
Eastern Green Party,St. Albans,St Stephen,
Eastern Green Party,St. Albans,Verulam,
Eastern Green Party,Three Rivers,Abbots Langley and Bedmond,
Eastern Green Party,Three Rivers,Carpenders Park,
Eastern Green Party,Three Rivers,Chorleywood North and Sarratt,
Eastern Green Party,Three Rivers,Chorleywood South and Maple Cross,
Eastern Green Party,Three Rivers,Dickinsons,
Eastern Green Party,Three Rivers,Durrants,
Eastern Green Party,Three Rivers,Gade Valley,
Eastern Green Party,Three Rivers,Leavesden,
Eastern Green Party,Three Rivers,Moor Park and Eastbury,
Eastern Green Party,Three Rivers,Oxhey Hall and Hayling,
Eastern Green Party,Three Rivers,Penn and Mill End,
Eastern Green Party,Three Rivers,Rickmansworth Town,
Eastern Green Party,Three Rivers,South Oxhey,
Eastern Green Party,Watford,Callowland,
Eastern Green Party,Watford,Central,
Eastern Green Party,Watford,Holywell,
Eastern Green Party,Watford,Leggatts,
Eastern Green Party,Watford,Meriden,
Eastern Green Party,Watford,Nascot,
Eastern Green Party,Watford,Oxhey,
Eastern Green Party,Watford,Park,
Eastern Green Party,Watford,Stanborough,
Eastern Green Party,Watford,Tudor,
Eastern Green Party,Watford,Vicarage,
Eastern Green Party,Watford,Woodside,
Eastern Green Party,Welwyn Hatfield,Brookmans Park and Little Heath,
Eastern Green Party,Welwyn Hatfield,Haldens,
Eastern Green Party,Welwyn Hatfield,Handside,
Eastern Green Party,Welwyn Hatfield,Hatfield Central,
Eastern Green Party,Welwyn Hatfield,Hatfield East,
Eastern Green Party,Welwyn Hatfield,Hatfield South West,
Eastern Green Party,Welwyn Hatfield,Hatfield Villages,
Eastern Green Party,Welwyn Hatfield,Hollybush,
Eastern Green Party,Welwyn Hatfield,Howlands,
Eastern Green Party,Welwyn Hatfield,Northaw and Cuffley,
Eastern Green Party,Welwyn Hatfield,Panshanger,
Eastern Green Party,Welwyn Hatfield,Peartree,
Eastern Green Party,Welwyn Hatfield,Sherrards,
Eastern Green Party,Welwyn Hatfield,Welham Green and Hatfield South,
Eastern Green Party,Welwyn Hatfield,Welwyn East,
Eastern Green Party,Welwyn Hatfield,Welwyn West,
Eastern Green Party,Babergh,Assington,
Eastern Green Party,Babergh,Box Vale,
Eastern Green Party,Babergh,Brantham,
Eastern Green Party,Babergh,Brett Vale,
Eastern Green Party,Babergh,Bures St Mary and Nayland,
Eastern Green Party,Babergh,Capel St Mary,
Eastern Green Party,Babergh,Chadacre,
Eastern Green Party,Babergh,Copdock and Washbrook,
Eastern Green Party,Babergh,East Bergholt,
Eastern Green Party,Babergh,Ganges,
Eastern Green Party,Babergh,Great Cornard,
Eastern Green Party,Babergh,Hadleigh North,
Eastern Green Party,Babergh,Hadleigh South,
Eastern Green Party,Babergh,Lavenham,
Eastern Green Party,Babergh,Long Melford,
Eastern Green Party,Babergh,North West Cosford,
Eastern Green Party,Babergh,Orwell,
Eastern Green Party,Babergh,South East Cosford,
Eastern Green Party,Babergh,Sproughton and Pinewood,
Eastern Green Party,Babergh,Stour,
Eastern Green Party,Babergh,Sudbury North East,
Eastern Green Party,Babergh,Sudbury North West,
Eastern Green Party,Babergh,Sudbury South East,
Eastern Green Party,Babergh,Sudbury South West,
Eastern Green Party,East Suffolk Green Party,Aldeburgh and Leiston,
Eastern Green Party,East Suffolk Green Party,Beccles and Worlingham,
Eastern Green Party,East Suffolk Green Party,Bungay and Wainford,
Eastern Green Party,East Suffolk Green Party,Carlford and Fynn Valley,
Eastern Green Party,East Suffolk Green Party,Carlton and Whitton,
Eastern Green Party,East Suffolk Green Party,Carlton Colville,
Eastern Green Party,East Suffolk Green Party,Deben,
Eastern Green Party,East Suffolk Green Party,Eastern Felixstowe,
Eastern Green Party,East Suffolk Green Party,Framlingham,
Eastern Green Party,East Suffolk Green Party,Gunton and St Margarets,
Eastern Green Party,East Suffolk Green Party,Halesworth and Blything,
Eastern Green Party,East Suffolk Green Party,Harbour and Normanston,
Eastern Green Party,East Suffolk Green Party,Kelsale and Yoxford,
Eastern Green Party,East Suffolk Green Party,Kesgrave,
Eastern Green Party,East Suffolk Green Party,Kessingland,
Eastern Green Party,East Suffolk Green Party,Kirkley and Pakefield,
Eastern Green Party,East Suffolk Green Party,Lothingland,
Eastern Green Party,East Suffolk Green Party,Martlesham and Purdis Farm,
Eastern Green Party,East Suffolk Green Party,Melton,
Eastern Green Party,East Suffolk Green Party,Orwell and Villages,
Eastern Green Party,East Suffolk Green Party,Oulton Broad,
Eastern Green Party,East Suffolk Green Party,Rendlesham and Orford,
Eastern Green Party,East Suffolk Green Party,Rushmere St Andrew,
Eastern Green Party,East Suffolk Green Party,Saxmundham,
Eastern Green Party,East Suffolk Green Party,Southwold,
Eastern Green Party,East Suffolk Green Party,Western Felixstowe,
Eastern Green Party,East Suffolk Green Party,Wickham Market,
Eastern Green Party,East Suffolk Green Party,Woodbridge,
Eastern Green Party,East Suffolk Green Party,Wrentham Wangford and Westleton,
Eastern Green Party,Ipswich,Alexandra,
Eastern Green Party,Ipswich,Bixley,
Eastern Green Party,Ipswich,Bridge,
Eastern Green Party,Ipswich,Castle Hill,
Eastern Green Party,Ipswich,Gainsborough,
Eastern Green Party,Ipswich,Gipping,
Eastern Green Party,Ipswich,Holywells,
Eastern Green Party,Ipswich,Priory Heath,
Eastern Green Party,Ipswich,Rushmere,
Eastern Green Party,Ipswich,Sprites,
Eastern Green Party,Ipswich,St John's,
Eastern Green Party,Ipswich,St Margaret's,
Eastern Green Party,Ipswich,Stoke Park,
Eastern Green Party,Ipswich,Westgate,
Eastern Green Party,Ipswich,Whitehouse,
Eastern Green Party,Ipswich,Whitton,
Eastern Green Party,Mid Suffolk,Bacton,
Eastern Green Party,Mid Suffolk,Battisford and Ringshall,
Eastern Green Party,Mid Suffolk,Blakenham,
Eastern Green Party,Mid Suffolk,Bramford,
Eastern Green Party,Mid Suffolk,Chilton,
Eastern Green Party,Mid Suffolk,Claydon and Barham,
Eastern Green Party,Mid Suffolk,Combs Ford,
Eastern Green Party,Mid Suffolk,Debenham,
Eastern Green Party,Mid Suffolk,Elmswell and Woolpit,
Eastern Green Party,Mid Suffolk,Eye,
Eastern Green Party,Mid Suffolk,Fressingfield,
Eastern Green Party,Mid Suffolk,Gislingham,
Eastern Green Party,Mid Suffolk,Haughley Stowupland and Wetherden,
Eastern Green Party,Mid Suffolk,Hoxne and Worlingworth,
Eastern Green Party,Mid Suffolk,Mendlesham,
Eastern Green Party,Mid Suffolk,Needham Market,
Eastern Green Party,Mid Suffolk,Onehouse,
Eastern Green Party,Mid Suffolk,Palgrave,
Eastern Green Party,Mid Suffolk,Rattlesden,
Eastern Green Party,Mid Suffolk,Rickinghall,
Eastern Green Party,Mid Suffolk,St Peter's,
Eastern Green Party,Mid Suffolk,Stonham,
Eastern Green Party,Mid Suffolk,Stow Thorney,
Eastern Green Party,Mid Suffolk,Stradbroke and Laxfield,
Eastern Green Party,Mid Suffolk,Thurston,
Eastern Green Party,Mid Suffolk,Walsham-le-Willows,
Eastern Green Party,West Suffolk,Abbeygate,
Eastern Green Party,West Suffolk,Bardwell,
Eastern Green Party,West Suffolk,Barningham,
Eastern Green Party,West Suffolk,Barrow,
Eastern Green Party,West Suffolk,Brandon Central,
Eastern Green Party,West Suffolk,Brandon East,
Eastern Green Party,West Suffolk,Brandon West,
Eastern Green Party,West Suffolk,Chedburgh and Chevington,
Eastern Green Party,West Suffolk,Clare Hundon and Kedington,
Eastern Green Party,West Suffolk,Eastgate,
Eastern Green Party,West Suffolk,Exning,
Eastern Green Party,West Suffolk,Haverhill Central,
Eastern Green Party,West Suffolk,Haverhill East,
Eastern Green Party,West Suffolk,Haverhill North,
Eastern Green Party,West Suffolk,Haverhill South,
Eastern Green Party,West Suffolk,Haverhill South East,
Eastern Green Party,West Suffolk,Haverhill West,
Eastern Green Party,West Suffolk,Horringer,
Eastern Green Party,West Suffolk,Iceni,
Eastern Green Party,West Suffolk,Ixworth,
Eastern Green Party,West Suffolk,Kentford and Moulton,
Eastern Green Party,West Suffolk,Lakenheath,
Eastern Green Party,West Suffolk,Manor,
Eastern Green Party,West Suffolk,Mildenhall Great Heath,
Eastern Green Party,West Suffolk,Mildenhall Kingsway and Market,
Eastern Green Party,West Suffolk,Mildenhall Queensway,
Eastern Green Party,West Suffolk,Minden,
Eastern Green Party,West Suffolk,Moreton Hall,
Eastern Green Party,West Suffolk,Newmarket East,
Eastern Green Party,West Suffolk,Newmarket North,
Eastern Green Party,West Suffolk,Newmarket West,
Eastern Green Party,West Suffolk,Pakenham and Troston,
Eastern Green Party,West Suffolk,Risby,
Eastern Green Party,West Suffolk,Rougham,
Eastern Green Party,West Suffolk,Southgate,
Eastern Green Party,West Suffolk,St Olaves,
Eastern Green Party,West Suffolk,Stanton,
Eastern Green Party,West Suffolk,The Fornhams and Great Barton,
Eastern Green Party,West Suffolk,The Rows,
Eastern Green Party,West Suffolk,Tollgate,
Eastern Green Party,West Suffolk,Westgate,
Eastern Green Party,West Suffolk,Whepstead and Wickhambrook,
Eastern Green Party,West Suffolk,Withersfield,
Eastern Green Party,Breckland,All Saints and Wayland,
Eastern Green Party,Breckland,Ashill,
Eastern Green Party,Breckland,Attleborough Burgh and Haverscroft,
Eastern Green Party,Breckland,Attleborough Queens and Besthorpe,
Eastern Green Party,Breckland,Bedingfeld,
Eastern Green Party,Breckland,Dereham Neatherd,
Eastern Green Party,Breckland,Dereham Toftwood,
Eastern Green Party,Breckland,Dereham Withburga,
Eastern Green Party,Breckland,Forest,
Eastern Green Party,Breckland,Guiltcross,
Eastern Green Party,Breckland,Harling and Heathlands,
Eastern Green Party,Breckland,Hermitage,
Eastern Green Party,Breckland,Launditch,
Eastern Green Party,Breckland,Lincoln,
Eastern Green Party,Breckland,Mattishall,
Eastern Green Party,Breckland,Nar Valley,
Eastern Green Party,Breckland,Necton,
Eastern Green Party,Breckland,Saham Toney,
Eastern Green Party,Breckland,Shipdham-with-Scarning,
Eastern Green Party,Breckland,Swaffham,
Eastern Green Party,Breckland,The Buckenhams and Banham,
Eastern Green Party,Breckland,Thetford Boudica,
Eastern Green Party,Breckland,Thetford Burrell,
Eastern Green Party,Breckland,Thetford Castle,
Eastern Green Party,Breckland,Thetford Priory,
Eastern Green Party,Breckland,Upper Wensum,
Eastern Green Party,Breckland,Watton,
Eastern Green Party,Broadland,Acle,
Eastern Green Party,Broadland,Aylsham,
Eastern Green Party,Broadland,Blofield with South Walsham,
Eastern Green Party,Broadland,Brundall,
Eastern Green Party,Broadland,Burlingham,
Eastern Green Party,Broadland,Buxton,
Eastern Green Party,Broadland,Coltishall,
Eastern Green Party,Broadland,Drayton North,
Eastern Green Party,Broadland,Drayton South,
Eastern Green Party,Broadland,Eynesford,
Eastern Green Party,Broadland,Great Witchingham,
Eastern Green Party,Broadland,Hellesdon North West,
Eastern Green Party,Broadland,Hellesdon South East,
Eastern Green Party,Broadland,Hevingham,
Eastern Green Party,Broadland,Horsford and Felthorpe,
Eastern Green Party,Broadland,Marshes,
Eastern Green Party,Broadland,Old Catton and Sprowston West,
Eastern Green Party,Broadland,Plumstead,
Eastern Green Party,Broadland,Reepham,
Eastern Green Party,Broadland,Spixworth with St Faiths,
Eastern Green Party,Broadland,Sprowston Central,
Eastern Green Party,Broadland,Sprowston East,
Eastern Green Party,Broadland,Taverham North,
Eastern Green Party,Broadland,Taverham South,
Eastern Green Party,Broadland,Thorpe St Andrew North West,
Eastern Green Party,Broadland,Thorpe St Andrew South East,
Eastern Green Party,Broadland,Wroxham,
Eastern Green Party,Great Yarmouth,Bradwell North,
Eastern Green Party,Great Yarmouth,Bradwell South and Hopton,
Eastern Green Party,Great Yarmouth,Caister North,
Eastern Green Party,Great Yarmouth,Caister South,
Eastern Green Party,Great Yarmouth,Central and Northgate,
Eastern Green Party,Great Yarmouth,Claydon,
Eastern Green Party,Great Yarmouth,East Flegg,
Eastern Green Party,Great Yarmouth,Fleggburgh,
Eastern Green Party,Great Yarmouth,Gorleston,
Eastern Green Party,Great Yarmouth,Lothingland,
Eastern Green Party,Great Yarmouth,Magdalen,
Eastern Green Party,Great Yarmouth,Nelson,
Eastern Green Party,Great Yarmouth,Ormesby,
Eastern Green Party,Great Yarmouth,Southtown and Cobholm,
Eastern Green Party,Great Yarmouth,St Andrews,
Eastern Green Party,Great Yarmouth,West Flegg,
Eastern Green Party,Great Yarmouth,Yarmouth North,
Eastern Green Party,North Norfolk,Bacton,
Eastern Green Party,North Norfolk,Beeston Regis and The Runtons,
Eastern Green Party,North Norfolk,Briston,
Eastern Green Party,North Norfolk,Coastal,
Eastern Green Party,North Norfolk,Cromer Town,
Eastern Green Party,North Norfolk,Erpingham,
Eastern Green Party,North Norfolk,Gresham,
Eastern Green Party,North Norfolk,Happisburgh,
Eastern Green Party,North Norfolk,Hickling,
Eastern Green Party,North Norfolk,Holt,
Eastern Green Party,North Norfolk,Hoveton and Tunstead,
Eastern Green Party,North Norfolk,Lancaster North,
Eastern Green Party,North Norfolk,Lancaster South,
Eastern Green Party,North Norfolk,Mundesley,
Eastern Green Party,North Norfolk,North Walsham East,
Eastern Green Party,North Norfolk,North Walsham Market Cross,
Eastern Green Party,North Norfolk,North Walsham West,
Eastern Green Party,North Norfolk,Poppyland,
Eastern Green Party,North Norfolk,Priory,
Eastern Green Party,North Norfolk,Roughton,
Eastern Green Party,North Norfolk,Sheringham North,
Eastern Green Party,North Norfolk,Sheringham South,
Eastern Green Party,North Norfolk,St Benet's,
Eastern Green Party,North Norfolk,Stalham,
Eastern Green Party,North Norfolk,Stibbard,
Eastern Green Party,North Norfolk,Stody,
Eastern Green Party,North Norfolk,Suffield Park,
Eastern Green Party,North Norfolk,The Raynhams,
Eastern Green Party,North Norfolk,Trunch,
Eastern Green Party,North Norfolk,Walsingham,
Eastern Green Party,North Norfolk,Wells with Holkham,
Eastern Green Party,North Norfolk,Worstead,
Eastern Green Party,Norwich,Bowthorpe,
Eastern Green Party,Norwich,Catton Grove,
Eastern Green Party,Norwich,Crome,
Eastern Green Party,Norwich,Eaton,
Eastern Green Party,Norwich,Lakenham,
Eastern Green Party,Norwich,Mancroft,
Eastern Green Party,Norwich,Mile Cross,
Eastern Green Party,Norwich,Nelson,
Eastern Green Party,Norwich,Sewell,
Eastern Green Party,Norwich,Thorpe Hamlet,
Eastern Green Party,Norwich,Town Close,
Eastern Green Party,Norwich,University,
Eastern Green Party,Norwich,Wensum,
Eastern Green Party,South Norfolk,Beck Vale Dickleburgh and Scole,
Eastern Green Party,South Norfolk,Bressingham and Burston,
Eastern Green Party,South Norfolk,Brooke,
Eastern Green Party,South Norfolk,Bunwell,
Eastern Green Party,South Norfolk,Central Wymondham,
Eastern Green Party,South Norfolk,Cringleford,
Eastern Green Party,South Norfolk,Diss and Roydon,
Eastern Green Party,South Norfolk,Ditchingham and Earsham,
Eastern Green Party,South Norfolk,Easton,
Eastern Green Party,South Norfolk,Forncett,
Eastern Green Party,South Norfolk,Harleston,
Eastern Green Party,South Norfolk,Hempnall,
Eastern Green Party,South Norfolk,Hethersett,
Eastern Green Party,South Norfolk,Hingham and Deopham,
Eastern Green Party,South Norfolk,Loddon and Chedgrave,
Eastern Green Party,South Norfolk,Mulbarton and Stoke Holy Cross,
Eastern Green Party,South Norfolk,New Costessey,
Eastern Green Party,South Norfolk,Newton Flotman,
Eastern Green Party,South Norfolk,North Wymondham,
Eastern Green Party,South Norfolk,Old Costessey,
Eastern Green Party,South Norfolk,Poringland Framinghams and Trowse,
Eastern Green Party,South Norfolk,Rockland,
Eastern Green Party,South Norfolk,South Wymondham,
Eastern Green Party,South Norfolk,Stratton,
Eastern Green Party,South Norfolk,Thurlton,
Eastern Green Party,South Norfolk,Wicklewood,
Eastern Green Party,West Norfolk,Airfield,
Eastern Green Party,West Norfolk,Bircham with Rudhams,
Eastern Green Party,West Norfolk,Brancaster,
Eastern Green Party,West Norfolk,Burnham Market and Docking,
Eastern Green Party,West Norfolk,Clenchwarton,
Eastern Green Party,West Norfolk,Denver,
Eastern Green Party,West Norfolk,Dersingham,
Eastern Green Party,West Norfolk,Downham Old Town,
Eastern Green Party,West Norfolk,East Downham,
Eastern Green Party,West Norfolk,Emneth and Outwell,
Eastern Green Party,West Norfolk,Fairstead,
Eastern Green Party,West Norfolk,Feltwell,
Eastern Green Party,West Norfolk,Gayton and Grimston,
Eastern Green Party,West Norfolk,Gaywood Chase,
Eastern Green Party,West Norfolk,Gaywood Clock,
Eastern Green Party,West Norfolk,Gaywood North Bank,
Eastern Green Party,West Norfolk,Heacham,
Eastern Green Party,West Norfolk,Hunstanton,
Eastern Green Party,West Norfolk,Massingham with Castle Acre,
Eastern Green Party,West Norfolk,Methwold,
Eastern Green Party,West Norfolk,North Downham,
Eastern Green Party,West Norfolk,North Lynn,
Eastern Green Party,West Norfolk,Snettisham,
Eastern Green Party,West Norfolk,South and West Lynn,
Eastern Green Party,West Norfolk,South Downham,
Eastern Green Party,West Norfolk,Springwood,
Eastern Green Party,West Norfolk,St Margaret's with St Nicholas,
Eastern Green Party,West Norfolk,Terrington,
Eastern Green Party,West Norfolk,The Woottons,
Eastern Green Party,West Norfolk,Tilney Mershe Lande and Wiggenhall,
Eastern Green Party,West Norfolk,Upwell and Delph,
Eastern Green Party,West Norfolk,Walsoken West Walton and Walpole,
Eastern Green Party,West Norfolk,Watlington,
Eastern Green Party,West Norfolk,West Winch,
Eastern Green Party,West Norfolk,Wissey,
London Green Party,Barking & Dagenham Green Party,Abbey,
London Green Party,Barking & Dagenham Green Party,Alibon,
London Green Party,Barking & Dagenham Green Party,Barking Riverside,
London Green Party,Barking & Dagenham Green Party,Beam,
London Green Party,Barking & Dagenham Green Party,Becontree,
London Green Party,Barking & Dagenham Green Party,Chadwell Heath,
London Green Party,Barking & Dagenham Green Party,Eastbrook & Rush Green,
London Green Party,Barking & Dagenham Green Party,Eastbury,
London Green Party,Barking & Dagenham Green Party,Gascoigne,
London Green Party,Barking & Dagenham Green Party,Goresbrook,
London Green Party,Barking & Dagenham Green Party,Heath,
London Green Party,Barking & Dagenham Green Party,Longbridge,
London Green Party,Barking & Dagenham Green Party,Mayesbrook,
London Green Party,Barking & Dagenham Green Party,Northbury,
London Green Party,Barking & Dagenham Green Party,Parsloes,
London Green Party,Barking & Dagenham Green Party,Thames View,
London Green Party,Barking & Dagenham Green Party,Valence,
London Green Party,Barking & Dagenham Green Party,Village,
London Green Party,Barking & Dagenham Green Party,Whalebone,
London Green Party,Barnet Green Party,Barnet Vale,
London Green Party,Barnet Green Party,Brunswick Park,
London Green Party,Barnet Green Party,Burnt Oak,
London Green Party,Barnet Green Party,Childs Hill,
London Green Party,Barnet Green Party,Colindale North,
London Green Party,Barnet Green Party,Colindale South,
London Green Party,Barnet Green Party,Cricklewood,
London Green Party,Barnet Green Party,East Barnet,
London Green Party,Barnet Green Party,East Finchley,
London Green Party,Barnet Green Party,Edgware,
London Green Party,Barnet Green Party,Edgwarebury,
London Green Party,Barnet Green Party,Finchley Church End,
London Green Party,Barnet Green Party,Friern Barnet,
London Green Party,Barnet Green Party,Garden Suburb,
London Green Party,Barnet Green Party,Golders Green,
London Green Party,Barnet Green Party,Hendon,
London Green Party,Barnet Green Party,High Barnet,
London Green Party,Barnet Green Party,Mill Hill,
London Green Party,Barnet Green Party,Totteridge and Woodside,
London Green Party,Barnet Green Party,Underhill,
London Green Party,Barnet Green Party,West Finchley,
London Green Party,Barnet Green Party,West Hendon,
London Green Party,Barnet Green Party,Whetstone,
London Green Party,Barnet Green Party,Woodhouse,
London Green Party,Bexley Green Party,Barnehurst,
London Green Party,Bexley Green Party,Belvedere,
London Green Party,Bexley Green Party,Bexleyheath,
London Green Party,Bexley Green Party,Blackfen & Lamorbey,
London Green Party,Bexley Green Party,Blendon & Penhill,
London Green Party,Bexley Green Party,Crayford,
London Green Party,Bexley Green Party,Crook Log,
London Green Party,Bexley Green Party,East Wickham,
London Green Party,Bexley Green Party,Erith,
London Green Party,Bexley Green Party,Falconwood & Welling,
London Green Party,Bexley Green Party,Longlands,
London Green Party,Bexley Green Party,Northumberland Heath,
London Green Party,Bexley Green Party,Sidcup,
London Green Party,Bexley Green Party,Slade Green & Northend,
London Green Party,Bexley Green Party,St Mary's & St James,
London Green Party,Bexley Green Party,Thamesmead East,
London Green Party,Bexley Green Party,West Heath,
London Green Party,Brent Green Party,Alperton,
London Green Party,Brent Green Party,Barnhill,
London Green Party,Brent Green Party,Brondesbury Park,
London Green Party,Brent Green Party,Cricklewood & Mapesbury,
London Green Party,Brent Green Party,Dollis Hill,
London Green Party,Brent Green Party,Harlesden & Kensal Green,
London Green Party,Brent Green Party,Kenton,
London Green Party,Brent Green Party,Kilburn,
London Green Party,Brent Green Party,Kingsbury,
London Green Party,Brent Green Party,Northwick Park,
London Green Party,Brent Green Party,Preston,
London Green Party,Brent Green Party,Queens Park,
London Green Party,Brent Green Party,Queensbury,
London Green Party,Brent Green Party,Roundwood,
London Green Party,Brent Green Party,Stonebridge,
London Green Party,Brent Green Party,Sudbury,
London Green Party,Brent Green Party,Tokyngton,
London Green Party,Brent Green Party,Welsh Harp,
London Green Party,Brent Green Party,Wembley Central,
London Green Party,Brent Green Party,Willesden Green,
London Green Party,Bromley Green Party,Beckenham Town & Copers Cope,
London Green Party,Bromley Green Party,Bickley & Sundridge,
London Green Party,Bromley Green Party,Biggin Hill,
London Green Party,Bromley Green Party,Bromley Common & Holwood,
London Green Party,Bromley Green Party,Bromley Town,
London Green Party,Bromley Green Party,Chelsfield,
London Green Party,Bromley Green Party,Chislehurst,
London Green Party,Bromley Green Party,Clock House,
London Green Party,Bromley Green Party,Crystal Palace & Anerley,
London Green Party,Bromley Green Party,Darwin,
London Green Party,Bromley Green Party,Farnborough & Crofton,
London Green Party,Bromley Green Party,Hayes & Coney Hall,
London Green Party,Bromley Green Party,Kelsey & Eden Park,
London Green Party,Bromley Green Party,Mottingham,
London Green Party,Bromley Green Party,Orpington,
London Green Party,Bromley Green Party,Penge & Cator,
London Green Party,Bromley Green Party,Petts Wood & Knoll,
London Green Party,Bromley Green Party,Plaistow,
London Green Party,Bromley Green Party,Shortlands & Park Langley,
London Green Party,Bromley Green Party,St Mary Cray,
London Green Party,Bromley Green Party,St Paul's Cray,
London Green Party,Bromley Green Party,West Wickham,
London Green Party,Camden Green Party,Belsize,
London Green Party,Camden Green Party,Bloomsbury,
London Green Party,Camden Green Party,Camden Square,
London Green Party,Camden Green Party,Camden Town,
London Green Party,Camden Green Party,Fortune Green,
London Green Party,Camden Green Party,Frognal,
London Green Party,Camden Green Party,Gospel Oak,
London Green Party,Camden Green Party,Hampstead Town,
London Green Party,Camden Green Party,Haverstock,
London Green Party,Camden Green Party,Highgate,
London Green Party,Camden Green Party,Holborn & Covent Garden,
London Green Party,Camden Green Party,Kentish Town North,
London Green Party,Camden Green Party,Kentish Town South,
London Green Party,Camden Green Party,Kilburn,
London Green Party,Camden Green Party,King's Cross,
London Green Party,Camden Green Party,Primrose Hill,
London Green Party,Camden Green Party,Regent's Park,
London Green Party,Camden Green Party,South Hampstead,
London Green Party,Camden Green Party,St Pancras & Somers Town,
London Green Party,Camden Green Party,West Hampstead,
London Green Party,Croydon & Sutton Green Party,Addiscombe East,
London Green Party,Croydon & Sutton Green Party,Addiscombe West,
London Green Party,Croydon & Sutton Green Party,Bensham Manor,
London Green Party,Croydon & Sutton Green Party,Broad Green,
London Green Party,Croydon & Sutton Green Party,Coulsdon Town,
London Green Party,Croydon & Sutton Green Party,Crystal Palace and Upper Norwood,
London Green Party,Croydon & Sutton Green Party,Fairfield,
London Green Party,Croydon & Sutton Green Party,Kenley,
London Green Party,Croydon & Sutton Green Party,New Addington North,
London Green Party,Croydon & Sutton Green Party,New Addington South,
London Green Party,Croydon & Sutton Green Party,Norbury and Pollards Hill,
London Green Party,Croydon & Sutton Green Party,Norbury Park,
London Green Party,Croydon & Sutton Green Party,Old Coulsdon,
London Green Party,Croydon & Sutton Green Party,Park Hill and Whitgift,
London Green Party,Croydon & Sutton Green Party,Purley and Woodcote,
London Green Party,Croydon & Sutton Green Party,Purley Oaks and Riddlesdown,
London Green Party,Croydon & Sutton Green Party,Sanderstead,
London Green Party,Croydon & Sutton Green Party,Selhurst,
London Green Party,Croydon & Sutton Green Party,Selsdon and Addington Village,
London Green Party,Croydon & Sutton Green Party,Selsdon Vale and Forestdale,
London Green Party,Croydon & Sutton Green Party,Shirley North,
London Green Party,Croydon & Sutton Green Party,Shirley South,
London Green Party,Croydon & Sutton Green Party,South Croydon,
London Green Party,Croydon & Sutton Green Party,South Norwood,
London Green Party,Croydon & Sutton Green Party,Thornton Heath,
London Green Party,Croydon & Sutton Green Party,Waddon,
London Green Party,Croydon & Sutton Green Party,West Thornton,
London Green Party,Croydon & Sutton Green Party,Woodside,
London Green Party,Croydon & Sutton Green Party,Beddington,
London Green Party,Croydon & Sutton Green Party,Belmont,
London Green Party,Croydon & Sutton Green Party,Carshalton Central,
London Green Party,Croydon & Sutton Green Party,Carshalton South & Clockhouse,
London Green Party,Croydon & Sutton Green Party,Cheam,
London Green Party,Croydon & Sutton Green Party,Hackbridge,
London Green Party,Croydon & Sutton Green Party,North Cheam,
London Green Party,Croydon & Sutton Green Party,South Beddington & Roundshaw,
London Green Party,Croydon & Sutton Green Party,St Helier East,
London Green Party,Croydon & Sutton Green Party,St Helier West,
London Green Party,Croydon & Sutton Green Party,Stonecot,
London Green Party,Croydon & Sutton Green Party,Sutton Central,
London Green Party,Croydon & Sutton Green Party,Sutton North,
London Green Party,Croydon & Sutton Green Party,Sutton South,
London Green Party,Croydon & Sutton Green Party,Sutton West & East Cheam,
London Green Party,Croydon & Sutton Green Party,The Wrythe,
London Green Party,Croydon & Sutton Green Party,Wallington North,
London Green Party,Croydon & Sutton Green Party,Wallington South,
London Green Party,Croydon & Sutton Green Party,Worcester Park North,
London Green Party,Croydon & Sutton Green Party,Worcester Park South,
London Green Party,Ealing Green Party,Acton Central,
London Green Party,Ealing Green Party,Cleveland,
London Green Party,Ealing Green Party,Dormers Wells,
London Green Party,Ealing Green Party,Ealing Broadway,
London Green Party,Ealing Green Party,Ealing Common,
London Green Party,Ealing Green Party,East Acton,
London Green Party,Ealing Green Party,Elthorne,
London Green Party,Ealing Green Party,Greenford Broadway,
London Green Party,Ealing Green Party,Greenford Green,
London Green Party,Ealing Green Party,Hanger Hill,
London Green Party,Ealing Green Party,Hobbayne,
London Green Party,Ealing Green Party,Lady Margaret,
London Green Party,Ealing Green Party,North Acton,
London Green Party,Ealing Green Party,North Greenford,
London Green Party,Ealing Green Party,North Hanwell,
London Green Party,Ealing Green Party,Northfield,
London Green Party,Ealing Green Party,Northolt Mandeville,
London Green Party,Ealing Green Party,Northolt West End,
London Green Party,Ealing Green Party,Norwood Green,
London Green Party,Ealing Green Party,Perivale,
London Green Party,Ealing Green Party,South Acton,
London Green Party,Ealing Green Party,Southfield,
London Green Party,Ealing Green Party,Walpole,
London Green Party,Ealing Green Party,West Ealing,
London Green Party,Enfield Green Party,Arnos Grove,
London Green Party,Enfield Green Party,Bowes,
London Green Party,Enfield Green Party,Brimsdown,
London Green Party,Enfield Green Party,Bullsmoor,
London Green Party,Enfield Green Party,Bush Hill Park,
London Green Party,Enfield Green Party,Carterhatch,
London Green Party,Enfield Green Party,Cockfosters,
London Green Party,Enfield Green Party,Edmonton Green,
London Green Party,Enfield Green Party,Enfield Lock,
London Green Party,Enfield Green Party,Grange Park,
London Green Party,Enfield Green Party,Haselbury,
London Green Party,Enfield Green Party,Highfield,
London Green Party,Enfield Green Party,Jubilee,
London Green Party,Enfield Green Party,Lower Edmonton,
London Green Party,Enfield Green Party,New Southgate,
London Green Party,Enfield Green Party,Oakwood,
London Green Party,Enfield Green Party,Palmers Green,
London Green Party,Enfield Green Party,Ponders End,
London Green Party,Enfield Green Party,Ridgeway,
London Green Party,Enfield Green Party,Southbury,
London Green Party,Enfield Green Party,Southgate,
London Green Party,Enfield Green Party,Town,
London Green Party,Enfield Green Party,Upper Edmonton,
London Green Party,Enfield Green Party,Whitewebbs,
London Green Party,Enfield Green Party,Winchmore Hill,
London Green Party,Greenwich Green Party,Abbey Wood,
London Green Party,Greenwich Green Party,Blackheath Westcombe,
London Green Party,Greenwich Green Party,Charlton,
London Green Party,Greenwich Green Party,Coldharbour & New Eltham,
London Green Party,Greenwich Green Party,Eltham North,
London Green Party,Greenwich Green Party,Eltham South,
London Green Party,Greenwich Green Party,Eltham West,
London Green Party,Greenwich Green Party,Glyndon,
London Green Party,Greenwich Green Party,Greenwich West,
London Green Party,Greenwich Green Party,Kidbrooke with Hornfair,
London Green Party,Greenwich Green Party,Middle Park & Sutcliffe,
London Green Party,Greenwich Green Party,Peninsula,
London Green Party,Greenwich Green Party,Plumstead,
London Green Party,Greenwich Green Party,Shooters Hill,
London Green Party,Greenwich Green Party,Thamesmead Moorings,
London Green Party,Greenwich Green Party,Woolwich Common,
London Green Party,Hackney Green Party,Brownswood,
London Green Party,Hackney Green Party,Cazenove,
London Green Party,Hackney Green Party,Clissold,
London Green Party,Hackney Green Party,Dalston,
London Green Party,Hackney Green Party,De Beauvoir,
London Green Party,Hackney Green Party,Hackney Central,
London Green Party,Hackney Green Party,Hackney Downs,
London Green Party,Hackney Green Party,Hackney Wick,
London Green Party,Hackney Green Party,Haggerston,
London Green Party,Hackney Green Party,Homerton,
London Green Party,Hackney Green Party,Hoxton East & Shoreditch,
London Green Party,Hackney Green Party,Hoxton West,
London Green Party,Hackney Green Party,King's Park,
London Green Party,Hackney Green Party,Lea Bridge,
London Green Party,Hackney Green Party,London Fields,
London Green Party,Hackney Green Party,Shacklewell,
London Green Party,Hackney Green Party,Springfield,
London Green Party,Hackney Green Party,Stamford Hill West,
London Green Party,Hackney Green Party,Stoke Newington,
London Green Party,Hackney Green Party,Victoria,
London Green Party,Hackney Green Party,Woodberry Down,
London Green Party,Hammersmith & Fulham Green Party,Addison,
London Green Party,Hammersmith & Fulham Green Party,Askew,
London Green Party,Hammersmith & Fulham Green Party,Avonmore & Brook Green,
London Green Party,Hammersmith & Fulham Green Party,College Park & Old Oak,
London Green Party,Hammersmith & Fulham Green Party,Fulham Broadway,
London Green Party,Hammersmith & Fulham Green Party,Fulham Reach,
London Green Party,Hammersmith & Fulham Green Party,Hammersmith Broadway,
London Green Party,Hammersmith & Fulham Green Party,Lillie,
London Green Party,Hammersmith & Fulham Green Party,Munster,
London Green Party,Hammersmith & Fulham Green Party,North End,
London Green Party,Hammersmith & Fulham Green Party,Palace & Hurlingham,
London Green Party,Hammersmith & Fulham Green Party,Parsons Green & Walham,
London Green Party,Hammersmith & Fulham Green Party,Ravenscourt,
London Green Party,Hammersmith & Fulham Green Party,Sands End,
London Green Party,Hammersmith & Fulham Green Party,Shepherd's Bush Green,
London Green Party,Hammersmith & Fulham Green Party,Wormholt & White City,
London Green Party,Haringey Green Party,Alexandra Park,
London Green Party,Haringey Green Party,Bounds Green,
London Green Party,Haringey Green Party,Bruce Castle,
London Green Party,Haringey Green Party,Crouch End,
London Green Party,Haringey Green Party,Fortis Green,
London Green Party,Haringey Green Party,Harringay,
London Green Party,Haringey Green Party,Hermitage & Gardens,
London Green Party,Haringey Green Party,Highgate,
London Green Party,Haringey Green Party,Hornsey,
London Green Party,Haringey Green Party,Muswell Hill,
London Green Party,Haringey Green Party,Noel Park,
London Green Party,Haringey Green Party,Northumberland Park,
London Green Party,Haringey Green Party,Seven Sisters,
London Green Party,Haringey Green Party,South Tottenham,
London Green Party,Haringey Green Party,St Ann's,
London Green Party,Haringey Green Party,Stroud Green,
London Green Party,Haringey Green Party,Tottenham Central,
London Green Party,Haringey Green Party,Tottenham Hale,
London Green Party,Haringey Green Party,West Green,
London Green Party,Haringey Green Party,White Hart Lane,
London Green Party,Haringey Green Party,Woodside,
London Green Party,Harrow Green Party,Belmont,
London Green Party,Harrow Green Party,Canons,
London Green Party,Harrow Green Party,Centenary,
London Green Party,Harrow Green Party,Edgware,
London Green Party,Harrow Green Party,Greenhill,
London Green Party,Harrow Green Party,Harrow on the Hill,
London Green Party,Harrow Green Party,Harrow Weald,
London Green Party,Harrow Green Party,Hatch End,
London Green Party,Harrow Green Party,Headstone,
London Green Party,Harrow Green Party,Kenton East,
London Green Party,Harrow Green Party,Kenton West,
London Green Party,Harrow Green Party,Marlborough,
London Green Party,Harrow Green Party,North Harrow,
London Green Party,Harrow Green Party,Pinner,
London Green Party,Harrow Green Party,Pinner South,
London Green Party,Harrow Green Party,Rayners Lane,
London Green Party,Harrow Green Party,Roxbourne,
London Green Party,Harrow Green Party,Roxeth,
London Green Party,Harrow Green Party,Stanmore,
London Green Party,Harrow Green Party,Wealdstone North,
London Green Party,Harrow Green Party,Wealdstone South,
London Green Party,Harrow Green Party,West Harrow,
London Green Party,Havering Green Party,Brooklands,
London Green Party,Havering Green Party,Cranham,
London Green Party,Havering Green Party,Emerson Park,
London Green Party,Havering Green Party,Gooshays,
London Green Party,Havering Green Party,Hacton,
London Green Party,Havering Green Party,Harold Wood,
London Green Party,Havering Green Party,Heaton,
London Green Party,Havering Green Party,Hylands,
London Green Party,Havering Green Party,Mawney,
London Green Party,Havering Green Party,Rainham & Wennington,
London Green Party,Havering Green Party,Romford Town,
London Green Party,Havering Green Party,South Hornchurch,
London Green Party,Havering Green Party,St Edward's,
London Green Party,Havering Green Party,St Andrew's,
London Green Party,Havering Green Party,Upminster,
London Green Party,Havering Green Party,Elm Park,
London Green Party,Havering Green Party,Squirrels Heath,
London Green Party,Havering Green Party,Romford Town,
London Green Party,Havering Green Party,Pettits,
London Green Party,Havering Green Party,Marshalls & Rise Park,
London Green Party,Havering Green Party,Havering Park,
London Green Party,Hillingdon Green Party,Belmont,
London Green Party,Hillingdon Green Party,Charville,
London Green Party,Hillingdon Green Party,Colham & Cowley,
London Green Party,Hillingdon Green Party,Eastcote,
London Green Party,Hillingdon Green Party,Harefield Village,
London Green Party,Hillingdon Green Party,Hayes Town,
London Green Party,Hillingdon Green Party,Heathrow Villages,
London Green Party,Hillingdon Green Party,Hillingdon East,
London Green Party,Hillingdon Green Party,Hillingdon West,
London Green Party,Hillingdon Green Party,Ickenham & South Harefield,
London Green Party,Hillingdon Green Party,Northwood,
London Green Party,Hillingdon Green Party,Northwood Hills,
London Green Party,Hillingdon Green Party,Pinkwell,
London Green Party,Hillingdon Green Party,Ruislip,
London Green Party,Hillingdon Green Party,Ruislip Manor,
London Green Party,Hillingdon Green Party,South Ruislip,
London Green Party,Hillingdon Green Party,Uxbridge,
London Green Party,Hillingdon Green Party,West Drayton,
London Green Party,Hillingdon Green Party,Wood End,
London Green Party,Hillingdon Green Party,Yeading,
London Green Party,Hillingdon Green Party,Yiewsley,
London Green Party,Hounslow Green Party,Bedfont,
London Green Party,Hounslow Green Party,Brentford East,
London Green Party,Hounslow Green Party,Brentford West,
London Green Party,Hounslow Green Party,Chiswick Gunnersbury,
London Green Party,Hounslow Green Party,Chiswick Homefields,
London Green Party,Hounslow Green Party,Chiswick Riverside,
London Green Party,Hounslow Green Party,Cranford,
London Green Party,Hounslow Green Party,Feltham North,
London Green Party,Hounslow Green Party,Feltham West,
London Green Party,Hounslow Green Party,Hanworth Park,
London Green Party,Hounslow Green Party,Hanworth Village,
London Green Party,Hounslow Green Party,Heston Central,
London Green Party,Hounslow Green Party,Heston East,
London Green Party,Hounslow Green Party,Heston West,
London Green Party,Hounslow Green Party,Hounslow Central,
London Green Party,Hounslow Green Party,Hounslow East,
London Green Party,Hounslow Green Party,Hounslow Heath,
London Green Party,Hounslow Green Party,Hounslow South,
London Green Party,Hounslow Green Party,Hounslow West,
London Green Party,Hounslow Green Party,Isleworth,
London Green Party,Hounslow Green Party,Osterley & Spring Grove,
London Green Party,Hounslow Green Party,Syon & Brentford Lock,
London Green Party,Islington Green Party,Barnsbury,
London Green Party,Islington Green Party,Bunhill,
London Green Party,Islington Green Party,Caledonian,
London Green Party,Islington Green Party,Canonbury,
London Green Party,Islington Green Party,Clerkenwell,
London Green Party,Islington Green Party,Finsbury Park,
London Green Party,Islington Green Party,Highbury,
London Green Party,Islington Green Party,Highbury East,
London Green Party,Islington Green Party,Hillrise,
London Green Party,Islington Green Party,Holloway,
London Green Party,Islington Green Party,Junction,
London Green Party,Islington Green Party,Laycock,
London Green Party,Islington Green Party,Mildmay,
London Green Party,Islington Green Party,Mildmay Park,
London Green Party,Islington Green Party,St George's,
London Green Party,Islington Green Party,St Mary's & St James,
London Green Party,Islington Green Party,Tollington,
London Green Party,Islington Green Party,Tufnell,
London Green Party,Islington Green Party,Upper Holloway,
London Green Party,Islington Green Party,Whittington,
London Green Party,Kingston Green Party,Alexandra,
London Green Party,Kingston Green Party,Berrylands,
London Green Party,Kingston Green Party,Canbury Gardens,
London Green Party,Kingston Green Party,Chessington South & Malden Rushett,
London Green Party,Kingston Green Party,Coombe Hill,
London Green Party,Kingston Green Party,Coombe Vale,
London Green Party,Kingston Green Party,Green Lane & St James,
London Green Party,Kingston Green Party,Hook & Chessington North,
London Green Party,Kingston Green Party,King George's & Sunray,
London Green Party,Kingston Green Party,Kingston Gate,
London Green Party,Kingston Green Party,Kingston Town,
London Green Party,Kingston Green Party,Motspur Park & Old Malden East,
London Green Party,Kingston Green Party,New Malden Village,
London Green Party,Kingston Green Party,Norbiton,
London Green Party,Kingston Green Party,Old Malden,
London Green Party,Kingston Green Party,St Mark's & Seething Wells,
London Green Party,Kingston Green Party,Surbiton Hill,
London Green Party,Kingston Green Party,Tolworth,
London Green Party,Kingston Green Party,Tudor,
London Green Party,Lambeth Green Party,Brixton Acre Lane,
London Green Party,Lambeth Green Party,Brixton North,
London Green Party,Lambeth Green Party,Brixton Rush Common,
London Green Party,Lambeth Green Party,Brixton Windrush,
London Green Party,Lambeth Green Party,Clapham Common & Abbeville,
London Green Party,Lambeth Green Party,Clapham East,
London Green Party,Lambeth Green Party,Clapham Park,
London Green Party,Lambeth Green Party,Clapham Town,
London Green Party,Lambeth Green Party,Gipsy Hill,
London Green Party,Lambeth Green Party,Herne Hill & Loughborough Junction,
London Green Party,Lambeth Green Party,Kennington,
London Green Party,Lambeth Green Party,Knight's Hill,
London Green Party,Lambeth Green Party,Myatt's Fields,
London Green Party,Lambeth Green Party,Oval,
London Green Party,Lambeth Green Party,St Martin's,
London Green Party,Lambeth Green Party,Stockwell East,
London Green Party,Lambeth Green Party,Stockwell West & Larkhall,
London Green Party,Lambeth Green Party,Streatham Common & Vale,
London Green Party,Lambeth Green Party,Streatham Hill East,
London Green Party,Lambeth Green Party,Streatham Hill West & Thornton,
London Green Party,Lambeth Green Party,Streatham St Leonard's,
London Green Party,Lambeth Green Party,Streatham Wells,
London Green Party,Lambeth Green Party,Vauxhall,
London Green Party,Lambeth Green Party,Waterloo & South Bank,
London Green Party,Lambeth Green Party,West Dulwich,
London Green Party,Lewisham Green Party,Bellingham,
London Green Party,Lewisham Green Party,Blackheath,
London Green Party,Lewisham Green Party,Brockley,
London Green Party,Lewisham Green Party,Catford South,
London Green Party,Lewisham Green Party,Crofton Park,
London Green Party,Lewisham Green Party,Downham,
London Green Party,Lewisham Green Party,Evelyn,
London Green Party,Lewisham Green Party,Forest Hill,
London Green Party,Lewisham Green Party,Grove Park,
London Green Party,Lewisham Green Party,Ladywell,
London Green Party,Lewisham Green Party,Lee Green,
London Green Party,Lewisham Green Party,Lewisham Central,
London Green Party,Lewisham Green Party,Lewisham Central & South,
London Green Party,Lewisham Green Party,Perry Vale,
London Green Party,Lewisham Green Party,Rushey Green,
London Green Party,Lewisham Green Party,Sydenham,
London Green Party,Lewisham Green Party,Telegraph Hill,
London Green Party,Lewisham Green Party,Whitefoot,
London Green Party,Lewisham Green Party,Catford South,
London Green Party,Lewisham Green Party,Hither Green,
London Green Party,Lewisham Green Party,Manor House,
London Green Party,Lewisham Green Party,New Cross Gate,
London Green Party,Lewisham Green Party,Deptford,
London Green Party,Merton Green Party,Abbey,
London Green Party,Merton Green Party,Cannon Hill,
London Green Party,Merton Green Party,Colliers Wood,
London Green Party,Merton Green Party,Cricket Green,
London Green Party,Merton Green Party,Figge's Marsh,
London Green Party,Merton Green Party,Graveney,
London Green Party,Merton Green Party,Hillside,
London Green Party,Merton Green Party,Lavender Fields,
London Green Party,Merton Green Party,Longthornton,
London Green Party,Merton Green Party,Lower Morden,
London Green Party,Merton Green Party,Merton Park,
London Green Party,Merton Green Party,Pollards Hill,
London Green Party,Merton Green Party,Ravensbury,
London Green Party,Merton Green Party,Raynes Park,
London Green Party,Merton Green Party,St Helier East,
London Green Party,Merton Green Party,St Helier West,
London Green Party,Merton Green Party,Trinity,
London Green Party,Merton Green Party,Village,
London Green Party,Merton Green Party,Wandle,
London Green Party,Merton Green Party,West Barnes,
London Green Party,Newham Green Party,Beckton,
London Green Party,Newham Green Party,Boleyn,
London Green Party,Newham Green Party,Canning Town North,
London Green Party,Newham Green Party,Canning Town South,
London Green Party,Newham Green Party,Custom House,
London Green Party,Newham Green Party,East Ham,
London Green Party,Newham Green Party,Forest Gate North,
London Green Party,Newham Green Party,Forest Gate South,
London Green Party,Newham Green Party,Green Street East,
London Green Party,Newham Green Party,Green Street West,
London Green Party,Newham Green Party,Little Ilford,
London Green Party,Newham Green Party,Manor Park,
London Green Party,Newham Green Party,Maryland,
London Green Party,Newham Green Party,Plaistow North,
London Green Party,Newham Green Party,Plaistow South,
London Green Party,Newham Green Party,Royal Docks,
London Green Party,Newham Green Party,Stratford,
London Green Party,Newham Green Party,Stratford and New Town,
London Green Party,Newham Green Party,Wall End,
London Green Party,Newham Green Party,West Ham,
London Green Party,Redbridge Green Party,Aldborough,
London Green Party,Redbridge Green Party,Barkingside,
London Green Party,Redbridge Green Party,Chadwell,
London Green Party,Redbridge Green Party,Church End,
London Green Party,Redbridge Green Party,Clayhall,
London Green Party,Redbridge Green Party,Clementswood,
London Green Party,Redbridge Green Party,Cranbrook,
London Green Party,Redbridge Green Party,Fairlop,
London Green Party,Redbridge Green Party,Fullwell,
London Green Party,Redbridge Green Party,Goodmayes,
London Green Party,Redbridge Green Party,Hainault,
London Green Party,Redbridge Green Party,Ilford Town,
London Green Party,Redbridge Green Party,Loxford,
London Green Party,Redbridge Green Party,Mayfield,
London Green Party,Redbridge Green Party,Monkhams,
London Green Party,Redbridge Green Party,Newbury,
London Green Party,Redbridge Green Party,Roding,
London Green Party,Redbridge Green Party,Seven Kings,
London Green Party,Redbridge Green Party,Snaresbrook,
London Green Party,Redbridge Green Party,Valentines,
London Green Party,Redbridge Green Party,Wanstead,
London Green Party,Redbridge Green Party,Woodford,
London Green Party,Richmond & Twickenham Green Party,Barnes,
London Green Party,Richmond & Twickenham Green Party,East Sheen,
London Green Party,Richmond & Twickenham Green Party,Fulwell & Hampton Hill,
London Green Party,Richmond & Twickenham Green Party,"Ham, Petersham & Richmond Riverside",
London Green Party,Richmond & Twickenham Green Party,Hampton,
London Green Party,Richmond & Twickenham Green Party,Hampton North,
London Green Party,Richmond & Twickenham Green Party,Hampton Wick & South Teddington,
London Green Party,Richmond & Twickenham Green Party,Heathfield,
London Green Party,Richmond & Twickenham Green Party,Kew,
London Green Party,Richmond & Twickenham Green Party,Mortlake & Barnes Common,
London Green Party,Richmond & Twickenham Green Party,North Richmond,
London Green Party,Richmond & Twickenham Green Party,South Richmond,
London Green Party,Richmond & Twickenham Green Party,South Twickenham,
London Green Party,Richmond & Twickenham Green Party,St Margarets & North Twickenham,
London Green Party,Richmond & Twickenham Green Party,Teddington,
London Green Party,Richmond & Twickenham Green Party,Twickenham Riverside,
London Green Party,Richmond & Twickenham Green Party,West Twickenham,
London Green Party,Richmond & Twickenham Green Party,Whitton,
London Green Party,Southwark Green Party,Borough & Bankside,
London Green Party,Southwark Green Party,Camberwell Green,
London Green Party,Southwark Green Party,Champion Hill,
London Green Party,Southwark Green Party,Chaucer,
London Green Party,Southwark Green Party,Dulwich Hill,
London Green Party,Southwark Green Party,Dulwich Village,
London Green Party,Southwark Green Party,Dulwich Wood,
London Green Party,Southwark Green Party,Faraday,
London Green Party,Southwark Green Party,Goose Green,
London Green Party,Southwark Green Party,London Bridge & West Bermondsey,
London Green Party,Southwark Green Party,Newington,
London Green Party,Southwark Green Party,North Bermondsey,
London Green Party,Southwark Green Party,North Walworth,
London Green Party,Southwark Green Party,Nunhead & Queen's Road,
London Green Party,Southwark Green Party,Old Kent Road,
London Green Party,Southwark Green Party,Peckham,
London Green Party,Southwark Green Party,Peckham Rye,
London Green Party,Southwark Green Party,Rotherhithe,
London Green Party,Southwark Green Party,Rye Lane,
London Green Party,Southwark Green Party,South Bermondsey,
London Green Party,Southwark Green Party,St George's,
London Green Party,Southwark Green Party,St Giles,
London Green Party,Southwark Green Party,Surrey Docks,
London Green Party,Tower Hamlets Green Party,Bethnal Green East,
London Green Party,Tower Hamlets Green Party,Blackwall & Cubitt Town,
London Green Party,Tower Hamlets Green Party,Bow East,
London Green Party,Tower Hamlets Green Party,Bow West,
London Green Party,Tower Hamlets Green Party,Bromley North,
London Green Party,Tower Hamlets Green Party,Bromley South,
London Green Party,Tower Hamlets Green Party,Canary Wharf,
London Green Party,Tower Hamlets Green Party,Island Gardens,
London Green Party,Tower Hamlets Green Party,Lansbury,
London Green Party,Tower Hamlets Green Party,Limehouse,
London Green Party,Tower Hamlets Green Party,Mile End,
London Green Party,Tower Hamlets Green Party,Poplar,
London Green Party,Tower Hamlets Green Party,St Dunstan's,
London Green Party,Tower Hamlets Green Party,St Katharine's & Wapping,
London Green Party,Tower Hamlets Green Party,Bethnal Green West,
London Green Party,Tower Hamlets Green Party,Shadwell,
London Green Party,Tower Hamlets Green Party,Spitalfields & Banglatown,
London Green Party,Tower Hamlets Green Party,Stepney Green,
London Green Party,Tower Hamlets Green Party,Weavers,
London Green Party,Tower Hamlets Green Party,Whitechapel,
London Green Party,Waltham Forest Green Party,Cann Hall,
London Green Party,Waltham Forest Green Party,Cathall,
London Green Party,Waltham Forest Green Party,Chapel End,
London Green Party,Waltham Forest Green Party,Chingford Green,
London Green Party,Waltham Forest Green Party,Endlebury,
London Green Party,Waltham Forest Green Party,Forest,
London Green Party,Waltham Forest Green Party,Grove Green,
London Green Party,Waltham Forest Green Party,Hale End & Highams Park South,
London Green Party,Waltham Forest Green Party,Hatch Lane & Highams Park North,
London Green Party,Waltham Forest Green Party,High Street,
London Green Party,Waltham Forest Green Party,Higham Hill,
London Green Party,Waltham Forest Green Party,Hoe Street,
London Green Party,Waltham Forest Green Party,Larkswood,
London Green Party,Waltham Forest Green Party,Lea Bridge,
London Green Party,Waltham Forest Green Party,Leyton,
London Green Party,Waltham Forest Green Party,Leytonstone,
London Green Party,Waltham Forest Green Party,Markhouse,
London Green Party,Waltham Forest Green Party,St James,
London Green Party,Waltham Forest Green Party,Upper Walthamstow,
London Green Party,Waltham Forest Green Party,Valley,
London Green Party,Waltham Forest Green Party,William Morris,
London Green Party,Waltham Forest Green Party,Wood Street,
London Green Party,Wandsworth Green Party,Balham,
London Green Party,Wandsworth Green Party,Battersea Park,
London Green Party,Wandsworth Green Party,East Putney,
London Green Party,Wandsworth Green Party,Falconbrook,
London Green Party,Wandsworth Green Party,Furzedown,
London Green Party,Wandsworth Green Party,Lavender,
London Green Party,Wandsworth Green Party,Nine Elms,
London Green Party,Wandsworth Green Party,Northcote,
London Green Party,Wandsworth Green Party,Roehampton,
London Green Party,Wandsworth Green Party,Shaftesbury & Queenstown,
London Green Party,Wandsworth Green Party,South Balham,
London Green Party,Wandsworth Green Party,Southfields,
London Green Party,Wandsworth Green Party,St Mary's,
London Green Party,Wandsworth Green Party,Thamesfield,
London Green Party,Wandsworth Green Party,Tooting Bec,
London Green Party,Wandsworth Green Party,Tooting Broadway,
London Green Party,Wandsworth Green Party,Trinity,
London Green Party,Wandsworth Green Party,Wandle,
London Green Party,West Central London Green Party,Brompton & Hans Town,
London Green Party,West Central London Green Party,Campden,
London Green Party,West Central London Green Party,Chelsea Riverside,
London Green Party,West Central London Green Party,Colville,
London Green Party,West Central London Green Party,Courtfield,
London Green Party,West Central London Green Party,Earl's Court,
London Green Party,West Central London Green Party,Golborne,
London Green Party,West Central London Green Party,Holland,
London Green Party,West Central London Green Party,Notting Dale,
London Green Party,West Central London Green Party,Pembridge,
London Green Party,West Central London Green Party,Queen's Gate,
London Green Party,West Central London Green Party,Redcliffe,
London Green Party,West Central London Green Party,Royal Hospital,
London Green Party,West Central London Green Party,St Charles,
London Green Party,West Central London Green Party,Abbey Road,
London Green Party,West Central London Green Party,Bayswater,
London Green Party,West Central London Green Party,Bryanston & Dorset Square,
London Green Party,West Central London Green Party,Churchill,
London Green Party,West Central London Green Party,Church Street,
London Green Party,West Central London Green Party,Hyde Park,
London Green Party,West Central London Green Party,Knightsbridge & Belgravia,
London Green Party,West Central London Green Party,Little Venice,
London Green Party,West Central London Green Party,Maida Vale,
London Green Party,West Central London Green Party,Marylebone,
London Green Party,West Central London Green Party,Queen's Park,
London Green Party,West Central London Green Party,Regent's Park,
London Green Party,West Central London Green Party,St James's,
London Green Party,West Central London Green Party,Tachbrook,
London Green Party,West Central London Green Party,Vincent Square,
London Green Party,West Central London Green Party,Warwick,
London Green Party,West Central London Green Party,West End,
London Green Party,West Central London Green Party,Aldersgate,
London Green Party,West Central London Green Party,Aldgate,
London Green Party,West Central London Green Party,Bassishaw,
London Green Party,West Central London Green Party,Billingsgate,
London Green Party,West Central London Green Party,Bishopsgate,
London Green Party,West Central London Green Party,Bread Street & Bridge,
London Green Party,West Central London Green Party,Broad Street,
London Green Party,West Central London Green Party,Candlewick,
London Green Party,West Central London Green Party,Castle Baynard,
London Green Party,West Central London Green Party,Cheap,
London Green Party,West Central London Green Party,Coleman Street,
London Green Party,West Central London Green Party,Cordwainer,
London Green Party,West Central London Green Party,Cornhill,
London Green Party,West Central London Green Party,Cripplegate,
London Green Party,West Central London Green Party,Dowgate,
London Green Party,West Central London Green Party,Farringdon Within,
London Green Party,West Central London Green Party,Farringdon Without,
London Green Party,West Central London Green Party,Langbourn,
London Green Party,West Central London Green Party,Lime Street,
London Green Party,West Central London Green Party,Portsoken,
London Green Party,West Central London Green Party,Queenhithe,
London Green Party,West Central London Green Party,Tower,
London Green Party,West Central London Green Party,Vintry,
London Green Party,West Central London Green Party,Walbrook,
North East Green Party,Darlington Green Party,Bank Top and Lascelles,
North East Green Party,Darlington Green Party,Brinkburn and Faverdale,
North East Green Party,Darlington Green Party,Cockerton,
North East Green Party,Darlington Green Party,College,
North East Green Party,Darlington Green Party,Eastbourne,
North East Green Party,Darlington Green Party,Harrowgate Hill,
North East Green Party,Darlington Green Party,Haughton and Springfield,
North East Green Party,Darlington Green Party,Heighington and Coniscliffe,
North East Green Party,Darlington Green Party,Hummersknott,
North East Green Party,Darlington Green Party,Hurworth,
North East Green Party,Darlington Green Party,Mowden,
North East Green Party,Darlington Green Party,North Road,
North East Green Party,Darlington Green Party,Northgate,
North East Green Party,Darlington Green Party,Park East,
North East Green Party,Darlington Green Party,Park West,
North East Green Party,Darlington Green Party,Pierremont,
North East Green Party,Darlington Green Party,Red Hall and Lingfield,
North East Green Party,Darlington Green Party,Sadberge and Middleton St George,
North East Green Party,Darlington Green Party,Stephenson,
North East Green Party,Darlington Green Party,Whinfield,
North East Green Party,Durham Green Party,Annfield Plain and Tanfield,
North East Green Party,Durham Green Party,Aycliffe North and Middridge,
North East Green Party,Durham Green Party,Aycliffe South,
North East Green Party,Durham Green Party,Barnard Castle,
North East Green Party,Durham Green Party,Belmont,
North East Green Party,Durham Green Party,Benfieldside,
North East Green Party,Durham Green Party,Bishop Auckland,
North East Green Party,Durham Green Party,Blackhalls and Hesledens,
North East Green Party,Durham Green Party,Bowburn and Coxhoe,
North East Green Party,Durham Green Party,Brandon,
North East Green Party,Durham Green Party,Castle Eden and Passfield,
North East Green Party,Durham Green Party,Chester-le-Street North,
North East Green Party,Durham Green Party,Chester-le-Street South,
North East Green Party,Durham Green Party,Chilton,
North East Green Party,Durham Green Party,Consett North,
North East Green Party,Durham Green Party,Consett South,
North East Green Party,Durham Green Party,Craghead and South Moor,
North East Green Party,Durham Green Party,Crook,
North East Green Party,Durham Green Party,Dalton and Dawdon,
North East Green Party,Durham Green Party,Deerness,
North East Green Party,Durham Green Party,Delves Lane,
North East Green Party,Durham Green Party,Derwent and Pont Valley,
North East Green Party,Durham Green Party,Easington and Shotton,
North East Green Party,Durham Green Party,"Elvet, Gilesgate and Shincliffe",
North East Green Party,Durham Green Party,Evenwood,
North East Green Party,Durham Green Party,Ferryhill,
North East Green Party,Durham Green Party,Framwellgate and Newton Hall,
North East Green Party,Durham Green Party,Horden and Dene House,
North East Green Party,Durham Green Party,Lanchester and Burnhope,
North East Green Party,Durham Green Party,Langley and Esh,
North East Green Party,Durham Green Party,Lower Teesdale,
North East Green Party,Durham Green Party,Lumley and West Rainton,
North East Green Party,Durham Green Party,Murton,
North East Green Party,Durham Green Party,Neville's Cross,
North East Green Party,Durham Green Party,North Lodge,
North East Green Party,Durham Green Party,Pelton,
North East Green Party,Durham Green Party,Peterlee,
North East Green Party,Durham Green Party,Pittington and Sherburn,
North East Green Party,Durham Green Party,Sacriston and Witton Gilbert,
North East Green Party,Durham Green Party,Seaham,
North East Green Party,Durham Green Party,Sedgefield,
North East Green Party,Durham Green Party,Shildon and Dene Valley,
North East Green Party,Durham Green Party,Spennymoor,
North East Green Party,Durham Green Party,Stanley,
North East Green Party,Durham Green Party,Thornley and Wheatley Hill,
North East Green Party,Durham Green Party,Trimdon and Wingate,
North East Green Party,Durham Green Party,Tudhoe,
North East Green Party,Durham Green Party,Upper Teesdale,
North East Green Party,Durham Green Party,Weardale,
North East Green Party,Durham Green Party,West Auckland,
North East Green Party,Durham Green Party,Willington and Hunwick,
North East Green Party,Gateshead Green Party,Birtley,
North East Green Party,Gateshead Green Party,Blaydon,
North East Green Party,Gateshead Green Party,Bridges,
North East Green Party,Gateshead Green Party,Chopwell and Rowlands Gill,
North East Green Party,Gateshead Green Party,Chowdene,
North East Green Party,Gateshead Green Party,Crawcrook and Greenside,
North East Green Party,Gateshead Green Party,Deckham,
North East Green Party,Gateshead Green Party,Dunston and Teams,
North East Green Party,Gateshead Green Party,Dunston Hill and Whickham East,
North East Green Party,Gateshead Green Party,Felling,
North East Green Party,Gateshead Green Party,High Fell,
North East Green Party,Gateshead Green Party,Lamesley,
North East Green Party,Gateshead Green Party,Lobley Hill and Bensham,
North East Green Party,Gateshead Green Party,Low Fell,
North East Green Party,Gateshead Green Party,Pelaw and Heworth,
North East Green Party,Gateshead Green Party,"Ryton, Crookhill and Stella",
North East Green Party,Gateshead Green Party,Saltwell,
North East Green Party,Gateshead Green Party,Wardley and Leam Lane,
North East Green Party,Gateshead Green Party,Whickham North,
North East Green Party,Gateshead Green Party,Whickham South and Sunniside,
North East Green Party,Gateshead Green Party,Windy Nook and Whitehills,
North East Green Party,Gateshead Green Party,Winlaton and High Spen,
North East Green Party,Newcastle upon Tyne Green Party,Arthur's Hill,
North East Green Party,Newcastle upon Tyne Green Party,Benwell and Scotswood,
North East Green Party,Newcastle upon Tyne Green Party,Blakelaw,
North East Green Party,Newcastle upon Tyne Green Party,Byker,
North East Green Party,Newcastle upon Tyne Green Party,Callerton and Throckley,
North East Green Party,Newcastle upon Tyne Green Party,Castle,
North East Green Party,Newcastle upon Tyne Green Party,Chapel,
North East Green Party,Newcastle upon Tyne Green Party,Dene and South Gosforth,
North East Green Party,Newcastle upon Tyne Green Party,Denton and Westerhope,
North East Green Party,Newcastle upon Tyne Green Party,Elswick,
North East Green Party,Newcastle upon Tyne Green Party,Fawdon and West Gosforth,
North East Green Party,Newcastle upon Tyne Green Party,Gosforth,
North East Green Party,Newcastle upon Tyne Green Party,Heaton,
North East Green Party,Newcastle upon Tyne Green Party,Kenton,
North East Green Party,Newcastle upon Tyne Green Party,Kingston Park South and Newbiggin Hall,
North East Green Party,Newcastle upon Tyne Green Party,Lemington,
North East Green Party,Newcastle upon Tyne Green Party,Manor Park,
North East Green Party,Newcastle upon Tyne Green Party,Monument,
North East Green Party,Newcastle upon Tyne Green Party,North Jesmond,
North East Green Party,Newcastle upon Tyne Green Party,Ouseburn,
North East Green Party,Newcastle upon Tyne Green Party,Parklands,
North East Green Party,Newcastle upon Tyne Green Party,South Jesmond,
North East Green Party,Newcastle upon Tyne Green Party,Walker,
North East Green Party,Newcastle upon Tyne Green Party,Walkergate,
North East Green Party,Newcastle upon Tyne Green Party,West Fenham,
North East Green Party,Newcastle upon Tyne Green Party,Wingrove,
North East Green Party,Northumberland Green Party,Alnwick Castle,
North East Green Party,Northumberland Green Party,Alnwick Hotspur,
North East Green Party,Northumberland Green Party,Amble,
North East Green Party,Northumberland Green Party,Amble West with Warkworth,
North East Green Party,Northumberland Green Party,Ashington Central,
North East Green Party,Northumberland Green Party,Bamburgh,
North East Green Party,Northumberland Green Party,Bebside and Kitty Brewster,
North East Green Party,Northumberland Green Party,Bedlington Central,
North East Green Party,Northumberland Green Party,Bedlington East,
North East Green Party,Northumberland Green Party,Bedlington West,
North East Green Party,Northumberland Green Party,Bellingham,
North East Green Party,Northumberland Green Party,Berwick East,
North East Green Party,Northumberland Green Party,Berwick North,
North East Green Party,Northumberland Green Party,Berwick West with Ord,
North East Green Party,Northumberland Green Party,Bothal,
North East Green Party,Northumberland Green Party,Choppington and Hepscott,
North East Green Party,Northumberland Green Party,College with North Seaton,
North East Green Party,Northumberland Green Party,Corbridge,
North East Green Party,Northumberland Green Party,Cowpen,
North East Green Party,Northumberland Green Party,Cramlington East and Double Row,
North East Green Party,Northumberland Green Party,Cramlington Eastfield,
North East Green Party,Northumberland Green Party,Cramlington North,
North East Green Party,Northumberland Green Party,Cramlington North West,
North East Green Party,Northumberland Green Party,Cramlington South East,
North East Green Party,Northumberland Green Party,Morpeth Central and East,
North East Green Party,Northumberland Green Party,Morpeth North and Pegswood,
North East Green Party,Northumberland Green Party,Morpeth South and West,
North East Green Party,Northumberland Green Party,Newbiggin,
North East Green Party,Northumberland Green Party,Ponteland,
North East Green Party,Northumberland Green Party,Prudhoe,
North East Green Party,Northumberland Green Party,Rothbury and Longframlington,
North East Green Party,Northumberland Green Party,"Seahouses, Belford and Wooler",
North East Green Party,Northumberland Green Party,Seaton Delaval and Seghill,
North East Green Party,Northumberland Green Party,"Stocksfield, Riding Mill and Corbridge",
North East Green Party,Northumberland Green Party,"Widdrington, Lynemouth and Hadston",
North East Green Party,Northumberland Green Party,Wylam and Ovingham,
North East Green Party,North Tyneside Borough Green Party,Backworth and Holystone,
North East Green Party,North Tyneside Borough Green Party,Battle Hill,
North East Green Party,North Tyneside Borough Green Party,Camperdown,
North East Green Party,North Tyneside Borough Green Party,Chirton and Percy Main,
North East Green Party,North Tyneside Borough Green Party,Cullercoats and Whitley Bay South,
North East Green Party,North Tyneside Borough Green Party,Forest Hall,
North East Green Party,North Tyneside Borough Green Party,Howdon,
North East Green Party,North Tyneside Borough Green Party,Killingworth,
North East Green Party,North Tyneside Borough Green Party,Longbenton and Benton,
North East Green Party,North Tyneside Borough Green Party,Monkseaton,
North East Green Party,North Tyneside Borough Green Party,New York and Murton,
North East Green Party,North Tyneside Borough Green Party,North Shields,
North East Green Party,North Tyneside Borough Green Party,Preston with Preston Grange,
North East Green Party,North Tyneside Borough Green Party,Shiremoor,
North East Green Party,North Tyneside Borough Green Party,St Mary's,
North East Green Party,North Tyneside Borough Green Party,Tynemouth,
North East Green Party,North Tyneside Borough Green Party,Wallsend Central,
North East Green Party,North Tyneside Borough Green Party,Wallsend North,
North East Green Party,North Tyneside Borough Green Party,Weetslade,
North East Green Party,North Tyneside Borough Green Party,Whitley Bay North,
North East Green Party,South Tyneside Green Party,Beacon and Bents,
North East Green Party,South Tyneside Green Party,Bede,
North East Green Party,South Tyneside Green Party,Biddick and All Saints,
North East Green Party,South Tyneside Green Party,Boldon Colliery,
North East Green Party,South Tyneside Green Party,Cleadon and East Boldon,
North East Green Party,South Tyneside Green Party,Cleadon Park,
North East Green Party,South Tyneside Green Party,Fellgate and Hedworth,
North East Green Party,South Tyneside Green Party,Harton,
North East Green Party,South Tyneside Green Party,Hebburn North,
North East Green Party,South Tyneside Green Party,Hebburn South,
North East Green Party,South Tyneside Green Party,Horsley Hill,
North East Green Party,South Tyneside Green Party,Monkton,
North East Green Party,South Tyneside Green Party,Primrose,
North East Green Party,South Tyneside Green Party,Simonside and Rekendyke,
North East Green Party,South Tyneside Green Party,West Park,
North East Green Party,South Tyneside Green Party,Westoe,
North East Green Party,South Tyneside Green Party,Whitburn and Marsden,
North East Green Party,South Tyneside Green Party,Whiteleas,
North East Green Party,South Tees Green Party,Acklam,
North East Green Party,South Tees Green Party,Ayresome,
North East Green Party,South Tees Green Party,Berwick Hills and Pallister,
North East Green Party,South Tees Green Party,Brambles and Thorntree,
North East Green Party,South Tees Green Party,Central,
North East Green Party,South Tees Green Party,Coulby Newham,
North East Green Party,South Tees Green Party,Hemlington,
North East Green Party,South Tees Green Party,Kader,
North East Green Party,South Tees Green Party,Ladgate,
North East Green Party,South Tees Green Party,Linthorpe,
North East Green Party,South Tees Green Party,Longlands and Beechwood,
North East Green Party,South Tees Green Party,Marton East,
North East Green Party,South Tees Green Party,Marton West,
North East Green Party,South Tees Green Party,Newport,
North East Green Party,South Tees Green Party,North Ormesby,
North East Green Party,South Tees Green Party,Nunthorpe,
North East Green Party,South Tees Green Party,Park,
North East Green Party,South Tees Green Party,Park End and Beckfield,
North East Green Party,South Tees Green Party,Stainton and Thornton,
North East Green Party,South Tees Green Party,Trimdon,
North East Green Party,South Tees Green Party,Belmont,
North East Green Party,South Tees Green Party,Brotton,
North East Green Party,South Tees Green Party,Coatham,
North East Green Party,South Tees Green Party,Dormanstown,
North East Green Party,South Tees Green Party,Eston,
North East Green Party,South Tees Green Party,Grangetown,
North East Green Party,South Tees Green Party,Guisborough,
North East Green Party,South Tees Green Party,Hutton,
North East Green Party,South Tees Green Party,Kirkleatham,
North East Green Party,South Tees Green Party,Lockwood,
North East Green Party,South Tees Green Party,Loftus,
North East Green Party,South Tees Green Party,Longbeck,
North East Green Party,South Tees Green Party,Newcomen,
North East Green Party,South Tees Green Party,Normanby,
North East Green Party,South Tees Green Party,Ormesby,
North East Green Party,South Tees Green Party,Saltburn,
North East Green Party,South Tees Green Party,Skelton East,
North East Green Party,South Tees Green Party,Skelton West,
North East Green Party,South Tees Green Party,South Bank,
North East Green Party,South Tees Green Party,St Germain's,
North East Green Party,South Tees Green Party,Teesville,
North East Green Party,South Tees Green Party,West Dyke,
North East Green Party,South Tees Green Party,Wheatlands,
North East Green Party,South Tees Green Party,Zetland,
North East Green Party,Sunderland Green Party,Barnes & Thornhill,
North East Green Party,Sunderland Green Party,Deptford & Hendon,
North East Green Party,Sunderland Green Party,Doxford Park,
North East Green Party,Sunderland Green Party,Farringdon & Silksworth,
North East Green Party,Sunderland Green Party,Fulwell,
North East Green Party,Sunderland Green Party,Grangetown,
North East Green Party,Sunderland Green Party,Grindon & Thorney Close,
North East Green Party,Sunderland Green Party,Herrington & Newbottle,
North East Green Party,Sunderland Green Party,Hetton,
North East Green Party,Sunderland Green Party,Houghton North,
North East Green Party,Sunderland Green Party,Houghton South & Hetton Downs,
North East Green Party,Sunderland Green Party,Hylton Castle,
North East Green Party,Sunderland Green Party,Pallion & Ford,
North East Green Party,Sunderland Green Party,Pennywell & South Hylton,
North East Green Party,Sunderland Green Party,Penshaw & Shiney Row,
North East Green Party,Sunderland Green Party,Redhouse,
North East Green Party,Sunderland Green Party,Roker,
North East Green Party,Sunderland Green Party,Ryhope,
North East Green Party,Sunderland Green Party,Southwick,
North East Green Party,Sunderland Green Party,Tunstall & Humbledon,
North East Green Party,Sunderland Green Party,Washington Central,
North East Green Party,Sunderland Green Party,Washington East,
North East Green Party,Sunderland Green Party,Washington North,
North East Green Party,Sunderland Green Party,Washington South,
North East Green Party,Sunderland Green Party,Washington West,
North East Green Party,Stockton and Hartlepool Green Party,Billingham Central,
North East Green Party,Stockton and Hartlepool Green Party,Billingham East,
North East Green Party,Stockton and Hartlepool Green Party,Billingham North,
North East Green Party,Stockton and Hartlepool Green Party,Billingham South,
North East Green Party,Stockton and Hartlepool Green Party,Billingham West and Wolviston,
North East Green Party,Stockton and Hartlepool Green Party,Bishopsgarth and Elm Tree,
North East Green Party,Stockton and Hartlepool Green Party,Eaglescliffe East,
North East Green Party,Stockton and Hartlepool Green Party,Eaglescliffe West,
North East Green Party,Stockton and Hartlepool Green Party,Fairfield,
North East Green Party,Stockton and Hartlepool Green Party,Grangefield,
North East Green Party,Stockton and Hartlepool Green Party,Hardwick and Salters Lane,
North East Green Party,Stockton and Hartlepool Green Party,Hartburn,
North East Green Party,Stockton and Hartlepool Green Party,Ingleby Barwick North,
North East Green Party,Stockton and Hartlepool Green Party,Ingleby Barwick South,
North East Green Party,Stockton and Hartlepool Green Party,Mandale and Victoria,
North East Green Party,Stockton and Hartlepool Green Party,Newtown,
North East Green Party,Stockton and Hartlepool Green Party,Northern Parishes,
North East Green Party,Stockton and Hartlepool Green Party,Norton Central,
North East Green Party,Stockton and Hartlepool Green Party,Norton North,
North East Green Party,Stockton and Hartlepool Green Party,Norton South,
North East Green Party,Stockton and Hartlepool Green Party,Ropner,
North East Green Party,Stockton and Hartlepool Green Party,Roseworth,
North East Green Party,Stockton and Hartlepool Green Party,Southern Villages,
North East Green Party,Stockton and Hartlepool Green Party,Stainsby Hill,
North East Green Party,Stockton and Hartlepool Green Party,Stockton Town Centre,
North East Green Party,Stockton and Hartlepool Green Party,Village,
North East Green Party,Stockton and Hartlepool Green Party,Yarm,
North East Green Party,Stockton and Hartlepool Green Party,Burn Valley,
North East Green Party,Stockton and Hartlepool Green Party,De Bruce,
North East Green Party,Stockton and Hartlepool Green Party,Fens and Greatham,
North East Green Party,Stockton and Hartlepool Green Party,Foggy Furze,
North East Green Party,Stockton and Hartlepool Green Party,Hart,
North East Green Party,Stockton and Hartlepool Green Party,Headland and Harbour,
North East Green Party,Stockton and Hartlepool Green Party,Manor House,
North East Green Party,Stockton and Hartlepool Green Party,Rossmere,
North East Green Party,Stockton and Hartlepool Green Party,Rural West,
North East Green Party,Stockton and Hartlepool Green Party,Seaton,
North East Green Party,Stockton and Hartlepool Green Party,Throston,
North East Green Party,Stockton and Hartlepool Green Party,Victoria,
North West Green Party,Barrow and Furness Green Party,Dalton North,
North West Green Party,Barrow and Furness Green Party,Dalton South,
North West Green Party,Barrow and Furness Green Party,Hawcoat and Newbarns,
North West Green Party,Barrow and Furness Green Party,Old Barrow and Hindpool,
North West Green Party,Barrow and Furness Green Party,Ormsgill and Parkside,
North West Green Party,Barrow and Furness Green Party,Risedale and Roosecote,
North West Green Party,Barrow and Furness Green Party,Walney Island,
North West Green Party,Carlisle and District Green Party,Belah,
North West Green Party,Carlisle and District Green Party,Botcherby,
North West Green Party,Carlisle and District Green Party,Brampton,
North West Green Party,Carlisle and District Green Party,Castle,
North West Green Party,Carlisle and District Green Party,Corby and Hayton,
North West Green Party,Carlisle and District Green Party,Currock,
North West Green Party,Carlisle and District Green Party,Dalston and Burgh,
North West Green Party,Carlisle and District Green Party,Denton Holme,
North West Green Party,Carlisle and District Green Party,Harraby North,
North West Green Party,Carlisle and District Green Party,Harraby South,
North West Green Party,Carlisle and District Green Party,Houghton and Irthington,
North West Green Party,Carlisle and District Green Party,Howgate,
North West Green Party,Carlisle and District Green Party,Longtown,
North West Green Party,Carlisle and District Green Party,Stanwix Urban,
North West Green Party,Carlisle and District Green Party,Upperby,
North West Green Party,Carlisle and District Green Party,Wetheral,
North West Green Party,Penrith and Eden Green Party,Alston and Fellside,
North West Green Party,Penrith and Eden Green Party,Appleby and Brough,
North West Green Party,Penrith and Eden Green Party,Eamont and Shap,
North West Green Party,Penrith and Eden Green Party,Eden and Lyvennet Vale,
North West Green Party,Penrith and Eden Green Party,Greystoke and Ullswater,
North West Green Party,Penrith and Eden Green Party,Hesket and Lazonby,
North West Green Party,Penrith and Eden Green Party,Kirkby Stephen and Tebay,
North West Green Party,Penrith and Eden Green Party,Penrith North,
North West Green Party,Penrith and Eden Green Party,Penrith South,
North West Green Party,South Lakeland â Westmorland and Lonsdale Green Party,Bowness and Lyth,
North West Green Party,South Lakeland â Westmorland and Lonsdale Green Party,Burton and Holme,
North West Green Party,South Lakeland â Westmorland and Lonsdale Green Party,Coniston and Hawkshead,
North West Green Party,South Lakeland â Westmorland and Lonsdale Green Party,Grange and Cartmel,
North West Green Party,South Lakeland â Westmorland and Lonsdale Green Party,Kendal Castle,
North West Green Party,South Lakeland â Westmorland and Lonsdale Green Party,Kendal Highgate,
North West Green Party,South Lakeland â Westmorland and Lonsdale Green Party,Kendal Nether,
North West Green Party,South Lakeland â Westmorland and Lonsdale Green Party,Kendal South,
North West Green Party,South Lakeland â Westmorland and Lonsdale Green Party,Kendal Strickland and Fell,
North West Green Party,South Lakeland â Westmorland and Lonsdale Green Party,Kent Estuary,
North West Green Party,South Lakeland â Westmorland and Lonsdale Green Party,Levens and Crooklands,
North West Green Party,South Lakeland â Westmorland and Lonsdale Green Party,Sedbergh and Kirkby Lonsdale,
North West Green Party,South Lakeland â Westmorland and Lonsdale Green Party,Upper Kent,
North West Green Party,South Lakeland â Westmorland and Lonsdale Green Party,Windermere and Ambleside,
North West Green Party,Ulverston Green Party,Ulverston,
North West Green Party,West Cumberland Green Party,Aspatria,
North West Green Party,West Cumberland Green Party,Bothel and Wharrels,
North West Green Party,West Cumberland Green Party,Bransty,
North West Green Party,West Cumberland Green Party,Cleator Moor East and Frizington,
North West Green Party,West Cumberland Green Party,Cleator Moor West,
North West Green Party,West Cumberland Green Party,Cockermouth North,
North West Green Party,West Cumberland Green Party,Cockermouth South,
North West Green Party,West Cumberland Green Party,Dearham and Broughton,
North West Green Party,West Cumberland Green Party,Egremont,
North West Green Party,West Cumberland Green Party,Egremont North and St Bees,
North West Green Party,West Cumberland Green Party,Gosforth,
North West Green Party,West Cumberland Green Party,Harrington,
North West Green Party,West Cumberland Green Party,Hillcrest and Hensingham,
North West Green Party,West Cumberland Green Party,Kells and Sandwith,
North West Green Party,West Cumberland Green Party,Keswick,
North West Green Party,West Cumberland Green Party,Maryport North,
North West Green Party,West Cumberland Green Party,Maryport South,
North West Green Party,West Cumberland Green Party,Millom,
North West Green Party,West Cumberland Green Party,Millom Without,
North West Green Party,West Cumberland Green Party,Mirehouse,
North West Green Party,West Cumberland Green Party,Morton,
North West Green Party,West Cumberland Green Party,Moss Bay and Moorclose,
North West Green Party,West Cumberland Green Party,Seaton,
North West Green Party,West Cumberland Green Party,Solway Coast,
North West Green Party,West Cumberland Green Party,St John's and Great Clifton,
North West Green Party,West Cumberland Green Party,St Michael's,
North West Green Party,West Cumberland Green Party,Thursby,
North West Green Party,West Cumberland Green Party,Wigton,
North West Green Party,West Cumberland Green Party,Yewdale,
North West Green Party,Blackburn & Darwen Green Party,Audley and Queen's Park,
North West Green Party,Blackburn & Darwen Green Party,Bastwell and Daisyfield,
North West Green Party,Blackburn & Darwen Green Party,Billinge and Beardwood,
North West Green Party,Blackburn & Darwen Green Party,Blackburn Central,
North West Green Party,Blackburn & Darwen Green Party,Blackburn South and Lower Darwen,
North West Green Party,Blackburn & Darwen Green Party,Blackburn South East,
North West Green Party,Blackburn & Darwen Green Party,Darwen East,
North West Green Party,Blackburn & Darwen Green Party,Darwen South,
North West Green Party,Blackburn & Darwen Green Party,Darwen West,
North West Green Party,Blackburn & Darwen Green Party,Ewood,
North West Green Party,Blackburn & Darwen Green Party,Little Harwood and Whitebirk,
North West Green Party,Blackburn & Darwen Green Party,Livesey with Pleasington,
North West Green Party,Blackburn & Darwen Green Party,Mill Hill and Moorgate,
North West Green Party,Blackburn & Darwen Green Party,Roe Lee,
North West Green Party,Blackburn & Darwen Green Party,Shear Brow and Corporation Park,
North West Green Party,Blackburn & Darwen Green Party,Wensley Fold,
North West Green Party,Blackburn & Darwen Green Party,West Pennine,
North West Green Party,Blackpool and Fylde Green Party,Anchorsholme,
North West Green Party,Blackpool and Fylde Green Party,Bispham,
North West Green Party,Blackpool and Fylde Green Party,Bloomfield,
North West Green Party,Blackpool and Fylde Green Party,Brunswick,
North West Green Party,Blackpool and Fylde Green Party,Claremont,
North West Green Party,Blackpool and Fylde Green Party,Clifton,
North West Green Party,Blackpool and Fylde Green Party,Greenlands,
North West Green Party,Blackpool and Fylde Green Party,Hawes Side,
North West Green Party,Blackpool and Fylde Green Party,Highfield,
North West Green Party,Blackpool and Fylde Green Party,Ingthorpe,
North West Green Party,Blackpool and Fylde Green Party,Layton,
North West Green Party,Blackpool and Fylde Green Party,Marton,
North West Green Party,Blackpool and Fylde Green Party,Norbreck,
North West Green Party,Blackpool and Fylde Green Party,Park,
North West Green Party,Blackpool and Fylde Green Party,Squires Gate,
North West Green Party,Blackpool and Fylde Green Party,Stanley,
North West Green Party,Blackpool and Fylde Green Party,Talbot,
North West Green Party,Blackpool and Fylde Green Party,Tyldesley,
North West Green Party,Blackpool and Fylde Green Party,Victoria,
North West Green Party,Blackpool and Fylde Green Party,Warbreck,
North West Green Party,Blackpool and Fylde Green Party,Waterloo,
North West Green Party,Blackpool and Fylde Green Party,Ansdell and Fairhaven,
North West Green Party,Blackpool and Fylde Green Party,Ashton,
North West Green Party,Blackpool and Fylde Green Party,Carnegie,
North West Green Party,Blackpool and Fylde Green Party,Freckleton Village,
North West Green Party,Blackpool and Fylde Green Party,Heyhouses,
North West Green Party,Blackpool and Fylde Green Party,Kilgrimol,
North West Green Party,Blackpool and Fylde Green Party,Kilnhouse,
North West Green Party,Blackpool and Fylde Green Party,Kirkham,
North West Green Party,Blackpool and Fylde Green Party,Lytham East,
North West Green Party,Blackpool and Fylde Green Party,Lytham West,
North West Green Party,Blackpool and Fylde Green Party,Medlar-with-Wesham,
North West Green Party,Blackpool and Fylde Green Party,Park,
North West Green Party,Blackpool and Fylde Green Party,Rural East Fylde,
North West Green Party,Blackpool and Fylde Green Party,Rural North Fylde,
North West Green Party,Blackpool and Fylde Green Party,Staining,
North West Green Party,Blackpool and Fylde Green Party,Warton,
North West Green Party,Blackpool and Fylde Green Party,Wrea Green with Westby,
North West Green Party,Burnley Green Party,Bank Hall,
North West Green Party,Burnley Green Party,Briercliffe,
North West Green Party,Burnley Green Party,Brunshaw,
North West Green Party,Burnley Green Party,Cliviger with Worsthorne,
North West Green Party,Burnley Green Party,Coal Clough with Deerplay,
North West Green Party,Burnley Green Party,Daneshouse with Stoneyholme,
North West Green Party,Burnley Green Party,Gannow,
North West Green Party,Burnley Green Party,Gawthorpe,
North West Green Party,Burnley Green Party,Hapton with Park,
North West Green Party,Burnley Green Party,Lanehead,
North West Green Party,Burnley Green Party,Queensgate,
North West Green Party,Burnley Green Party,Rosegrove with Lowerhouse,
North West Green Party,Burnley Green Party,Rosehill with Burnley Wood,
North West Green Party,Burnley Green Party,Trinity,
North West Green Party,Burnley Green Party,Whittlefield with Ightenhill,
North West Green Party,Chorley Green Party,Adlington and Anderton,
North West Green Party,Chorley Green Party,Buckshaw and Whittle,
North West Green Party,Chorley Green Party,Chorley East,
North West Green Party,Chorley Green Party,Chorley North and Astley,
North West Green Party,Chorley Green Party,Chorley North East,
North West Green Party,Chorley Green Party,Chorley North West,
North West Green Party,Chorley Green Party,Chorley South East and Heath Charnock,
North West Green Party,Chorley Green Party,Chorley South West,
North West Green Party,Chorley Green Party,"Clayton East, Brindle and Hoghton",
North West Green Party,Chorley Green Party,Clayton West and Cuerden,
North West Green Party,Chorley Green Party,Coppull,
North West Green Party,Chorley Green Party,"Croston, Mawdesley and Euxton South",
North West Green Party,Chorley Green Party,"Eccleston, Heskin and Charnock Richard",
North West Green Party,Chorley Green Party,Euxton,
North West Green Party,Hyndburn Green Party,Altham,
North West Green Party,Hyndburn Green Party,Barnfield,
North West Green Party,Hyndburn Green Party,Baxenden,
North West Green Party,Hyndburn Green Party,Central,
North West Green Party,Hyndburn Green Party,Church,
North West Green Party,Hyndburn Green Party,Clayton-le-Moors,
North West Green Party,Hyndburn Green Party,Huncoat,
North West Green Party,Hyndburn Green Party,Immanuel,
North West Green Party,Hyndburn Green Party,Milnshaw,
North West Green Party,Hyndburn Green Party,Netherton,
North West Green Party,Hyndburn Green Party,Overton,
North West Green Party,Hyndburn Green Party,Peel,
North West Green Party,Hyndburn Green Party,Rishton,
North West Green Party,Hyndburn Green Party,Spring Hill,
North West Green Party,Hyndburn Green Party,St Andrew's,
North West Green Party,Hyndburn Green Party,St Oswald's,
North West Green Party,North Lancs (Lancaster and Wyre) Green Party,Bare,
North West Green Party,North Lancs (Lancaster and Wyre) Green Party,Bolton and Slyne,
North West Green Party,North Lancs (Lancaster and Wyre) Green Party,Bowerham,
North West Green Party,North Lancs (Lancaster and Wyre) Green Party,Bulk,
North West Green Party,North Lancs (Lancaster and Wyre) Green Party,Carnforth and Millhead,
North West Green Party,North Lancs (Lancaster and Wyre) Green Party,Castle,
North West Green Party,North Lancs (Lancaster and Wyre) Green Party,Ellel,
North West Green Party,North Lancs (Lancaster and Wyre) Green Party,Halton-with-Aughton and Kellet,
North West Green Party,North Lancs (Lancaster and Wyre) Green Party,Heysham Central,
North West Green Party,North Lancs (Lancaster and Wyre) Green Party,Heysham North,
North West Green Party,North Lancs (Lancaster and Wyre) Green Party,Heysham South,
North West Green Party,North Lancs (Lancaster and Wyre) Green Party,John O'Gaunt,
North West Green Party,North Lancs (Lancaster and Wyre) Green Party,Lower Lune Valley,
North West Green Party,North Lancs (Lancaster and Wyre) Green Party,Marsh,
North West Green Party,North Lancs (Lancaster and Wyre) Green Party,Overton,
North West Green Party,North Lancs (Lancaster and Wyre) Green Party,Poulton,
North West Green Party,North Lancs (Lancaster and Wyre) Green Party,Scale Hall,
North West Green Party,North Lancs (Lancaster and Wyre) Green Party,Scotforth East,
North West Green Party,North Lancs (Lancaster and Wyre) Green Party,Scotforth West,
North West Green Party,North Lancs (Lancaster and Wyre) Green Party,Silverdale,
North West Green Party,North Lancs (Lancaster and Wyre) Green Party,Skerton,
North West Green Party,North Lancs (Lancaster and Wyre) Green Party,Torrisholme,
North West Green Party,North Lancs (Lancaster and Wyre) Green Party,University,
North West Green Party,North Lancs (Lancaster and Wyre) Green Party,Upper Lune Valley,
North West Green Party,North Lancs (Lancaster and Wyre) Green Party,Warton,
North West Green Party,North Lancs (Lancaster and Wyre) Green Party,West End,
North West Green Party,North Lancs (Lancaster and Wyre) Green Party,Westgate,
North West Green Party,North Lancs (Lancaster and Wyre) Green Party,Bourne,
North West Green Party,North Lancs (Lancaster and Wyre) Green Party,Breck,
North West Green Party,North Lancs (Lancaster and Wyre) Green Party,Brock with Catterall,
North West Green Party,North Lancs (Lancaster and Wyre) Green Party,Calder,
North West Green Party,North Lancs (Lancaster and Wyre) Green Party,Carleton,
North West Green Party,North Lancs (Lancaster and Wyre) Green Party,Cleveleys Park,
North West Green Party,North Lancs (Lancaster and Wyre) Green Party,Garstang,
North West Green Party,North Lancs (Lancaster and Wyre) Green Party,Great Eccleston,
North West Green Party,North Lancs (Lancaster and Wyre) Green Party,Hambleton and Stalmine,
North West Green Party,North Lancs (Lancaster and Wyre) Green Party,Hardhorn with High Cross,
North West Green Party,North Lancs (Lancaster and Wyre) Green Party,Jubilee,
North West Green Party,North Lancs (Lancaster and Wyre) Green Party,Marsh Mill,
North West Green Party,North Lancs (Lancaster and Wyre) Green Party,Mount,
North West Green Party,North Lancs (Lancaster and Wyre) Green Party,Park,
North West Green Party,North Lancs (Lancaster and Wyre) Green Party,Pharos,
North West Green Party,North Lancs (Lancaster and Wyre) Green Party,Pheasant's Wood,
North West Green Party,North Lancs (Lancaster and Wyre) Green Party,Pilling,
North West Green Party,North Lancs (Lancaster and Wyre) Green Party,Preesall,
North West Green Party,North Lancs (Lancaster and Wyre) Green Party,Rossall,
North West Green Party,North Lancs (Lancaster and Wyre) Green Party,Stanah,
North West Green Party,North Lancs (Lancaster and Wyre) Green Party,Tithebarn,
North West Green Party,North Lancs (Lancaster and Wyre) Green Party,Victoria and Norcross,
North West Green Party,North Lancs (Lancaster and Wyre) Green Party,Warren,
North West Green Party,North Lancs (Lancaster and Wyre) Green Party,Wyresdale,
North West Green Party,Pendle Green Party,Barnoldswick,
North West Green Party,Pendle Green Party,Barrowford and Pendleside,
North West Green Party,Pendle Green Party,Boulsworth and Foulridge,
North West Green Party,Pendle Green Party,Bradley,
North West Green Party,Pendle Green Party,Brierfield East and Clover Hill,
North West Green Party,Pendle Green Party,Brierfield West and Reedley,
North West Green Party,Pendle Green Party,Earby and Coates,
North West Green Party,Pendle Green Party,Fence and Higham,
North West Green Party,Pendle Green Party,Marsden and Southfield,
North West Green Party,Pendle Green Party,Vivary Bridge,
North West Green Party,Pendle Green Party,Waterside and Horsfield,
North West Green Party,Pendle Green Party,Whitefield and Walverden,
North West Green Party,Preston Green Party,Ashton,
North West Green Party,Preston Green Party,Brookfield,
North West Green Party,Preston Green Party,Cadley,
North West Green Party,Preston Green Party,City Centre,
North West Green Party,Preston Green Party,Deepdale,
North West Green Party,Preston Green Party,Fishwick and Frenchwood,
North West Green Party,Preston Green Party,Garrison,
North West Green Party,Preston Green Party,Greyfriars,
North West Green Party,Preston Green Party,Ingol and Cottam,
North West Green Party,Preston Green Party,Lea and Larches,
North West Green Party,Preston Green Party,Plungington,
North West Green Party,Preston Green Party,Preston Rural East,
North West Green Party,Preston Green Party,Preston Rural North,
North West Green Party,Preston Green Party,Ribbleton,
North West Green Party,Preston Green Party,Sharoe Green,
North West Green Party,Preston Green Party,St Matthew's,
North West Green Party,Ribble Valley Green Party,Alston and Hothersall,
North West Green Party,Ribble Valley Green Party,Billington and Langho,
North West Green Party,Ribble Valley Green Party,Bowland,
North West Green Party,Ribble Valley Green Party,Brockhall and Dinckley,
North West Green Party,Ribble Valley Green Party,Chatburn,
North West Green Party,Ribble Valley Green Party,Chipping,
North West Green Party,Ribble Valley Green Party,Clayton-le-Dale and Salesbury,
North West Green Party,Ribble Valley Green Party,Derby and Thornley,
North West Green Party,Ribble Valley Green Party,Dilworth,
North West Green Party,Ribble Valley Green Party,"East Whalley, Read and Simonstone",
North West Green Party,Ribble Valley Green Party,Edisford and Low Moor,
North West Green Party,Ribble Valley Green Party,Gisburn and Rimington,
North West Green Party,Ribble Valley Green Party,Hurst Green and Whitewell,
North West Green Party,Ribble Valley Green Party,Littlemoor,
North West Green Party,Ribble Valley Green Party,Mellor,
North West Green Party,Ribble Valley Green Party,Primrose,
North West Green Party,Ribble Valley Green Party,Ribchester,
North West Green Party,Ribble Valley Green Party,Sabden,
North West Green Party,Ribble Valley Green Party,Salthill,
North West Green Party,Ribble Valley Green Party,St Mary's,
North West Green Party,Ribble Valley Green Party,"Waddington, Bashall Eaves and Mitton",
North West Green Party,Ribble Valley Green Party,West Bradford and Grindleton,
North West Green Party,Ribble Valley Green Party,Whalley and Painter Wood,
North West Green Party,Ribble Valley Green Party,Whalley Nethertown,
North West Green Party,Ribble Valley Green Party,Wilpshire and Ramsgreave,
North West Green Party,Ribble Valley Green Party,Wiswell and Barrow,
North West Green Party,Rossendale Green Party,Bacup,
North West Green Party,Rossendale Green Party,Britannia and Lee Mill,
North West Green Party,Rossendale Green Party,Goodshaw and Cribden,
North West Green Party,Rossendale Green Party,Greenfield and Eden,
North West Green Party,Rossendale Green Party,Hareholme and Waterfoot,
North West Green Party,Rossendale Green Party,Haslingden,
North West Green Party,Rossendale Green Party,Helmshore,
North West Green Party,Rossendale Green Party,Longholme,
North West Green Party,Rossendale Green Party,Whitewell and Stacksteads,
North West Green Party,Rossendale Green Party,Whitworth,
North West Green Party,South Ribble Green Party,Bamber Bridge East,
North West Green Party,South Ribble Green Party,Bamber Bridge West,
North West Green Party,South Ribble Green Party,Broad Oak,
North West Green Party,South Ribble Green Party,Broadfield,
North West Green Party,South Ribble Green Party,Buckshaw and Worden,
North West Green Party,South Ribble Green Party,Charnock,
North West Green Party,South Ribble Green Party,Coupe Green and Gregson Lane,
North West Green Party,South Ribble Green Party,Earnshaw Bridge,
North West Green Party,South Ribble Green Party,Farington East,
North West Green Party,South Ribble Green Party,Farington West,
North West Green Party,South Ribble Green Party,Hoole,
North West Green Party,South Ribble Green Party,Howick and Priory,
North West Green Party,South Ribble Green Party,Leyland Central,
North West Green Party,South Ribble Green Party,Longton and Hutton West,
North West Green Party,South Ribble Green Party,Lostock Hall,
North West Green Party,South Ribble Green Party,Middleforth,
North West Green Party,South Ribble Green Party,Moss Side,
North West Green Party,South Ribble Green Party,New Longton and Hutton East,
North West Green Party,South Ribble Green Party,Samlesbury and Walton,
North West Green Party,South Ribble Green Party,Seven Stars,
North West Green Party,South Ribble Green Party,St Ambrose,
North West Green Party,South Ribble Green Party,Walton-le-Dale East,
North West Green Party,South Ribble Green Party,Walton-le-Dale West,
North West Green Party,West Lancs Green Party,Aughton and Holborn,
North West Green Party,West Lancs Green Party,Burscough Bridge and Rufford,
North West Green Party,West Lancs Green Party,Burscough Town,
North West Green Party,West Lancs Green Party,North Meols and Hesketh Bank,
North West Green Party,West Lancs Green Party,Old Skelmersdale,
North West Green Party,West Lancs Green Party,Ormskirk East,
North West Green Party,West Lancs Green Party,Ormskirk West,
North West Green Party,West Lancs Green Party,Rural North East,
North West Green Party,West Lancs Green Party,Rural South,
North West Green Party,West Lancs Green Party,Rural West,
North West Green Party,West Lancs Green Party,Skelmersdale North,
North West Green Party,West Lancs Green Party,Skelmersdale South,
North West Green Party,West Lancs Green Party,Tanhouse and Skelmersdale Town Centre,
North West Green Party,West Lancs Green Party,Tarleton Village,
North West Green Party,West Lancs Green Party,Up Holland,
North West Green Party,Bolton Green Party,Astley Bridge,
North West Green Party,Bolton Green Party,Bradshaw,
North West Green Party,Bolton Green Party,Breightmet,
North West Green Party,Bolton Green Party,Bromley Cross,
North West Green Party,Bolton Green Party,Farnworth North,
North West Green Party,Bolton Green Party,Farnworth South,
North West Green Party,Bolton Green Party,Great Lever,
North West Green Party,Bolton Green Party,Halliwell,
North West Green Party,Bolton Green Party,"Heaton, Lostock and Chew Moor",
North West Green Party,Bolton Green Party,Horwich North,
North West Green Party,Bolton Green Party,Horwich South and Blackrod,
North West Green Party,Bolton Green Party,Hulton,
North West Green Party,Bolton Green Party,Kearsley,
North West Green Party,Bolton Green Party,Little Lever and Darcy Lever,
North West Green Party,Bolton Green Party,Queens Park and Central,
North West Green Party,Bolton Green Party,Rumworth,
North West Green Party,Bolton Green Party,Smithills,
North West Green Party,Bolton Green Party,Tonge with the Haulgh,
North West Green Party,Bolton Green Party,Westhoughton North and Hunger Hill,
North West Green Party,Bolton Green Party,Westhoughton South,
North West Green Party,Manchester Green Party,Ancoats and Beswick,
North West Green Party,Manchester Green Party,Ardwick,
North West Green Party,Manchester Green Party,Baguley,
North West Green Party,Manchester Green Party,Brooklands,
North West Green Party,Manchester Green Party,Burnage,
North West Green Party,Manchester Green Party,Charlestown,
North West Green Party,Manchester Green Party,Cheetham,
North West Green Party,Manchester Green Party,Chorlton,
North West Green Party,Manchester Green Party,Chorlton Park,
North West Green Party,Manchester Green Party,Clayton and Openshaw,
North West Green Party,Manchester Green Party,Crumpsall,
North West Green Party,Manchester Green Party,Deansgate,
North West Green Party,Manchester Green Party,Didsbury East,
North West Green Party,Manchester Green Party,Didsbury West,
North West Green Party,Manchester Green Party,Fallowfield,
North West Green Party,Manchester Green Party,Gorton and Abbey Hey,
North West Green Party,Manchester Green Party,Harpurhey,
North West Green Party,Manchester Green Party,Higher Blackley,
North West Green Party,Manchester Green Party,Hulme,
North West Green Party,Manchester Green Party,Levenshulme,
North West Green Party,Manchester Green Party,Longsight,
North West Green Party,Manchester Green Party,Miles Platting and Newton Heath,
North West Green Party,Manchester Green Party,Moss Side,
North West Green Party,Manchester Green Party,Moston,
North West Green Party,Manchester Green Party,Northenden,
North West Green Party,Manchester Green Party,Old Moat,
North West Green Party,Manchester Green Party,Piccadilly,
North West Green Party,Manchester Green Party,Rusholme,
North West Green Party,Manchester Green Party,Sharston,
North West Green Party,Manchester Green Party,Whalley Range,
North West Green Party,Manchester Green Party,Withington,
North West Green Party,Manchester Green Party,Woodhouse Park,
North West Green Party,Oldham & Saddleworth Green Party,Alexandra,
North West Green Party,Oldham & Saddleworth Green Party,Chadderton Central,
North West Green Party,Oldham & Saddleworth Green Party,Chadderton North,
North West Green Party,Oldham & Saddleworth Green Party,Chadderton South,
North West Green Party,Oldham & Saddleworth Green Party,Coldhurst,
North West Green Party,Oldham & Saddleworth Green Party,Crompton,
North West Green Party,Oldham & Saddleworth Green Party,Failsworth East,
North West Green Party,Oldham & Saddleworth Green Party,Failsworth West,
North West Green Party,Oldham & Saddleworth Green Party,Hollinwood,
North West Green Party,Oldham & Saddleworth Green Party,Medlock Vale,
North West Green Party,Oldham & Saddleworth Green Party,Royton North,
North West Green Party,Oldham & Saddleworth Green Party,Royton South,
North West Green Party,Oldham & Saddleworth Green Party,Saddleworth North,
North West Green Party,Oldham & Saddleworth Green Party,Saddleworth South,
North West Green Party,Oldham & Saddleworth Green Party,Saddleworth West and Lees,
North West Green Party,Oldham & Saddleworth Green Party,Shaw,
North West Green Party,Oldham & Saddleworth Green Party,St James',
North West Green Party,Oldham & Saddleworth Green Party,St Mary's,
North West Green Party,Oldham & Saddleworth Green Party,Waterhead,
North West Green Party,Oldham & Saddleworth Green Party,Werneth,
North West Green Party,Rochdale Green Party,Balderstone and Kirkholt,
North West Green Party,Rochdale Green Party,Bamford,
North West Green Party,Rochdale Green Party,Castleton,
North West Green Party,Rochdale Green Party,Central Rochdale,
North West Green Party,Rochdale Green Party,East Middleton,
North West Green Party,Rochdale Green Party,Healey,
North West Green Party,Rochdale Green Party,Hopwood Hall,
North West Green Party,Rochdale Green Party,Kingsway,
North West Green Party,Rochdale Green Party,Littleborough Lakeside,
North West Green Party,Rochdale Green Party,Milkstone and Deeplish,
North West Green Party,Rochdale Green Party,Milnrow and Newhey,
North West Green Party,Rochdale Green Party,Norden,
North West Green Party,Rochdale Green Party,North Heywood,
North West Green Party,Rochdale Green Party,North Middleton,
North West Green Party,Rochdale Green Party,Smallbridge and Firgrove,
North West Green Party,Rochdale Green Party,South Middleton,
North West Green Party,Rochdale Green Party,Spotland and Falinge,
North West Green Party,Rochdale Green Party,"Wardle, Shore and West Littleborough",
North West Green Party,Rochdale Green Party,West Heywood,
North West Green Party,Rochdale Green Party,West Middleton,
North West Green Party,Salford and Bury Green Party,Barton and Winton,
North West Green Party,Salford and Bury Green Party,Blackfriars and Trinity,
North West Green Party,Salford and Bury Green Party,Boothstown and Ellenbrook,
North West Green Party,Salford and Bury Green Party,Broughton,
North West Green Party,Salford and Bury Green Party,Cadishead and Lower Irlam,
North West Green Party,Salford and Bury Green Party,Claremont,
North West Green Party,Salford and Bury Green Party,Eccles,
North West Green Party,Salford and Bury Green Party,Higher Irlam and Peel Green,
North West Green Party,Salford and Bury Green Party,Kersal and Broughton Park,
North West Green Party,Salford and Bury Green Party,Little Hulton,
North West Green Party,Salford and Bury Green Party,Ordsall,
North West Green Party,Salford and Bury Green Party,Pendlebury and Clifton,
North West Green Party,Salford and Bury Green Party,Pendleton and Charlestown,
North West Green Party,Salford and Bury Green Party,Quays,
North West Green Party,Salford and Bury Green Party,Swinton and Wardley,
North West Green Party,Salford and Bury Green Party,Swinton Park,
North West Green Party,Salford and Bury Green Party,Walkden North,
North West Green Party,Salford and Bury Green Party,Walkden South,
North West Green Party,Salford and Bury Green Party,Weaste and Seedley,
North West Green Party,Salford and Bury Green Party,Worsley and Westwood Park,
North West Green Party,Salford and Bury Green Party,Besses,
North West Green Party,Salford and Bury Green Party,Bury East,
North West Green Party,Salford and Bury Green Party,Bury West,
North West Green Party,Salford and Bury Green Party,Elton,
North West Green Party,Salford and Bury Green Party,Holyrood,
North West Green Party,Salford and Bury Green Party,Moorside,
North West Green Party,Salford and Bury Green Party,North Manor,
North West Green Party,Salford and Bury Green Party,Pilkington Park,
North West Green Party,Salford and Bury Green Party,Radcliffe East,
North West Green Party,Salford and Bury Green Party,Radcliffe North and Ainsworth,
North West Green Party,Salford and Bury Green Party,Radcliffe West,
North West Green Party,Salford and Bury Green Party,Ramsbottom,
North West Green Party,Salford and Bury Green Party,Redvales,
North West Green Party,Salford and Bury Green Party,Sedgley,
North West Green Party,Salford and Bury Green Party,St. Mary's,
North West Green Party,Salford and Bury Green Party,Tottington,
North West Green Party,Salford and Bury Green Party,Unsworth,
North West Green Party,Stockport Green Party,Bramhall North,
North West Green Party,Stockport Green Party,Bramhall South and Woodford,
North West Green Party,Stockport Green Party,Bredbury and Woodley,
North West Green Party,Stockport Green Party,Bredbury Green and Romiley,
North West Green Party,Stockport Green Party,Brinnington and Stockport Central,
North West Green Party,Stockport Green Party,Cheadle East and Cheadle Hulme North,
North West Green Party,Stockport Green Party,Cheadle Hulme South,
North West Green Party,Stockport Green Party,Cheadle West and Gatley,
North West Green Party,Stockport Green Party,Davenport and Cale Green,
North West Green Party,Stockport Green Party,Edgeley,
North West Green Party,Stockport Green Party,Hazel Grove,
North West Green Party,Stockport Green Party,Heald Green,
North West Green Party,Stockport Green Party,Heatons North,
North West Green Party,Stockport Green Party,Heatons South,
North West Green Party,Stockport Green Party,Manor,
North West Green Party,Stockport Green Party,Marple North,
North West Green Party,Stockport Green Party,Marple South and High Lane,
North West Green Party,Stockport Green Party,Norbury and Woodsmoor,
North West Green Party,Stockport Green Party,Offerton,
North West Green Party,Stockport Green Party,Reddish North,
North West Green Party,Stockport Green Party,Reddish South,
North West Green Party,Tameside Green Party,Ashton Hurst,
North West Green Party,Tameside Green Party,Ashton St Michael's,
North West Green Party,Tameside Green Party,Ashton Waterloo,
North West Green Party,Tameside Green Party,Audenshaw,
North West Green Party,Tameside Green Party,Denton North East,
North West Green Party,Tameside Green Party,Denton South,
North West Green Party,Tameside Green Party,Denton West,
North West Green Party,Tameside Green Party,Droylsden East,
North West Green Party,Tameside Green Party,Droylsden West,
North West Green Party,Tameside Green Party,Dukinfield,
North West Green Party,Tameside Green Party,Dukinfield Stalybridge,
North West Green Party,Tameside Green Party,Hyde Godley,
North West Green Party,Tameside Green Party,Hyde Newton,
North West Green Party,Tameside Green Party,Hyde Werneth,
North West Green Party,Tameside Green Party,Longdendale,
North West Green Party,Tameside Green Party,Mossley,
North West Green Party,Tameside Green Party,St Peter's,
North West Green Party,Tameside Green Party,Stalybridge North,
North West Green Party,Tameside Green Party,Stalybridge South,
North West Green Party,Trafford Green Party,Altrincham,
North West Green Party,Trafford Green Party,Ashton upon Mersey,
North West Green Party,Trafford Green Party,Bowdon,
North West Green Party,Trafford Green Party,Broadheath,
North West Green Party,Trafford Green Party,Brooklands,
North West Green Party,Trafford Green Party,Bucklow-St Martins,
North West Green Party,Trafford Green Party,Davyhulme,
North West Green Party,Trafford Green Party,Flixton,
North West Green Party,Trafford Green Party,Gorse Hill and Cornbrook,
North West Green Party,Trafford Green Party,Hale,
North West Green Party,Trafford Green Party,Hale Barns and Timperley South,
North West Green Party,Trafford Green Party,Longford,
North West Green Party,Trafford Green Party,Lostock and Barton,
North West Green Party,Trafford Green Party,Manor,
North West Green Party,Trafford Green Party,Old Trafford,
North West Green Party,Trafford Green Party,Sale Central,
North West Green Party,Trafford Green Party,Sale Moor,
North West Green Party,Trafford Green Party,Stretford and Humphrey Park,
North West Green Party,Trafford Green Party,Timperley Central,
North West Green Party,Trafford Green Party,Timperley North,
North West Green Party,Trafford Green Party,Urmston,
North West Green Party,Wigan and Leigh Green Party,Abram,
North West Green Party,Wigan and Leigh Green Party,Ashton-in-Makerfield South,
North West Green Party,Wigan and Leigh Green Party,"Aspull, New Springs and Whelley",
North West Green Party,Wigan and Leigh Green Party,Astley,
North West Green Party,Wigan and Leigh Green Party,Atherton North,
North West Green Party,Wigan and Leigh Green Party,Atherton South and Lilford,
North West Green Party,Wigan and Leigh Green Party,Bryn with Ashton-in-Makerfield North,
North West Green Party,Wigan and Leigh Green Party,Douglas,
North West Green Party,Wigan and Leigh Green Party,Golborne and Lowton West,
North West Green Party,Wigan and Leigh Green Party,Hindley,
North West Green Party,Wigan and Leigh Green Party,Hindley Green,
North West Green Party,Wigan and Leigh Green Party,Ince,
North West Green Party,Wigan and Leigh Green Party,Leigh Central and Higher Folds,
North West Green Party,Wigan and Leigh Green Party,Leigh South,
North West Green Party,Wigan and Leigh Green Party,Leigh West,
North West Green Party,Wigan and Leigh Green Party,Lowton East,
North West Green Party,Wigan and Leigh Green Party,Orrell,
North West Green Party,Wigan and Leigh Green Party,Pemberton,
North West Green Party,Wigan and Leigh Green Party,Shevington with Lower Ground and Moor,
North West Green Party,Wigan and Leigh Green Party,Standish with Langtree,
North West Green Party,Wigan and Leigh Green Party,Tyldesley and Mosley Common,
North West Green Party,Wigan and Leigh Green Party,Wigan Central,
North West Green Party,Wigan and Leigh Green Party,Wigan West,
North West Green Party,Wigan and Leigh Green Party,Winstanley,
North West Green Party,Wigan and Leigh Green Party,Worsley Mesnes,
North West Green Party,Knowsley Green Party,Cherryfield,
North West Green Party,Knowsley Green Party,Halewood North,
North West Green Party,Knowsley Green Party,Halewood South,
North West Green Party,Knowsley Green Party,Northwood,
North West Green Party,Knowsley Green Party,Page Moss,
North West Green Party,Knowsley Green Party,Prescot North,
North West Green Party,Knowsley Green Party,Prescot South,
North West Green Party,Knowsley Green Party,Roby,
North West Green Party,Knowsley Green Party,Shevington,
North West Green Party,Knowsley Green Party,St Gabriels,
North West Green Party,Knowsley Green Party,St Michaels,
North West Green Party,Knowsley Green Party,Stockbridge,
North West Green Party,Knowsley Green Party,Swanside,
North West Green Party,Knowsley Green Party,Whiston and Cronton,
North West Green Party,Knowsley Green Party,Whitefield,
North West Green Party,Liverpool Green Party,Aigburth,
North West Green Party,Liverpool Green Party,Allerton,
North West Green Party,Liverpool Green Party,Anfield,
North West Green Party,Liverpool Green Party,Arundel,
North West Green Party,Liverpool Green Party,Belle Vale,
North West Green Party,Liverpool Green Party,Broadgreen,
North West Green Party,Liverpool Green Party,Brownlow Hill,
North West Green Party,Liverpool Green Party,Calderstones,
North West Green Party,Liverpool Green Party,Canning,
North West Green Party,Liverpool Green Party,Childwall,
North West Green Party,Liverpool Green Party,Church,
North West Green Party,Liverpool Green Party,City Centre North,
North West Green Party,Liverpool Green Party,City Centre South,
North West Green Party,Liverpool Green Party,Clubmoor East,
North West Green Party,Liverpool Green Party,Clubmoor West,
North West Green Party,Liverpool Green Party,County,
North West Green Party,Liverpool Green Party,Croxteth,
North West Green Party,Liverpool Green Party,Croxteth Country Park,
North West Green Party,Liverpool Green Party,Dingle,
North West Green Party,Liverpool Green Party,Edge Hill,
North West Green Party,Liverpool Green Party,Everton East,
North West Green Party,Liverpool Green Party,Everton North,
North West Green Party,Liverpool Green Party,Everton West,
North West Green Party,Liverpool Green Party,Fazakerley East,
North West Green Party,Liverpool Green Party,Fazakerley North,
North West Green Party,Liverpool Green Party,Fazakerley West,
North West Green Party,Liverpool Green Party,Festival Gardens,
North West Green Party,Liverpool Green Party,Garston,
North West Green Party,Liverpool Green Party,Gateacre,
North West Green Party,Liverpool Green Party,Grassendale and Cressington,
North West Green Party,Liverpool Green Party,Greenbank Park,
North West Green Party,Liverpool Green Party,Kensington and Fairfield,
North West Green Party,Liverpool Green Party,Kirkdale East,
North West Green Party,Liverpool Green Party,Kirkdale West,
North West Green Party,Liverpool Green Party,Knotty Ash and Dovecot Park,
North West Green Party,Liverpool Green Party,Mossley Hill,
North West Green Party,Liverpool Green Party,Much Woolton and Hunts Cross,
North West Green Party,Liverpool Green Party,Norris Green,
North West Green Party,Liverpool Green Party,Old Swan East,
North West Green Party,Liverpool Green Party,Old Swan West,
North West Green Party,Liverpool Green Party,Orrell Park,
North West Green Party,Liverpool Green Party,Penny Lane,
North West Green Party,Liverpool Green Party,Princes Park,
North West Green Party,Liverpool Green Party,Sandfield Park,
North West Green Party,Liverpool Green Party,Sefton Park,
North West Green Party,Liverpool Green Party,Smithdown,
North West Green Party,Liverpool Green Party,Speke,
North West Green Party,Liverpool Green Party,Springwood,
North West Green Party,Liverpool Green Party,St Michaels,
North West Green Party,Liverpool Green Party,Stoneycroft,
North West Green Party,Liverpool Green Party,Toxteth,
North West Green Party,Liverpool Green Party,Tuebrook Breckside Park,
North West Green Party,Liverpool Green Party,Tuebrook Larkhill,
North West Green Party,Liverpool Green Party,Vauxhall,
North West Green Party,Liverpool Green Party,Walton,
North West Green Party,Liverpool Green Party,Waterfront North,
North West Green Party,Liverpool Green Party,Waterfront South,
North West Green Party,Liverpool Green Party,Wavertree Garden Suburb,
North West Green Party,Liverpool Green Party,Wavertree Village,
North West Green Party,Liverpool Green Party,West Derby Deysbrook,
North West Green Party,Liverpool Green Party,West Derby Leyfield,
North West Green Party,Liverpool Green Party,West Derby Muirhead,
North West Green Party,Liverpool Green Party,Woolton Village,
North West Green Party,Liverpool Green Party,Yew Tree,
North West Green Party,Sefton Green Party,Ainsdale,
North West Green Party,Sefton Green Party,Birkdale,
North West Green Party,Sefton Green Party,Blundellsands,
North West Green Party,Sefton Green Party,Cambridge,
North West Green Party,Sefton Green Party,Church,
North West Green Party,Sefton Green Party,Derby,
North West Green Party,Sefton Green Party,Duke's,
North West Green Party,Sefton Green Party,Ford,
North West Green Party,Sefton Green Party,Harington,
North West Green Party,Sefton Green Party,Kew,
North West Green Party,Sefton Green Party,Linacre,
North West Green Party,Sefton Green Party,Litherland,
North West Green Party,Sefton Green Party,Manor,
North West Green Party,Sefton Green Party,Meols,
North West Green Party,Sefton Green Party,Molyneux,
North West Green Party,Sefton Green Party,Netherton and Orrell,
North West Green Party,Sefton Green Party,Norwood,
North West Green Party,Sefton Green Party,Park,
North West Green Party,Sefton Green Party,Ravenmeols,
North West Green Party,Sefton Green Party,St Oswald,
North West Green Party,Sefton Green Party,Sudell,
North West Green Party,Sefton Green Party,Victoria,
North West Green Party,St Helens Green Party,Billinge and Seneley Green,
North West Green Party,St Helens Green Party,Blackbrook,
North West Green Party,St Helens Green Party,Bold and Lea Green,
North West Green Party,St Helens Green Party,Eccleston,
North West Green Party,St Helens Green Party,Haydock,
North West Green Party,St Helens Green Party,Moss Bank,
North West Green Party,St Helens Green Party,Newton-le-Willows East,
North West Green Party,St Helens Green Party,Newton-le-Willows West,
North West Green Party,St Helens Green Party,Parr,
North West Green Party,St Helens Green Party,Peasley Cross and Fingerpost,
North West Green Party,St Helens Green Party,Rainford,
North West Green Party,St Helens Green Party,Rainhill,
North West Green Party,St Helens Green Party,St Helens Town Centre,
North West Green Party,St Helens Green Party,Sutton North West,
North West Green Party,St Helens Green Party,Sutton South East,
North West Green Party,St Helens Green Party,Thatto Heath,
North West Green Party,St Helens Green Party,West Park,
North West Green Party,St Helens Green Party,Windle,
North West Green Party,Wirral Green Party,Bebington,
North West Green Party,Wirral Green Party,Bidston and St James,
North West Green Party,Wirral Green Party,Birkenhead and Tranmere,
North West Green Party,Wirral Green Party,Bromborough,
North West Green Party,Wirral Green Party,Clatterbridge,
North West Green Party,Wirral Green Party,Claughton,
North West Green Party,Wirral Green Party,Eastham,
North West Green Party,Wirral Green Party,"Greasby, Frankby and Irby",
North West Green Party,Wirral Green Party,Heswall,
North West Green Party,Wirral Green Party,Hoylake and Meols,
North West Green Party,Wirral Green Party,Leasowe and Moreton East,
North West Green Party,Wirral Green Party,Liscard,
North West Green Party,Wirral Green Party,Moreton West and Saughall Massie,
North West Green Party,Wirral Green Party,New Brighton,
North West Green Party,Wirral Green Party,Oxton,
North West Green Party,Wirral Green Party,Pensby and Thingwall,
North West Green Party,Wirral Green Party,Prenton,
North West Green Party,Wirral Green Party,Rock Ferry,
North West Green Party,Wirral Green Party,Seacombe,
North West Green Party,Wirral Green Party,Upton,
North West Green Party,Wirral Green Party,Wallasey,
North West Green Party,Wirral Green Party,West Kirby and Thurstaston,
North West Green Party,Cheshire East Green Party,Alderley Edge,
North West Green Party,Cheshire East Green Party,Alsager,
North West Green Party,Cheshire East Green Party,Audlem,
North West Green Party,Cheshire East Green Party,Bollington,
North West Green Party,Cheshire East Green Party,Brereton Rural,
North West Green Party,Cheshire East Green Party,Broken Cross and Upton,
North West Green Party,Cheshire East Green Party,Bunbury,
North West Green Party,Cheshire East Green Party,Chelford,
North West Green Party,Cheshire East Green Party,Congleton East,
North West Green Party,Cheshire East Green Party,Congleton West,
North West Green Party,Cheshire East Green Party,Crewe Central,
North West Green Party,Cheshire East Green Party,Crewe East,
North West Green Party,Cheshire East Green Party,Crewe North,
North West Green Party,Cheshire East Green Party,Crewe South,
North West Green Party,Cheshire East Green Party,Crewe St Barnabas,
North West Green Party,Cheshire East Green Party,Crewe West,
North West Green Party,Cheshire East Green Party,Dane Valley,
North West Green Party,Cheshire East Green Party,Disley,
North West Green Party,Cheshire East Green Party,Gawsworth,
North West Green Party,Cheshire East Green Party,Handforth,
North West Green Party,Cheshire East Green Party,Haslington,
North West Green Party,Cheshire East Green Party,High Legh,
North West Green Party,Cheshire East Green Party,Knutsford,
North West Green Party,Cheshire East Green Party,Leighton,
North West Green Party,Cheshire East Green Party,Macclesfield Central,
North West Green Party,Cheshire East Green Party,Macclesfield East,
North West Green Party,Cheshire East Green Party,Macclesfield Hurdsfield,
North West Green Party,Cheshire East Green Party,Macclesfield South,
North West Green Party,Cheshire East Green Party,Macclesfield Tytherington,
North West Green Party,Cheshire East Green Party,Macclesfield West and Ivy,
North West Green Party,Cheshire East Green Party,Middlewich,
North West Green Party,Cheshire East Green Party,Mobberley,
North West Green Party,Cheshire East Green Party,Nantwich North and West,
North West Green Party,Cheshire East Green Party,Nantwich South and Stapeley,
North West Green Party,Cheshire East Green Party,Odd Rode,
North West Green Party,Cheshire East Green Party,Poynton East and Pott Shrigley,
North West Green Party,Cheshire East Green Party,Poynton West and Adlington,
North West Green Party,Cheshire East Green Party,Prestbury,
North West Green Party,Cheshire East Green Party,Sandbach Elworth,
North West Green Party,Cheshire East Green Party,Sandbach Ettiley Heath and Wheelock,
North West Green Party,Cheshire East Green Party,Sandbach Heath and East,
North West Green Party,Cheshire East Green Party,Sandbach Town,
North West Green Party,Cheshire East Green Party,Shavington,
North West Green Party,Cheshire East Green Party,Sutton,
North West Green Party,Cheshire East Green Party,Willaston and Rope,
North West Green Party,Cheshire East Green Party,Wilmslow Dean Row,
North West Green Party,Cheshire East Green Party,Wilmslow East,
North West Green Party,Cheshire East Green Party,Wilmslow Lacey Green,
North West Green Party,Cheshire East Green Party,Wilmslow West and Chorley,
North West Green Party,Cheshire East Green Party,Wistaston,
North West Green Party,Cheshire East Green Party,Wrenbury,
North West Green Party,Cheshire East Green Party,Wybunbury,
North West Green Party,Cheshire West and Chester Green Party,Blacon,
North West Green Party,Cheshire West and Chester Green Party,Central and Grange,
North West Green Party,Cheshire West and Chester Green Party,Chester City and the Garden Quarter,
North West Green Party,Cheshire West and Chester Green Party,Christleton and Huntington,
North West Green Party,Cheshire West and Chester Green Party,"Davenham, Moulton and Kingsmead",
North West Green Party,Cheshire West and Chester Green Party,Farndon,
North West Green Party,Cheshire West and Chester Green Party,Frodsham,
North West Green Party,Cheshire West and Chester Green Party,Gowy Rural,
North West Green Party,Cheshire West and Chester Green Party,Great Boughton,
North West Green Party,Cheshire West and Chester Green Party,Handbridge Park,
North West Green Party,Cheshire West and Chester Green Party,Hartford and Greenbank,
North West Green Party,Cheshire West and Chester Green Party,Helsby,
North West Green Party,Cheshire West and Chester Green Party,Lache,
North West Green Party,Cheshire West and Chester Green Party,Ledsham and Manor,
North West Green Party,Cheshire West and Chester Green Party,Little Neston,
North West Green Party,Cheshire West and Chester Green Party,Malpas,
North West Green Party,Cheshire West and Chester Green Party,Marbury,
North West Green Party,Cheshire West and Chester Green Party,Neston,
North West Green Party,Cheshire West and Chester Green Party,Netherpool,
North West Green Party,Cheshire West and Chester Green Party,Newton and Hoole,
North West Green Party,Cheshire West and Chester Green Party,Northwich Leftwich,
North West Green Party,Cheshire West and Chester Green Party,Northwich Winnington and Castle,
North West Green Party,Cheshire West and Chester Green Party,Northwich Witton,
North West Green Party,Cheshire West and Chester Green Party,Parkgate,
North West Green Party,Cheshire West and Chester Green Party,Rudheath,
North West Green Party,Cheshire West and Chester Green Party,Sandstone,
North West Green Party,Cheshire West and Chester Green Party,Saughall and Mollington,
North West Green Party,Cheshire West and Chester Green Party,Shakerley,
North West Green Party,Cheshire West and Chester Green Party,Strawberry,
North West Green Party,Cheshire West and Chester Green Party,Sutton Villages,
North West Green Party,Cheshire West and Chester Green Party,Tarporley,
North West Green Party,Cheshire West and Chester Green Party,Tarvin and Kelsall,
North West Green Party,Cheshire West and Chester Green Party,Tattenhall,
North West Green Party,Cheshire West and Chester Green Party,Upton,
North West Green Party,Cheshire West and Chester Green Party,Weaver and Cuddington,
North West Green Party,Cheshire West and Chester Green Party,Westminster,
North West Green Party,Cheshire West and Chester Green Party,Whitby Groves,
North West Green Party,Cheshire West and Chester Green Party,Whitby Park,
North West Green Party,Cheshire West and Chester Green Party,Willaston and Thornton,
North West Green Party,Cheshire West and Chester Green Party,Winsford Dene,
North West Green Party,Cheshire West and Chester Green Party,Winsford Gravel,
North West Green Party,Cheshire West and Chester Green Party,Winsford Over and Verdin,
North West Green Party,Cheshire West and Chester Green Party,Winsford Swanlow,
North West Green Party,Cheshire West and Chester Green Party,Winsford Wharton,
North West Green Party,Cheshire West and Chester Green Party,Wolverham,
North West Green Party,Warrington and Halton Green Party,Appleton,
North West Green Party,Warrington and Halton Green Party,Bewsey and Whitecross,
North West Green Party,Warrington and Halton Green Party,Birchwood,
North West Green Party,Warrington and Halton Green Party,Burtonwood and Winwick,
North West Green Party,Warrington and Halton Green Party,Chapelford and Old Hall,
North West Green Party,Warrington and Halton Green Party,"Culcheth, Glazebury and Croft",
North West Green Party,Warrington and Halton Green Party,Fairfield and Howley,
North West Green Party,Warrington and Halton Green Party,Grappenhall,
North West Green Party,Warrington and Halton Green Party,Great Sankey North and Whittle Hall,
North West Green Party,Warrington and Halton Green Party,Great Sankey South,
North West Green Party,Warrington and Halton Green Party,Latchford East,
North West Green Party,Warrington and Halton Green Party,Latchford West,
North West Green Party,Warrington and Halton Green Party,Lymm North and Thelwall,
North West Green Party,Warrington and Halton Green Party,Lymm South,
North West Green Party,Warrington and Halton Green Party,Orford,
North West Green Party,Warrington and Halton Green Party,Penketh and Cuerdley,
North West Green Party,Warrington and Halton Green Party,Poplars and Hulme,
North West Green Party,Warrington and Halton Green Party,Poulton North,
North West Green Party,Warrington and Halton Green Party,Poulton South,
North West Green Party,Warrington and Halton Green Party,Rixton and Woolston,
North West Green Party,Warrington and Halton Green Party,Stockton Heath,
North West Green Party,Warrington and Halton Green Party,Westbrook,
North West Green Party,Warrington and Halton Green Party,Appleton,
North West Green Party,Warrington and Halton Green Party,Bankfield,
North West Green Party,Warrington and Halton Green Party,Beechwood and Heath,
North West Green Party,Warrington and Halton Green Party,Birchfield,
North West Green Party,Warrington and Halton Green Party,Bridgewater,
North West Green Party,Warrington and Halton Green Party,Central and West Bank,
North West Green Party,Warrington and Halton Green Party,"Daresbury, Moore and Sandymoor",
North West Green Party,Warrington and Halton Green Party,"Ditton, Hale Village and Halebank",
North West Green Party,Warrington and Halton Green Party,Farnworth,
North West Green Party,Warrington and Halton Green Party,Grange,
North West Green Party,Warrington and Halton Green Party,Halton Castle,
North West Green Party,Warrington and Halton Green Party,Halton Lea,
North West Green Party,Warrington and Halton Green Party,Halton View,
North West Green Party,Warrington and Halton Green Party,Highfield,
North West Green Party,Warrington and Halton Green Party,Hough Green,
North West Green Party,Warrington and Halton Green Party,Mersey and Weston,
North West Green Party,Warrington and Halton Green Party,Norton North,
North West Green Party,Warrington and Halton Green Party,Norton South and Preston Brook,
South East Green Party,Ashford Green Party,Aylesford and East Stour,
South East Green Party,Ashford Green Party,Beaver,
South East Green Party,Ashford Green Party,Biddenden,
South East Green Party,Ashford Green Party,Bircholt,
South East Green Party,Ashford Green Party,Bockhanger,
South East Green Party,Ashford Green Party,Bybrook,
South East Green Party,Ashford Green Party,Charing,
South East Green Party,Ashford Green Party,Conningbrook and Little Burton Farm,
South East Green Party,Ashford Green Party,Downs North,
South East Green Party,Ashford Green Party,Downs West,
South East Green Party,Ashford Green Party,Furley,
South East Green Party,Ashford Green Party,Goat Lees,
South East Green Party,Ashford Green Party,Godinton,
South East Green Party,Ashford Green Party,Highfield,
South East Green Party,Ashford Green Party,Isle of Oxney,
South East Green Party,Ashford Green Party,Kennington,
South East Green Party,Ashford Green Party,Kingsnorth Village and Bridgefield,
South East Green Party,Ashford Green Party,"Mersham, Sevington South with Finberry",
South East Green Party,Ashford Green Party,Norman,
South East Green Party,Ashford Green Party,Park Farm North,
South East Green Party,Ashford Green Party,Park Farm South,
South East Green Party,Ashford Green Party,Repton,
South East Green Party,Ashford Green Party,Rolvenden and Tenterden West,
South East Green Party,Ashford Green Party,Roman,
South East Green Party,Ashford Green Party,Saxon Shore,
South East Green Party,Ashford Green Party,Singleton East,
South East Green Party,Ashford Green Party,Singleton West,
South East Green Party,Ashford Green Party,Stanhope,
South East Green Party,Ashford Green Party,Tenterden North,
South East Green Party,Ashford Green Party,Tenterden South,
South East Green Party,Ashford Green Party,Tenterden St Michael's,
South East Green Party,Ashford Green Party,Upper Weald,
South East Green Party,Ashford Green Party,Victoria,
South East Green Party,Ashford Green Party,Washford,
South East Green Party,Ashford Green Party,Weald Central,
South East Green Party,Ashford Green Party,Weald North,
South East Green Party,Ashford Green Party,Weald South,
South East Green Party,Ashford Green Party,Willesborough,
South East Green Party,Ashford Green Party,Wye with Hinxhill,
South East Green Party,Canterbury & District Green Party,Barton,
South East Green Party,Canterbury & District Green Party,Beltinge,
South East Green Party,Canterbury & District Green Party,Blean Forest,
South East Green Party,Canterbury & District Green Party,Chartham and Stone Street,
South East Green Party,Canterbury & District Green Party,Chestfield,
South East Green Party,Canterbury & District Green Party,Gorrell,
South East Green Party,Canterbury & District Green Party,Greenhill,
South East Green Party,Canterbury & District Green Party,Herne and Broomfield,
South East Green Party,Canterbury & District Green Party,Heron,
South East Green Party,Canterbury & District Green Party,Little Stour and Adisham,
South East Green Party,Canterbury & District Green Party,Nailbourne,
South East Green Party,Canterbury & District Green Party,Northgate,
South East Green Party,Canterbury & District Green Party,Reculver,
South East Green Party,Canterbury & District Green Party,Seasalter,
South East Green Party,Canterbury & District Green Party,St Stephen's,
South East Green Party,Canterbury & District Green Party,Sturry,
South East Green Party,Canterbury & District Green Party,Swalecliffe,
South East Green Party,Canterbury & District Green Party,Tankerton,
South East Green Party,Canterbury & District Green Party,West Bay,
South East Green Party,Canterbury & District Green Party,Westgate,
South East Green Party,Canterbury & District Green Party,Wincheap,
South East Green Party,Dover & Deal Green Party,Alkham and Capel-le-Ferne,
South East Green Party,Dover & Deal Green Party,"Aylesham, Eythorne and Shepherdswell",
South East Green Party,Dover & Deal Green Party,Buckland,
South East Green Party,Dover & Deal Green Party,Dover Downs and River,
South East Green Party,Dover & Deal Green Party,Eastry Rural,
South East Green Party,Dover & Deal Green Party,"Guston, Kingsdown and St Margaret's-at-Cliffe",
South East Green Party,Dover & Deal Green Party,Little Stour and Ashstone,
South East Green Party,Dover & Deal Green Party,Maxton and Elms Vale,
South East Green Party,Dover & Deal Green Party,Middle Deal,
South East Green Party,Dover & Deal Green Party,Mill Hill,
South East Green Party,Dover & Deal Green Party,North Deal,
South East Green Party,Dover & Deal Green Party,Sandwich,
South East Green Party,Dover & Deal Green Party,St Radigunds,
South East Green Party,Dover & Deal Green Party,Tower Hamlets,
South East Green Party,Dover & Deal Green Party,Town and Castle,
South East Green Party,Dover & Deal Green Party,Walmer,
South East Green Party,Dover & Deal Green Party,Whitfield,
South East Green Party,Dartford Green Party,Bean and Village Park,
South East Green Party,Dartford Green Party,Brent,
South East Green Party,Dartford Green Party,Bridge,
South East Green Party,Dartford Green Party,Burnham,
South East Green Party,Dartford Green Party,Darenth,
South East Green Party,Dartford Green Party,Ebbsfleet,
South East Green Party,Dartford Green Party,Greenhithe and Knockhall,
South East Green Party,Dartford Green Party,Heath,
South East Green Party,Dartford Green Party,Joyden's Wood,
South East Green Party,Dartford Green Party,"Longfield, New Barn and Southfleet",
South East Green Party,Dartford Green Party,Maypole and Leyton Cross,
South East Green Party,Dartford Green Party,Newtown,
South East Green Party,Dartford Green Party,Princes,
South East Green Party,Dartford Green Party,Stone Castle,
South East Green Party,Dartford Green Party,Stone House,
South East Green Party,Dartford Green Party,Swanscombe,
South East Green Party,Dartford Green Party,Temple Hill,
South East Green Party,Dartford Green Party,Town,
South East Green Party,Dartford Green Party,West Hill,
South East Green Party,Dartford Green Party,"Wilmington, Sutton-at-Hone and Hawley",
South East Green Party,Gravesham Green Party,Chalk,
South East Green Party,Gravesham Green Party,Coldharbour and Perry Street,
South East Green Party,Gravesham Green Party,Denton,
South East Green Party,Gravesham Green Party,Higham and Shorne,
South East Green Party,Gravesham Green Party,"Istead Rise, Cobham and Luddesdown",
South East Green Party,Gravesham Green Party,Meopham North,
South East Green Party,Gravesham Green Party,Meopham South and Vigo,
South East Green Party,Gravesham Green Party,Northfleet and Springhead,
South East Green Party,Gravesham Green Party,Painters Ash,
South East Green Party,Gravesham Green Party,Pelham,
South East Green Party,Gravesham Green Party,Riverview Park,
South East Green Party,Gravesham Green Party,Rosherville,
South East Green Party,Gravesham Green Party,Singlewell,
South East Green Party,Gravesham Green Party,Town,
South East Green Party,Gravesham Green Party,Westcourt,
South East Green Party,Gravesham Green Party,Whitehill and Windmill Hill,
South East Green Party,Gravesham Green Party,Woodlands,
South East Green Party,Maidstone Green Party,Allington and Bridge,
South East Green Party,Maidstone Green Party,Barming Heath and Teston,
South East Green Party,Maidstone Green Party,Bearsted and Downswood,
South East Green Party,Maidstone Green Party,Boughton Monchelsea and Chart Sutton,
South East Green Party,Maidstone Green Party,Boxley Downs,
South East Green Party,Maidstone Green Party,Coxheath and Farleigh,
South East Green Party,Maidstone Green Party,Fant and Oakwood,
South East Green Party,Maidstone Green Party,Grove Green and Vinters Park,
South East Green Party,Maidstone Green Party,"Harrietsham, Lenham and North Downs",
South East Green Party,Maidstone Green Party,Headcorn and Sutton Valence,
South East Green Party,Maidstone Green Party,High Street,
South East Green Party,Maidstone Green Party,Leeds and Langley,
South East Green Party,Maidstone Green Party,Loose and Linton,
South East Green Party,Maidstone Green Party,Marden and Yalding,
South East Green Party,Maidstone Green Party,Palace Wood,
South East Green Party,Maidstone Green Party,Park Wood and Mangravet,
South East Green Party,Maidstone Green Party,Penenden Heath,
South East Green Party,Maidstone Green Party,Ringlestone,
South East Green Party,Maidstone Green Party,Senacre,
South East Green Party,Maidstone Green Party,Shepway,
South East Green Party,Maidstone Green Party,Staplehurst,
South East Green Party,Maidstone Green Party,Tovil,
South East Green Party,Medway Green Party,All Saints,
South East Green Party,Medway Green Party,Chatham Central and Brompton,
South East Green Party,Medway Green Party,"Cuxton, Halling and Riverside",
South East Green Party,Medway Green Party,Fort Horsted,
South East Green Party,Medway Green Party,Fort Pitt,
South East Green Party,Medway Green Party,Gillingham North,
South East Green Party,Medway Green Party,Gillingham South,
South East Green Party,Medway Green Party,Hempstead and Wigmore,
South East Green Party,Medway Green Party,Hoo St Werburgh and High Halstow,
South East Green Party,Medway Green Party,Lordswood and Walderslade,
South East Green Party,Medway Green Party,Luton,
South East Green Party,Medway Green Party,Princes Park,
South East Green Party,Medway Green Party,Rainham North,
South East Green Party,Medway Green Party,Rainham South East,
South East Green Party,Medway Green Party,Rainham South West,
South East Green Party,Medway Green Party,Rochester East and Warren Wood,
South East Green Party,Medway Green Party,Rochester West and Borstal,
South East Green Party,Medway Green Party,St Mary's Island,
South East Green Party,Medway Green Party,Strood North and Frindsbury,
South East Green Party,Medway Green Party,Strood Rural,
South East Green Party,Medway Green Party,Strood West,
South East Green Party,Medway Green Party,Twydall,
South East Green Party,Medway Green Party,Watling,
South East Green Party,Medway Green Party,Wayfield and Weeds Wood,
South East Green Party,Sevenoaks & District Green Party,Ash and New Ash Green,
South East Green Party,Sevenoaks & District Green Party,"Brasted, Chevening and Sundridge",
South East Green Party,Sevenoaks & District Green Party,Cowden and Hever,
South East Green Party,Sevenoaks & District Green Party,Crockenhill and Well Hill,
South East Green Party,Sevenoaks & District Green Party,Dunton Green and Riverhead,
South East Green Party,Sevenoaks & District Green Party,Edenbridge North and East,
South East Green Party,Sevenoaks & District Green Party,Edenbridge South and West,
South East Green Party,Sevenoaks & District Green Party,Eynsford,
South East Green Party,Sevenoaks & District Green Party,"Farningham, Horton Kirby and South Darenth",
South East Green Party,Sevenoaks & District Green Party,Fawkham and West Kingsdown,
South East Green Party,Sevenoaks & District Green Party,"Halstead, Knockholt and Badgers Mount",
South East Green Party,Sevenoaks & District Green Party,Hartley and Hodsoll Street,
South East Green Party,Sevenoaks & District Green Party,Hextable,
South East Green Party,Sevenoaks & District Green Party,Kemsing,
South East Green Party,Sevenoaks & District Green Party,Leigh and Chiddingstone Causeway,
South East Green Party,Sevenoaks & District Green Party,Otford and Shoreham,
South East Green Party,Sevenoaks & District Green Party,"Penshurst, Fordcombe and Chiddingstone",
South East Green Party,Sevenoaks & District Green Party,Seal and Weald,
South East Green Party,Sevenoaks & District Green Party,Sevenoaks Eastern,
South East Green Party,Sevenoaks & District Green Party,Sevenoaks Kippington,
South East Green Party,Sevenoaks & District Green Party,Sevenoaks Northern,
South East Green Party,Sevenoaks & District Green Party,Sevenoaks Town and St John's,
South East Green Party,Sevenoaks & District Green Party,Swanley Christchurch and Swanley Village,
South East Green Party,Sevenoaks & District Green Party,Swanley St Mary's,
South East Green Party,Sevenoaks & District Green Party,Swanley White Oak,
South East Green Party,Sevenoaks & District Green Party,Westerham and Crockham Hill,
South East Green Party,Shepway Green Party,Broadmead,
South East Green Party,Shepway Green Party,Cheriton,
South East Green Party,Shepway Green Party,East Folkestone,
South East Green Party,Shepway Green Party,Folkestone Central,
South East Green Party,Shepway Green Party,Folkestone Harbour,
South East Green Party,Shepway Green Party,Hythe,
South East Green Party,Shepway Green Party,Hythe Rural,
South East Green Party,Shepway Green Party,New Romney,
South East Green Party,Shepway Green Party,North Downs East,
South East Green Party,Shepway Green Party,North Downs West,
South East Green Party,Shepway Green Party,Romney Marsh,
South East Green Party,Shepway Green Party,Sandgate and West Folkestone,
South East Green Party,Shepway Green Party,Walland and Denge Marsh,
South East Green Party,Swale Green Party,Abbey,
South East Green Party,Swale Green Party,"Bobbing, Iwade and Lower Halstow",
South East Green Party,Swale Green Party,Borden and Grove Park,
South East Green Party,Swale Green Party,Boughton and Courtenay,
South East Green Party,Swale Green Party,Chalkwell,
South East Green Party,Swale Green Party,East Downs,
South East Green Party,Swale Green Party,"Hartlip, Newington and Upchurch",
South East Green Party,Swale Green Party,Homewood,
South East Green Party,Swale Green Party,Kemsley,
South East Green Party,Swale Green Party,Milton Regis,
South East Green Party,Swale Green Party,Minster Cliffs,
South East Green Party,Swale Green Party,Murston,
South East Green Party,Swale Green Party,Priory,
South East Green Party,Swale Green Party,Queenborough and Halfway,
South East Green Party,Swale Green Party,Roman,
South East Green Party,Swale Green Party,Sheerness,
South East Green Party,Swale Green Party,Sheppey Central,
South East Green Party,Swale Green Party,Sheppey East,
South East Green Party,Swale Green Party,St Ann's,
South East Green Party,Swale Green Party,Teynham and Lynsted,
South East Green Party,Swale Green Party,The Meads,
South East Green Party,Swale Green Party,Watling,
South East Green Party,Swale Green Party,West Downs,
South East Green Party,Swale Green Party,Woodstock,
South East Green Party,Thanet Green Party,Beacon Road,
South East Green Party,Thanet Green Party,Birchington North,
South East Green Party,Thanet Green Party,Birchington South,
South East Green Party,Thanet Green Party,Bradstowe,
South East Green Party,Thanet Green Party,Central Harbour,
South East Green Party,Thanet Green Party,Cliffsend and Pegwell,
South East Green Party,Thanet Green Party,Cliftonville East,
South East Green Party,Thanet Green Party,Cliftonville West,
South East Green Party,Thanet Green Party,Dane Valley,
South East Green Party,Thanet Green Party,Eastcliff,
South East Green Party,Thanet Green Party,Garlinge,
South East Green Party,Thanet Green Party,Kingsgate,
South East Green Party,Thanet Green Party,Margate Central,
South East Green Party,Thanet Green Party,Nethercourt,
South East Green Party,Thanet Green Party,Newington,
South East Green Party,Thanet Green Party,Northwood,
South East Green Party,Thanet Green Party,Salmestone,
South East Green Party,Thanet Green Party,Sir Moses Montefiore,
South East Green Party,Thanet Green Party,St Peters,
South East Green Party,Thanet Green Party,Thanet Villages,
South East Green Party,Thanet Green Party,Viking,
South East Green Party,Thanet Green Party,Westbrook,
South East Green Party,Thanet Green Party,Westgate-on-Sea,
South East Green Party,Tonbridge & Malling Green Party,Aylesford North and North Downs,
South East Green Party,Tonbridge & Malling Green Party,Aylesford South and Ditton,
South East Green Party,Tonbridge & Malling Green Party,"Birling, Leybourne and Ryarsh",
South East Green Party,Tonbridge & Malling Green Party,Borough Green and Platt,
South East Green Party,Tonbridge & Malling Green Party,Bourne,
South East Green Party,Tonbridge & Malling Green Party,Cage Green and Angel,
South East Green Party,Tonbridge & Malling Green Party,"East and West Peckham, Mereworth and Wateringbury",
South East Green Party,Tonbridge & Malling Green Party,"East Malling, West Malling and Offham",
South East Green Party,Tonbridge & Malling Green Party,Higham,
South East Green Party,Tonbridge & Malling Green Party,Hildenborough,
South East Green Party,Tonbridge & Malling Green Party,Judd,
South East Green Party,Tonbridge & Malling Green Party,Kings Hill,
South East Green Party,Tonbridge & Malling Green Party,Larkfield,
South East Green Party,Tonbridge & Malling Green Party,Pilgrims with Ightham,
South East Green Party,Tonbridge & Malling Green Party,Snodland East and Ham Hill,
South East Green Party,Tonbridge & Malling Green Party,Snodland West and Holborough Lakes,
South East Green Party,Tonbridge & Malling Green Party,Trench,
South East Green Party,Tonbridge & Malling Green Party,Vauxhall,
South East Green Party,Tonbridge & Malling Green Party,Walderslade,
South East Green Party,Tunbridge Wells Green Party,"Cranbrook, Sissinghurst and Frittenden",
South East Green Party,Tunbridge Wells Green Party,Culverden,
South East Green Party,Tunbridge Wells Green Party,"Hawkhurst, Sandhurst and Benenden",
South East Green Party,Tunbridge Wells Green Party,High Brooms,
South East Green Party,Tunbridge Wells Green Party,Paddock Wood,
South East Green Party,Tunbridge Wells Green Party,Pantiles,
South East Green Party,Tunbridge Wells Green Party,Park,
South East Green Party,Tunbridge Wells Green Party,Pembury and Capel,
South East Green Party,Tunbridge Wells Green Party,Rural Tunbridge Wells,
South East Green Party,Tunbridge Wells Green Party,Rusthall and Speldhurst,
South East Green Party,Tunbridge Wells Green Party,Sherwood,
South East Green Party,Tunbridge Wells Green Party,Southborough and Bidborough,
South East Green Party,Tunbridge Wells Green Party,St James',
South East Green Party,Tunbridge Wells Green Party,St John's,
South East Green Party,Mole Valley Green Party,Ashtead Lanes and Common,
South East Green Party,Mole Valley Green Party,Ashtead Park,
South East Green Party,Mole Valley Green Party,Bookham East and Eastwick Park,
South East Green Party,Mole Valley Green Party,Bookham West,
South East Green Party,Mole Valley Green Party,"Brockham, Betchworth, Buckland, Box Hill and Headley",
South East Green Party,Mole Valley Green Party,"Capel, Leigh, Newdigate and Charlwood",
South East Green Party,Mole Valley Green Party,Dorking North,
South East Green Party,Mole Valley Green Party,Dorking South,
South East Green Party,Mole Valley Green Party,Fetcham,
South East Green Party,Mole Valley Green Party,Holmwoods and Beare Green,
South East Green Party,Mole Valley Green Party,Leatherhead North,
South East Green Party,Mole Valley Green Party,Leatherhead South,
South East Green Party,Mole Valley Green Party,"Mickleham, Westcott and Okewood",
South East Green Party,Epsom & Ewell Green Party,Auriol,
South East Green Party,Epsom & Ewell Green Party,College,
South East Green Party,Epsom & Ewell Green Party,Court,
South East Green Party,Epsom & Ewell Green Party,Cuddington,
South East Green Party,Epsom & Ewell Green Party,Ewell Court,
South East Green Party,Epsom & Ewell Green Party,Ewell Village,
South East Green Party,Epsom & Ewell Green Party,Horton,
South East Green Party,Epsom & Ewell Green Party,Nonsuch,
South East Green Party,Epsom & Ewell Green Party,Ruxley,
South East Green Party,Epsom & Ewell Green Party,Stamford,
South East Green Party,Epsom & Ewell Green Party,Stoneleigh,
South East Green Party,Epsom & Ewell Green Party,Town,
South East Green Party,Epsom & Ewell Green Party,West Ewell,
South East Green Party,Epsom & Ewell Green Party,Woodcote and Langley Vale,
South East Green Party,North Surrey Green Party,Claygate,
South East Green Party,North Surrey Green Party,Cobham and Downside,
South East Green Party,North Surrey Green Party,Esher,
South East Green Party,North Surrey Green Party,Hersham Village,
South East Green Party,North Surrey Green Party,Hinchley Wood and Weston Green,
South East Green Party,North Surrey Green Party,Long Ditton,
South East Green Party,North Surrey Green Party,Molesey East,
South East Green Party,North Surrey Green Party,Molesey West,
South East Green Party,North Surrey Green Party,Oatlands and Burwood Park,
South East Green Party,North Surrey Green Party,Oxshott and Stoke D'Abernon,
South East Green Party,North Surrey Green Party,Thames Ditton,
South East Green Party,North Surrey Green Party,Walton Central,
South East Green Party,North Surrey Green Party,Walton North,
South East Green Party,North Surrey Green Party,Walton South,
South East Green Party,North Surrey Green Party,Weybridge Riverside,
South East Green Party,North Surrey Green Party,Weybridge St George's Hill,
South East Green Party,North Surrey Green Party,Addlestone North,
South East Green Party,North Surrey Green Party,Addlestone South,
South East Green Party,North Surrey Green Party,Chertsey Riverside,
South East Green Party,North Surrey Green Party,Chertsey St Ann's,
South East Green Party,North Surrey Green Party,Egham Hythe,
South East Green Party,North Surrey Green Party,Egham Town,
South East Green Party,North Surrey Green Party,Englefield Green East,
South East Green Party,North Surrey Green Party,Englefield Green West,
South East Green Party,North Surrey Green Party,"Longcross, Lyne and Chertsey South",
South East Green Party,North Surrey Green Party,New Haw,
South East Green Party,North Surrey Green Party,Ottershaw,
South East Green Party,North Surrey Green Party,Thorpe,
South East Green Party,North Surrey Green Party,Virginia Water,
South East Green Party,North Surrey Green Party,Woodham and Rowtown,
South East Green Party,North Surrey Green Party,Ashford Common,
South East Green Party,North Surrey Green Party,Ashford East,
South East Green Party,North Surrey Green Party,Ashford North and Stanwell South,
South East Green Party,North Surrey Green Party,Ashford Town,
South East Green Party,North Surrey Green Party,Halliford and Sunbury West,
South East Green Party,North Surrey Green Party,Laleham and Shepperton Green,
South East Green Party,North Surrey Green Party,Riverside and Laleham,
South East Green Party,North Surrey Green Party,Shepperton Town,
South East Green Party,North Surrey Green Party,Staines,
South East Green Party,North Surrey Green Party,Staines South,
South East Green Party,North Surrey Green Party,Stanwell North,
South East Green Party,North Surrey Green Party,Sunbury Common,
South East Green Party,North Surrey Green Party,Sunbury East,
South East Green Party,East Surrey Green Party,Banstead Village,
South East Green Party,East Surrey Green Party,"Chipstead, Kingswood and Woodmansterne",
South East Green Party,East Surrey Green Party,Earlswood and Whitebushes,
South East Green Party,East Surrey Green Party,"Hooley, Merstham and Netherne",
South East Green Party,East Surrey Green Party,Horley Central and South,
South East Green Party,East Surrey Green Party,Horley East and Salfords,
South East Green Party,East Surrey Green Party,Horley West and Sidlow,
South East Green Party,East Surrey Green Party,"Lower Kingswood, Tadworth and Walton",
South East Green Party,East Surrey Green Party,Meadvale and St John's,
South East Green Party,East Surrey Green Party,Nork,
South East Green Party,East Surrey Green Party,Redhill East,
South East Green Party,East Surrey Green Party,Redhill West and Wray Common,
South East Green Party,East Surrey Green Party,Reigate,
South East Green Party,East Surrey Green Party,South Park and Woodhatch,
South East Green Party,East Surrey Green Party,Tattenham Corner and Preston,
South East Green Party,East Surrey Green Party,Bletchingley,
South East Green Party,East Surrey Green Party,"Burstow, Horne and Outwood",
South East Green Party,East Surrey Green Party,Chaldon,
South East Green Party,East Surrey Green Party,Dormansland and Felbridge,
South East Green Party,East Surrey Green Party,Godstone,
South East Green Party,East Surrey Green Party,Limpsfield,
South East Green Party,East Surrey Green Party,Lingfield and Crowhurst,
South East Green Party,East Surrey Green Party,Oxted North,
South East Green Party,East Surrey Green Party,Oxted South,
South East Green Party,East Surrey Green Party,Warlingham East,
South East Green Party,East Surrey Green Party,Warlingham West,
South East Green Party,East Surrey Green Party,Woldingham,
South East Green Party,Guildford & Waverley Green Party,Ash South,
South East Green Party,Guildford & Waverley Green Party,Ash Vale,
South East Green Party,Guildford & Waverley Green Party,Ash Wharf,
South East Green Party,Guildford & Waverley Green Party,Bellfields and Slyfield,
South East Green Party,Guildford & Waverley Green Party,Burpham,
South East Green Party,Guildford & Waverley Green Party,Castle,
South East Green Party,Guildford & Waverley Green Party,Clandon and Horsley,
South East Green Party,Guildford & Waverley Green Party,Effingham,
South East Green Party,Guildford & Waverley Green Party,Merrow,
South East Green Party,Guildford & Waverley Green Party,Normandy and Pirbright,
South East Green Party,Guildford & Waverley Green Party,Onslow,
South East Green Party,Guildford & Waverley Green Party,Pilgrims,
South East Green Party,Guildford & Waverley Green Party,Send and Lovelace,
South East Green Party,Guildford & Waverley Green Party,Shalford,
South East Green Party,Guildford & Waverley Green Party,St Nicolas,
South East Green Party,Guildford & Waverley Green Party,Stoke,
South East Green Party,Guildford & Waverley Green Party,Guildford Town Centre,
South East Green Party,Guildford & Waverley Green Party,"Alfold, Dunsfold and Hascombe",
South East Green Party,Guildford & Waverley Green Party,Bramley and Wonersh,
South East Green Party,Guildford & Waverley Green Party,Chiddingfold,
South East Green Party,Guildford & Waverley Green Party,Cranleigh East,
South East Green Party,Guildford & Waverley Green Party,Cranleigh West,
South East Green Party,Guildford & Waverley Green Party,Elstead and Peper Harow,
South East Green Party,Guildford & Waverley Green Party,Ewhurst and Ellens Green,
South East Green Party,Guildford & Waverley Green Party,Farnham Bourne,
South East Green Party,Guildford & Waverley Green Party,Farnham Castle,
South East Green Party,Guildford & Waverley Green Party,Farnham Firgrove,
South East Green Party,Guildford & Waverley Green Party,Farnham Heath End,
South East Green Party,Guildford & Waverley Green Party,Farnham Moor Park,
South East Green Party,Guildford & Waverley Green Party,Farnham North West,
South East Green Party,Guildford & Waverley Green Party,Farnham Rowledge,
South East Green Party,Guildford & Waverley Green Party,Farnham Weybourne,
South East Green Party,Guildford & Waverley Green Party,Godalming Binscombe and Charterhouse,
South East Green Party,Guildford & Waverley Green Party,Godalming Central and Ockford,
South East Green Party,Guildford & Waverley Green Party,Godalming Farncombe and Catteshall,
South East Green Party,Guildford & Waverley Green Party,Godalming Holloway,
South East Green Party,Guildford & Waverley Green Party,Haslemere East,
South East Green Party,Guildford & Waverley Green Party,Haslemere West,
South East Green Party,Guildford & Waverley Green Party,Hindhead and Beacon Hill,
South East Green Party,Guildford & Waverley Green Party,Milford and Witley,
South East Green Party,Guildford & Waverley Green Party,Western Commons,
South East Green Party,Guildford & Waverley Green Party,"Wheelerstreet, Wormley and Hambledon",
South East Green Party,Woking Green Party,Byfleet and West Byfleet,
South East Green Party,Woking Green Party,Canalside,
South East Green Party,Woking Green Party,Goldsworth Park,
South East Green Party,Woking Green Party,Heathlands,
South East Green Party,Woking Green Party,Hoe Valley,
South East Green Party,Woking Green Party,Horsell,
South East Green Party,Woking Green Party,Knaphill,
South East Green Party,Woking Green Party,Mount Hermon,
South East Green Party,Woking Green Party,Pyrford,
South East Green Party,Woking Green Party,St John's,
South East Green Party,Brighton & Hove Green Party,Brunswick and Adelaide,
South East Green Party,Brighton & Hove Green Party,Central Hove,
South East Green Party,Brighton & Hove Green Party,Coldean and Stanmer,
South East Green Party,Brighton & Hove Green Party,Goldsmid,
South East Green Party,Brighton & Hove Green Party,Hangleton and Knoll,
South East Green Party,Brighton & Hove Green Party,Hanover and Elm Grove,
South East Green Party,Brighton & Hove Green Party,Hollingdean and Fiveways,
South East Green Party,Brighton & Hove Green Party,Kemptown,
South East Green Party,Brighton & Hove Green Party,Moulsecoomb and Bevendean,
South East Green Party,Brighton & Hove Green Party,North Portslade,
South East Green Party,Brighton & Hove Green Party,Patcham and Hollingbury,
South East Green Party,Brighton & Hove Green Party,Preston Park,
South East Green Party,Brighton & Hove Green Party,Queen's Park,
South East Green Party,Brighton & Hove Green Party,Regency,
South East Green Party,Brighton & Hove Green Party,Rottingdean and West Saltdean,
South East Green Party,Brighton & Hove Green Party,Round Hill,
South East Green Party,Brighton & Hove Green Party,South Portslade,
South East Green Party,Brighton & Hove Green Party,West Hill and North Laine,
South East Green Party,Brighton & Hove Green Party,Westbourne and Poets' Corner,
South East Green Party,Brighton & Hove Green Party,Westdene and Hove Park,
South East Green Party,Brighton & Hove Green Party,Whitehawk and Marina,
South East Green Party,Brighton & Hove Green Party,Wish,
South East Green Party,Brighton & Hove Green Party,Woodingdean,
South East Green Party,Eastbourne Green Party,Devonshire,
South East Green Party,Eastbourne Green Party,Hampden Park,
South East Green Party,Eastbourne Green Party,Langney,
South East Green Party,Eastbourne Green Party,Meads,
South East Green Party,Eastbourne Green Party,Old Town,
South East Green Party,Eastbourne Green Party,Ratton,
South East Green Party,Eastbourne Green Party,Sovereign,
South East Green Party,Eastbourne Green Party,St Anthony's,
South East Green Party,Eastbourne Green Party,Upperton,
South East Green Party,Hastings Green Party,Ashdown,
South East Green Party,Hastings Green Party,Baird,
South East Green Party,Hastings Green Party,Braybrooke,
South East Green Party,Hastings Green Party,Castle,
South East Green Party,Hastings Green Party,Central St Leonards,
South East Green Party,Hastings Green Party,Conquest,
South East Green Party,Hastings Green Party,Gensing,
South East Green Party,Hastings Green Party,Hollington,
South East Green Party,Hastings Green Party,Maze Hill,
South East Green Party,Hastings Green Party,Old Hastings,
South East Green Party,Hastings Green Party,Ore,
South East Green Party,Hastings Green Party,Silverhill,
South East Green Party,Hastings Green Party,St Helens,
South East Green Party,Hastings Green Party,Tressell,
South East Green Party,Hastings Green Party,West St Leonards,
South East Green Party,Hastings Green Party,Wishing Tree,
South East Green Party,Lewes Green Party,"Chailey, Barcombe and Hamsey",
South East Green Party,Lewes Green Party,Ditchling and Westmeston,
South East Green Party,Lewes Green Party,East Saltdean and Telscombe Cliffs,
South East Green Party,Lewes Green Party,Kingston,
South East Green Party,Lewes Green Party,Lewes Bridge,
South East Green Party,Lewes Green Party,Lewes Castle,
South East Green Party,Lewes Green Party,Lewes Priory,
South East Green Party,Lewes Green Party,Newhaven North,
South East Green Party,Lewes Green Party,Newhaven South,
South East Green Party,Lewes Green Party,Newick,
South East Green Party,Lewes Green Party,Ouse Valley and Ringmer,
South East Green Party,Lewes Green Party,Peacehaven East,
South East Green Party,Lewes Green Party,Peacehaven North,
South East Green Party,Lewes Green Party,Peacehaven West,
South East Green Party,Lewes Green Party,"Plumpton, Streat, East Chiltington and St John",
South East Green Party,Lewes Green Party,Seaford Central,
South East Green Party,Lewes Green Party,Seaford East,
South East Green Party,Lewes Green Party,Seaford North,
South East Green Party,Lewes Green Party,Seaford South,
South East Green Party,Lewes Green Party,Seaford West,
South East Green Party,Lewes Green Party,Wivelsfield,
South East Green Party,Rother Green Party,Bexhill Central,
South East Green Party,Rother Green Party,Bexhill Collington,
South East Green Party,Rother Green Party,Bexhill Kewhurst,
South East Green Party,Rother Green Party,Bexhill Old Town and Worsham,
South East Green Party,Rother Green Party,Bexhill Pebsham and St Michaels,
South East Green Party,Rother Green Party,Bexhill Sackville,
South East Green Party,Rother Green Party,Bexhill Sidley,
South East Green Party,Rother Green Party,Bexhill St Marks,
South East Green Party,Rother Green Party,Bexhill St Stephens,
South East Green Party,Rother Green Party,Brede and Udimore,
South East Green Party,Rother Green Party,Burwash and the Weald,
South East Green Party,Rother Green Party,Catsfield and Crowhurst,
South East Green Party,Rother Green Party,Eastern Rother,
South East Green Party,Rother Green Party,Hurst Green and Ticehurst,
South East Green Party,Rother Green Party,"North Battle, Netherfield and Whatlington",
South East Green Party,Rother Green Party,Northern Rother,
South East Green Party,Rother Green Party,Robertsbridge,
South East Green Party,Rother Green Party,Rye and Winchelsea,
South East Green Party,Rother Green Party,Sedlescombe and Westfield,
South East Green Party,Rother Green Party,South Battle and Telham,
South East Green Party,Rother Green Party,Southern Rother,
South East Green Party,Wealden Green Party,Arlington,
South East Green Party,Wealden Green Party,Buxted,
South East Green Party,Wealden Green Party,"Chiddingly, East Hoathly and Waldron",
South East Green Party,Wealden Green Party,Crowborough Central,
South East Green Party,Wealden Green Party,Crowborough Jarvis Brook,
South East Green Party,Wealden Green Party,Crowborough North,
South East Green Party,Wealden Green Party,Crowborough South East,
South East Green Party,Wealden Green Party,Crowborough South West,
South East Green Party,Wealden Green Party,Crowborough St Johns,
South East Green Party,Wealden Green Party,Danehill and Fletching,
South East Green Party,Wealden Green Party,Forest Row,
South East Green Party,Wealden Green Party,Framfield and Cross-in-Hand,
South East Green Party,Wealden Green Party,Frant and Wadhurst,
South East Green Party,Wealden Green Party,Hadlow Down and Rotherfield,
South East Green Party,Wealden Green Party,Hailsham Central,
South East Green Party,Wealden Green Party,Hailsham East,
South East Green Party,Wealden Green Party,Hailsham North,
South East Green Party,Wealden Green Party,Hailsham North West,
South East Green Party,Wealden Green Party,Hailsham South,
South East Green Party,Wealden Green Party,Hailsham West,
South East Green Party,Wealden Green Party,Hartfield,
South East Green Party,Wealden Green Party,Heathfield North,
South East Green Party,Wealden Green Party,Heathfield South,
South East Green Party,Wealden Green Party,Hellingly,
South East Green Party,Wealden Green Party,Herstmonceux and Pevensey Levels,
South East Green Party,Wealden Green Party,Horam and Punnetts Town,
South East Green Party,Wealden Green Party,Lower Willingdon,
South East Green Party,Wealden Green Party,Maresfield,
South East Green Party,Wealden Green Party,Mayfield and Five Ashes,
South East Green Party,Wealden Green Party,Pevensey Bay,
South East Green Party,Wealden Green Party,Polegate Central,
South East Green Party,Wealden Green Party,Polegate North,
South East Green Party,Wealden Green Party,Polegate South and Willingdon Watermill,
South East Green Party,Wealden Green Party,South Downs,
South East Green Party,Wealden Green Party,Stone Cross,
South East Green Party,Wealden Green Party,Uckfield East,
South East Green Party,Wealden Green Party,Uckfield New Town,
South East Green Party,Wealden Green Party,Uckfield North,
South East Green Party,Wealden Green Party,Uckfield Ridgewood and Little Horsted,
South East Green Party,Wealden Green Party,Upper Willingdon,
South East Green Party,Wealden Green Party,Withyham,
South East Green Party,Adur Green Party,Buckingham,
South East Green Party,Adur Green Party,Churchill,
South East Green Party,Adur Green Party,Cokeham,
South East Green Party,Adur Green Party,Eastbrook,
South East Green Party,Adur Green Party,Hillside,
South East Green Party,Adur Green Party,Manor,
South East Green Party,Adur Green Party,Marine,
South East Green Party,Adur Green Party,Mash Barn,
South East Green Party,Adur Green Party,Peverel,
South East Green Party,Adur Green Party,Southlands,
South East Green Party,Adur Green Party,Southwick Green,
South East Green Party,Adur Green Party,St Mary's,
South East Green Party,Adur Green Party,St Nicolas,
South East Green Party,Adur Green Party,Widewater,
South East Green Party,Chichester & Arun Green Party,Chichester Central,
South East Green Party,Chichester & Arun Green Party,Chichester East,
South East Green Party,Chichester & Arun Green Party,Chichester North,
South East Green Party,Chichester & Arun Green Party,Chichester South,
South East Green Party,Chichester & Arun Green Party,Chichester West,
South East Green Party,Chichester & Arun Green Party,Easebourne,
South East Green Party,Chichester & Arun Green Party,Fernhurst,
South East Green Party,Chichester & Arun Green Party,Fittleworth,
South East Green Party,Chichester & Arun Green Party,Goodwood,
South East Green Party,Chichester & Arun Green Party,Harbour Villages,
South East Green Party,Chichester & Arun Green Party,Harting,
South East Green Party,Chichester & Arun Green Party,Lavant,
South East Green Party,Chichester & Arun Green Party,Loxwood,
South East Green Party,Chichester & Arun Green Party,Midhurst,
South East Green Party,Chichester & Arun Green Party,North Mundham and Tangmere,
South East Green Party,Chichester & Arun Green Party,Petworth,
South East Green Party,Chichester & Arun Green Party,Selsey South,
South East Green Party,Chichester & Arun Green Party,Sidlesham with Selsey North,
South East Green Party,Chichester & Arun Green Party,Southbourne,
South East Green Party,Chichester & Arun Green Party,The Witterings,
South East Green Party,Chichester & Arun Green Party,Westbourne,
South East Green Party,Chichester & Arun Green Party,Aldwick East,
South East Green Party,Chichester & Arun Green Party,Aldwick West,
South East Green Party,Chichester & Arun Green Party,Angmering and Findon,
South East Green Party,Chichester & Arun Green Party,Arundel and Walberton,
South East Green Party,Chichester & Arun Green Party,Barnham,
South East Green Party,Chichester & Arun Green Party,Beach,
South East Green Party,Chichester & Arun Green Party,Bersted,
South East Green Party,Chichester & Arun Green Party,Brookfield,
South East Green Party,Chichester & Arun Green Party,Courtwick with Toddington,
South East Green Party,Chichester & Arun Green Party,East Preston,
South East Green Party,Chichester & Arun Green Party,Felpham East,
South East Green Party,Chichester & Arun Green Party,Felpham West,
South East Green Party,Chichester & Arun Green Party,Ferring,
South East Green Party,Chichester & Arun Green Party,Hotham,
South East Green Party,Chichester & Arun Green Party,Marine,
South East Green Party,Chichester & Arun Green Party,Middleton-on-Sea,
South East Green Party,Chichester & Arun Green Party,Orchard,
South East Green Party,Chichester & Arun Green Party,Pagham,
South East Green Party,Chichester & Arun Green Party,Pevensey,
South East Green Party,Chichester & Arun Green Party,River,
South East Green Party,Chichester & Arun Green Party,Rustington East,
South East Green Party,Chichester & Arun Green Party,Rustington West,
South East Green Party,Chichester & Arun Green Party,Yapton,
South East Green Party,Mid Sussex & Crawley Green Party,"Ardingly, Balcombe and Turners Hill",
South East Green Party,Mid Sussex & Crawley Green Party,Ashurst Wood and East Grinstead South,
South East Green Party,Mid Sussex & Crawley Green Party,Burgess Hill Dunstall,
South East Green Party,Mid Sussex & Crawley Green Party,Burgess Hill Franklands,
South East Green Party,Mid Sussex & Crawley Green Party,Burgess Hill Leylands,
South East Green Party,Mid Sussex & Crawley Green Party,Burgess Hill Meeds and Hammonds,
South East Green Party,Mid Sussex & Crawley Green Party,Burgess Hill St Andrews,
South East Green Party,Mid Sussex & Crawley Green Party,Burgess Hill Victoria,
South East Green Party,Mid Sussex & Crawley Green Party,Copthorne and Worth,
South East Green Party,Mid Sussex & Crawley Green Party,Crawley Down,
South East Green Party,Mid Sussex & Crawley Green Party,"Cuckfield, Bolney and Ansty",
South East Green Party,Mid Sussex & Crawley Green Party,Downland Villages,
South East Green Party,Mid Sussex & Crawley Green Party,East Grinstead Ashplats,
South East Green Party,Mid Sussex & Crawley Green Party,East Grinstead Baldwins,
South East Green Party,Mid Sussex & Crawley Green Party,East Grinstead Herontye,
South East Green Party,Mid Sussex & Crawley Green Party,East Grinstead Imberhorne,
South East Green Party,Mid Sussex & Crawley Green Party,East Grinstead Town,
South East Green Party,Mid Sussex & Crawley Green Party,Handcross and Pease Pottage,
South East Green Party,Mid Sussex & Crawley Green Party,Hassocks,
South East Green Party,Mid Sussex & Crawley Green Party,Haywards Heath Ashenground,
South East Green Party,Mid Sussex & Crawley Green Party,Haywards Heath Bentswood and Heath,
South East Green Party,Mid Sussex & Crawley Green Party,Haywards Heath Franklands,
South East Green Party,Mid Sussex & Crawley Green Party,Haywards Heath Lucastes and Bolnore,
South East Green Party,Mid Sussex & Crawley Green Party,Haywards Heath North,
South East Green Party,Mid Sussex & Crawley Green Party,Hurstpierpoint,
South East Green Party,Mid Sussex & Crawley Green Party,Lindfield,
South East Green Party,Mid Sussex & Crawley Green Party,Lindfield Rural and High Weald,
South East Green Party,Mid Sussex & Crawley Green Party,Bewbush and North Broadfield,
South East Green Party,Mid Sussex & Crawley Green Party,Broadfield,
South East Green Party,Mid Sussex & Crawley Green Party,Furnace Green,
South East Green Party,Mid Sussex & Crawley Green Party,Gossops Green and North East Broadfield,
South East Green Party,Mid Sussex & Crawley Green Party,Ifield,
South East Green Party,Mid Sussex & Crawley Green Party,Langley Green and Tushmore,
South East Green Party,Mid Sussex & Crawley Green Party,Maidenbower,
South East Green Party,Mid Sussex & Crawley Green Party,Northgate and West Green,
South East Green Party,Mid Sussex & Crawley Green Party,Pound Hill North and Forge Wood,
South East Green Party,Mid Sussex & Crawley Green Party,Pound Hill South and Worth,
South East Green Party,Mid Sussex & Crawley Green Party,Southgate,
South East Green Party,Mid Sussex & Crawley Green Party,Three Bridges,
South East Green Party,Mid Sussex & Crawley Green Party,Tilgate,
South East Green Party,Horsham & District Green Party,Billingshurst,
South East Green Party,Horsham & District Green Party,"Bramber, Upper Beeding and Woodmancote",
South East Green Party,Horsham & District Green Party,Broadbridge Heath,
South East Green Party,Horsham & District Green Party,Colgate and Rusper,
South East Green Party,Horsham & District Green Party,"Cowfold, Shermanbury and West Grinstead",
South East Green Party,Horsham & District Green Party,Denne,
South East Green Party,Horsham & District Green Party,Forest,
South East Green Party,Horsham & District Green Party,Henfield,
South East Green Party,Horsham & District Green Party,Holbrook East,
South East Green Party,Horsham & District Green Party,Holbrook West,
South East Green Party,Horsham & District Green Party,"Itchingfield, Slinfold and Warnham",
South East Green Party,Horsham & District Green Party,Nuthurst and Lower Beeding,
South East Green Party,Horsham & District Green Party,"Pulborough, Coldwaltham and Amberley",
South East Green Party,Horsham & District Green Party,Roffey North,
South East Green Party,Horsham & District Green Party,Roffey South,
South East Green Party,Horsham & District Green Party,Rudgwick,
South East Green Party,Horsham & District Green Party,Southwater North,
South East Green Party,Horsham & District Green Party,Southwater South and Shipley,
South East Green Party,Horsham & District Green Party,Steyning and Ashurst,
South East Green Party,Horsham & District Green Party,Storrington and Washington,
South East Green Party,Horsham & District Green Party,Trafalgar,
South East Green Party,Horsham & District Green Party,"West Chiltington, Thakeham and Ashington",
South East Green Party,Worthing Green Party,Broadwater,
South East Green Party,Worthing Green Party,Castle,
South East Green Party,Worthing Green Party,Central,
South East Green Party,Worthing Green Party,Durrington,
South East Green Party,Worthing Green Party,Gaisford,
South East Green Party,Worthing Green Party,Goring,
South East Green Party,Worthing Green Party,Heene,
South East Green Party,Worthing Green Party,Marine,
South East Green Party,Worthing Green Party,Northbrook,
South East Green Party,Worthing Green Party,Offington,
South East Green Party,Worthing Green Party,Salvington,
South East Green Party,Worthing Green Party,Selden,
South East Green Party,Worthing Green Party,Tarring,
South West Green Party,North & West Oxfordshire Green Party,"Adderbury, Bloxham and Bodicote",
South West Green Party,North & West Oxfordshire Green Party,Banbury Calthorpe and Easington,
South West Green Party,North & West Oxfordshire Green Party,Banbury Cross and Neithrop,
South West Green Party,North & West Oxfordshire Green Party,Banbury Grimsbury and Hightown,
South West Green Party,North & West Oxfordshire Green Party,Banbury Hardwick,
South West Green Party,North & West Oxfordshire Green Party,Banbury Ruscote,
South West Green Party,North & West Oxfordshire Green Party,Bicester East,
South West Green Party,North & West Oxfordshire Green Party,Bicester North and Caversfield,
South West Green Party,North & West Oxfordshire Green Party,Bicester South and Ambrosden,
South West Green Party,North & West Oxfordshire Green Party,Bicester West,
South West Green Party,North & West Oxfordshire Green Party,"Cropredy, Sibfords and Wroxton",
South West Green Party,North & West Oxfordshire Green Party,Deddington,
South West Green Party,North & West Oxfordshire Green Party,Fringford and Heyfords,
South West Green Party,North & West Oxfordshire Green Party,Kidlington East,
South West Green Party,North & West Oxfordshire Green Party,Kidlington West,
South West Green Party,North & West Oxfordshire Green Party,Launton and Otmoor,
South West Green Party,North & West Oxfordshire Green Party,Alvescot and Filkins,
South West Green Party,North & West Oxfordshire Green Party,Ascott and Shipton,
South West Green Party,North & West Oxfordshire Green Party,Bampton and Clanfield,
South West Green Party,North & West Oxfordshire Green Party,Brize Norton and Shilton,
South West Green Party,North & West Oxfordshire Green Party,Burford,
South West Green Party,North & West Oxfordshire Green Party,Carterton North East,
South West Green Party,North & West Oxfordshire Green Party,Carterton North West,
South West Green Party,North & West Oxfordshire Green Party,Carterton South,
South West Green Party,North & West Oxfordshire Green Party,Chadlington and Churchill,
South West Green Party,North & West Oxfordshire Green Party,Charlbury and Finstock,
South West Green Party,North & West Oxfordshire Green Party,Chipping Norton,
South West Green Party,North & West Oxfordshire Green Party,Ducklington,
South West Green Party,North & West Oxfordshire Green Party,Eynsham and Cassington,
South West Green Party,North & West Oxfordshire Green Party,Freeland and Hanborough,
South West Green Party,North & West Oxfordshire Green Party,"Hailey, Minster Lovell and Leafield",
South West Green Party,North & West Oxfordshire Green Party,"Kingham, Rollright and Enstone",
South West Green Party,North & West Oxfordshire Green Party,Milton-under-Wychwood,
South West Green Party,North & West Oxfordshire Green Party,North Leigh,
South West Green Party,North & West Oxfordshire Green Party,"Standlake, Aston and Stanton Harcourt",
South West Green Party,North & West Oxfordshire Green Party,Stonesfield and Tackley,
South West Green Party,North & West Oxfordshire Green Party,The Bartons,
South West Green Party,North & West Oxfordshire Green Party,Witney Central,
South West Green Party,North & West Oxfordshire Green Party,Witney East,
South West Green Party,North & West Oxfordshire Green Party,Witney North,
South West Green Party,North & West Oxfordshire Green Party,Witney South,
South West Green Party,North & West Oxfordshire Green Party,Witney West,
South West Green Party,North & West Oxfordshire Green Party,Woodstock and Bladon,
South West Green Party,Oxford City Green Party,Barton and Sandhills,
South West Green Party,Oxford City Green Party,Blackbird Leys,
South West Green Party,Oxford City Green Party,Carfax and Jericho,
South West Green Party,Oxford City Green Party,Churchill,
South West Green Party,Oxford City Green Party,Cowley,
South West Green Party,Oxford City Green Party,Cutteslowe and Sunnymead,
South West Green Party,Oxford City Green Party,Donnington,
South West Green Party,Oxford City Green Party,Headington,
South West Green Party,Oxford City Green Party,Headington Hill and Northway,
South West Green Party,Oxford City Green Party,Hinksey Park,
South West Green Party,Oxford City Green Party,Holywell,
South West Green Party,Oxford City Green Party,Littlemore,
South West Green Party,Oxford City Green Party,Lye Valley,
South West Green Party,Oxford City Green Party,Marston,
South West Green Party,Oxford City Green Party,Northfield Brook,
South West Green Party,Oxford City Green Party,Osney and St Thomas,
South West Green Party,Oxford City Green Party,Quarry and Risinghurst,
South West Green Party,Oxford City Green Party,Rose Hill and Iffley,
South West Green Party,Oxford City Green Party,St Clement's,
South West Green Party,Oxford City Green Party,St Mary's,
South West Green Party,Oxford City Green Party,Summertown,
South West Green Party,Oxford City Green Party,Temple Cowley,
South West Green Party,Oxford City Green Party,Walton Manor,
South West Green Party,Oxford City Green Party,Wolvercote,
South West Green Party,South & Vale Oxfordshire Green Party,Benson and Crowmarsh,
South West Green Party,South & Vale Oxfordshire Green Party,Berinsfield,
South West Green Party,South & Vale Oxfordshire Green Party,Chalgrove,
South West Green Party,South & Vale Oxfordshire Green Party,Chinnor,
South West Green Party,South & Vale Oxfordshire Green Party,Cholsey,
South West Green Party,South & Vale Oxfordshire Green Party,Didcot North East,
South West Green Party,South & Vale Oxfordshire Green Party,Didcot South,
South West Green Party,South & Vale Oxfordshire Green Party,Didcot West,
South West Green Party,South & Vale Oxfordshire Green Party,Forest Hill and Holton,
South West Green Party,South & Vale Oxfordshire Green Party,Garsington and Horspath,
South West Green Party,South & Vale Oxfordshire Green Party,Goring,
South West Green Party,South & Vale Oxfordshire Green Party,Haseley Brook,
South West Green Party,South & Vale Oxfordshire Green Party,Henley-on-Thames,
South West Green Party,South & Vale Oxfordshire Green Party,Kidmore End and Whitchurch,
South West Green Party,South & Vale Oxfordshire Green Party,Sandford and the Wittenhams,
South West Green Party,South & Vale Oxfordshire Green Party,Sonning Common,
South West Green Party,South & Vale Oxfordshire Green Party,Thame,
South West Green Party,South & Vale Oxfordshire Green Party,Wallingford,
South West Green Party,South & Vale Oxfordshire Green Party,Watlington,
South West Green Party,South & Vale Oxfordshire Green Party,Wheatley,
South West Green Party,South & Vale Oxfordshire Green Party,Woodcote and Rotherfield,
South West Green Party,South & Vale Oxfordshire Green Party,Abingdon Abbey Northcourt,
South West Green Party,South & Vale Oxfordshire Green Party,Abingdon Caldecott,
South West Green Party,South & Vale Oxfordshire Green Party,Abingdon Dunmore,
South West Green Party,South & Vale Oxfordshire Green Party,Abingdon Fitzharris,
South West Green Party,South & Vale Oxfordshire Green Party,Abingdon Peachcroft,
South West Green Party,South & Vale Oxfordshire Green Party,Blewbury and Harwell,
South West Green Party,South & Vale Oxfordshire Green Party,Botley and Sunningwell,
South West Green Party,South & Vale Oxfordshire Green Party,Cumnor,
South West Green Party,South & Vale Oxfordshire Green Party,Drayton,
South West Green Party,South & Vale Oxfordshire Green Party,Faringdon,
South West Green Party,South & Vale Oxfordshire Green Party,Grove North,
South West Green Party,South & Vale Oxfordshire Green Party,Hendreds,
South West Green Party,South & Vale Oxfordshire Green Party,Kennington and Radley,
South West Green Party,South & Vale Oxfordshire Green Party,Kingston Bagpuize,
South West Green Party,South & Vale Oxfordshire Green Party,Marcham,
South West Green Party,South & Vale Oxfordshire Green Party,Ridgeway,
South West Green Party,South & Vale Oxfordshire Green Party,Stanford,
South West Green Party,South & Vale Oxfordshire Green Party,Steventon and the Hanneys,
South West Green Party,South & Vale Oxfordshire Green Party,Sutton Courtenay,
South West Green Party,South & Vale Oxfordshire Green Party,Thames,
South West Green Party,South & Vale Oxfordshire Green Party,Wantage and Grove Brook,
South West Green Party,South & Vale Oxfordshire Green Party,Wantage Charlton,
South West Green Party,South & Vale Oxfordshire Green Party,Watchfield and Shrivenham,
South West Green Party,South & Vale Oxfordshire Green Party,Wootton,
South West Green Party,Aylesbury Vale Green Party,Abbey,
South West Green Party,Aylesbury Vale Green Party,Aston Clinton and Weston Turville,
South West Green Party,Aylesbury Vale Green Party,Aylesbury East,
South West Green Party,Aylesbury Vale Green Party,Aylesbury North,
South West Green Party,Aylesbury Vale Green Party,Aylesbury North West,
South West Green Party,Aylesbury Vale Green Party,Aylesbury South East,
South West Green Party,Aylesbury Vale Green Party,Aylesbury South West,
South West Green Party,Aylesbury Vale Green Party,Aylesbury West,
South West Green Party,Aylesbury Vale Green Party,"Berryfields, Buckingham Park and Watermead",
South West Green Party,Aylesbury Vale Green Party,"Bierton, Kingsbrook and Wing",
South West Green Party,Aylesbury Vale Green Party,Buckingham,
South West Green Party,Aylesbury Vale Green Party,Grendon Underwood and The Claydons,
South West Green Party,Aylesbury Vale Green Party,Haddenham and Stone,
South West Green Party,Aylesbury Vale Green Party,Horwood,
South West Green Party,Aylesbury Vale Green Party,Ivinghoe,
South West Green Party,Aylesbury Vale Green Party,Long Crendon,
South West Green Party,Aylesbury Vale Green Party,Newton Longville,
South West Green Party,Aylesbury Vale Green Party,Quainton,
South West Green Party,Aylesbury Vale Green Party,Ridgeway East,
South West Green Party,Aylesbury Vale Green Party,Ridgeway West,
South West Green Party,Aylesbury Vale Green Party,Waddesdon,
South West Green Party,Aylesbury Vale Green Party,"Wendover, Halton and Stoke Mandeville",
South West Green Party,Aylesbury Vale Green Party,Winslow,
South West Green Party,Chiltern Green Party,Amersham and Chesham Bois,
South West Green Party,Chiltern Green Party,Beaconsfield,
South West Green Party,Chiltern Green Party,Chalfont St Giles and Little Chalfont,
South West Green Party,Chiltern Green Party,Chalfont St Peter,
South West Green Party,Chiltern Green Party,Chesham North,
South West Green Party,Chiltern Green Party,Chesham South,
South West Green Party,Chiltern Green Party,Chiltern Villages,
South West Green Party,Chiltern Green Party,Disraeli,
South West Green Party,Chiltern Green Party,Farnhams and Stoke Poges,
South West Green Party,Chiltern Green Party,Flackwell Heath and The Wooburns,
South West Green Party,Chiltern Green Party,Gerrards Cross and Denham,
South West Green Party,Chiltern Green Party,Hazlemere,
South West Green Party,Chiltern Green Party,Marlow,
South West Green Party,Chiltern Green Party,"Penn, Tylers Green and Loudwater",
South West Green Party,Chiltern Green Party,Princes Risborough,
South West Green Party,Chiltern Green Party,Sands,
South West Green Party,Chiltern Green Party,Terriers and Amersham Hill,
South West Green Party,Chiltern Green Party,The Missendens,
South West Green Party,Chiltern Green Party,Totteridge and Bowerdean,
South West Green Party,Chiltern Green Party,West Wycombe and Lane End,
South West Green Party,Milton Keynes Green Party,Bletchley East,
South West Green Party,Milton Keynes Green Party,Bletchley Park,
South West Green Party,Milton Keynes Green Party,Bletchley West,
South West Green Party,Milton Keynes Green Party,Bradwell,
South West Green Party,Milton Keynes Green Party,Broughton,
South West Green Party,Milton Keynes Green Party,Campbell Park and Old Woughton,
South West Green Party,Milton Keynes Green Party,Central Milton Keynes,
South West Green Party,Milton Keynes Green Party,Danesborough and Walton,
South West Green Party,Milton Keynes Green Party,Loughton and Shenley,
South West Green Party,Milton Keynes Green Party,Monkston,
South West Green Party,Milton Keynes Green Party,Newport Pagnell North and Hanslope,
South West Green Party,Milton Keynes Green Party,Newport Pagnell South,
South West Green Party,Milton Keynes Green Party,Olney,
South West Green Party,Milton Keynes Green Party,Shenley Brook End,
South West Green Party,Milton Keynes Green Party,Stantonbury,
South West Green Party,Milton Keynes Green Party,Stony Stratford,
South West Green Party,Milton Keynes Green Party,Tattenhoe,
South West Green Party,Milton Keynes Green Party,Wolverton,
South West Green Party,Milton Keynes Green Party,Woughton and Fishermead,
South West Green Party,East Berkshire Green Party,Baylis and Salt Hill,
South West Green Party,East Berkshire Green Party,Britwell,
South West Green Party,East Berkshire Green Party,Chalvey,
South West Green Party,East Berkshire Green Party,Cippenham Green,
South West Green Party,East Berkshire Green Party,Cippenham Manor,
South West Green Party,East Berkshire Green Party,Cippenham Village,
South West Green Party,East Berkshire Green Party,Colnbrook and Poyle,
South West Green Party,East Berkshire Green Party,Elliman,
South West Green Party,East Berkshire Green Party,Farnham,
South West Green Party,East Berkshire Green Party,Haymill,
South West Green Party,East Berkshire Green Party,Herschel Park,
South West Green Party,East Berkshire Green Party,Langley Foxborough,
South West Green Party,East Berkshire Green Party,Langley Marish,
South West Green Party,East Berkshire Green Party,Langley Meads,
South West Green Party,East Berkshire Green Party,Langley St Mary's,
South West Green Party,East Berkshire Green Party,Manor Park and Stoke,
South West Green Party,East Berkshire Green Party,Northborough and Lynch Hill Valley,
South West Green Party,East Berkshire Green Party,Slough Central,
South West Green Party,East Berkshire Green Party,Upton,
South West Green Party,East Berkshire Green Party,Upton Lea,
South West Green Party,East Berkshire Green Party,Wexham Court,
South West Green Party,East Berkshire Green Party,Ascot and Sunninghill,
South West Green Party,East Berkshire Green Party,Belmont,
South West Green Party,East Berkshire Green Party,Bisham and Cookham,
South West Green Party,East Berkshire Green Party,Boyn Hill,
South West Green Party,East Berkshire Green Party,Bray,
South West Green Party,East Berkshire Green Party,Clewer and Dedworth East,
South West Green Party,East Berkshire Green Party,Clewer and Dedworth West,
South West Green Party,East Berkshire Green Party,Clewer East,
South West Green Party,East Berkshire Green Party,Cox Green,
South West Green Party,East Berkshire Green Party,"Datchet, Horton and Wraysbury",
South West Green Party,East Berkshire Green Party,Eton and Castle,
South West Green Party,East Berkshire Green Party,Furze Platt,
South West Green Party,East Berkshire Green Party,Hurley and Walthams,
South West Green Party,East Berkshire Green Party,Old Windsor,
South West Green Party,East Berkshire Green Party,Oldfield,
South West Green Party,East Berkshire Green Party,Pinkneys Green,
South West Green Party,East Berkshire Green Party,Riverside,
South West Green Party,East Berkshire Green Party,St Mary's,
South West Green Party,East Berkshire Green Party,Sunningdale and Cheapside,
South West Green Party,Reading & Wokingham Green Party,Abbey,
South West Green Party,Reading & Wokingham Green Party,Battle,
South West Green Party,Reading & Wokingham Green Party,Caversham,
South West Green Party,Reading & Wokingham Green Party,Caversham Heights,
South West Green Party,Reading & Wokingham Green Party,Church,
South West Green Party,Reading & Wokingham Green Party,Coley,
South West Green Party,Reading & Wokingham Green Party,Emmer Green,
South West Green Party,Reading & Wokingham Green Party,Katesgrove,
South West Green Party,Reading & Wokingham Green Party,Kentwood,
South West Green Party,Reading & Wokingham Green Party,Norcot,
South West Green Party,Reading & Wokingham Green Party,Park,
South West Green Party,Reading & Wokingham Green Party,Redlands,
South West Green Party,Reading & Wokingham Green Party,Southcote,
South West Green Party,Reading & Wokingham Green Party,Thames,
South West Green Party,Reading & Wokingham Green Party,Tilehurst,
South West Green Party,Reading & Wokingham Green Party,Whitley,
South West Green Party,Reading & Wokingham Green Party,Barkham and Arborfield,
South West Green Party,Reading & Wokingham Green Party,Bulmershe and Coronation,
South West Green Party,Reading & Wokingham Green Party,Emmbrook,
South West Green Party,Reading & Wokingham Green Party,Evendons,
South West Green Party,Reading & Wokingham Green Party,Finchampstead,
South West Green Party,Reading & Wokingham Green Party,Hawkedon,
South West Green Party,Reading & Wokingham Green Party,Hillside,
South West Green Party,Reading & Wokingham Green Party,Loddon,
South West Green Party,Reading & Wokingham Green Party,Maiden Erlegh and Whitegates,
South West Green Party,Reading & Wokingham Green Party,Norreys,
South West Green Party,Reading & Wokingham Green Party,Shinfield,
South West Green Party,Reading & Wokingham Green Party,South Lake,
South West Green Party,Reading & Wokingham Green Party,Spencers Wood and Swallowfield,
South West Green Party,Reading & Wokingham Green Party,Thames,
South West Green Party,Reading & Wokingham Green Party,"Twyford, Ruscombe and Hurst",
South West Green Party,Reading & Wokingham Green Party,Wescott,
South West Green Party,Reading & Wokingham Green Party,Winnersh,
South West Green Party,Reading & Wokingham Green Party,Wokingham Without,
South West Green Party,West Berkshire Green Party,Aldermaston,
South West Green Party,West Berkshire Green Party,Basildon,
South West Green Party,West Berkshire Green Party,Bradfield,
South West Green Party,West Berkshire Green Party,Bucklebury,
South West Green Party,West Berkshire Green Party,Burghfield and Mortimer,
South West Green Party,West Berkshire Green Party,Chieveley and Cold Ash,
South West Green Party,West Berkshire Green Party,Downlands,
South West Green Party,West Berkshire Green Party,Hungerford and Kintbury,
South West Green Party,West Berkshire Green Party,Lambourn,
South West Green Party,West Berkshire Green Party,Newbury Central,
South West Green Party,West Berkshire Green Party,Newbury Clay Hill,
South West Green Party,West Berkshire Green Party,Newbury Greenham,
South West Green Party,West Berkshire Green Party,Newbury Speen,
South West Green Party,West Berkshire Green Party,Newbury Wash Common,
South West Green Party,West Berkshire Green Party,Pangbourne,
South West Green Party,West Berkshire Green Party,Ridgeway,
South West Green Party,West Berkshire Green Party,Thatcham Central,
South West Green Party,West Berkshire Green Party,Thatcham Colthrop and Crookham,
South West Green Party,West Berkshire Green Party,Thatcham North East,
South West Green Party,West Berkshire Green Party,Thatcham West,
South West Green Party,West Berkshire Green Party,Theale,
South West Green Party,West Berkshire Green Party,Tilehurst and Purley,
South West Green Party,West Berkshire Green Party,Tilehurst Birch Copse,
South West Green Party,West Berkshire Green Party,Tilehurst South and Holybrook,
South West Green Party,Isle of Wight Green Party,Bembridge,
South West Green Party,Isle of Wight Green Party,Binstead and Fishbourne,
South West Green Party,Isle of Wight Green Party,Brading and St Helens,
South West Green Party,Isle of Wight Green Party,"Brighstone, Calbourne and Shalfleet",
South West Green Party,Isle of Wight Green Party,Carisbrooke and Gunville,
South West Green Party,Isle of Wight Green Party,Central Rural,
South West Green Party,Isle of Wight Green Party,"Chale, Niton and Shorwell",
South West Green Party,Isle of Wight Green Party,Cowes Medina,
South West Green Party,Isle of Wight Green Party,Cowes North,
South West Green Party,Isle of Wight Green Party,Cowes South and Northwood,
South West Green Party,Isle of Wight Green Party,Cowes West and Gurnard,
South West Green Party,Isle of Wight Green Party,East Cowes,
South West Green Party,Isle of Wight Green Party,Fairlee and Whippingham,
South West Green Party,Isle of Wight Green Party,Freshwater North and Yarmouth,
South West Green Party,Isle of Wight Green Party,Freshwater South,
South West Green Party,Isle of Wight Green Party,Haylands and Swanmore,
South West Green Party,Isle of Wight Green Party,Lake North,
South West Green Party,Isle of Wight Green Party,Lake South,
South West Green Party,Isle of Wight Green Party,Mountjoy and Shide,
South West Green Party,Isle of Wight Green Party,Nettlestone and Seaview,
South West Green Party,Isle of Wight Green Party,"Newchurch, Havenstreet and Ashey",
South West Green Party,Isle of Wight Green Party,Newport Central,
South West Green Party,Isle of Wight Green Party,Newport West,
South West Green Party,Isle of Wight Green Party,Osborne,
South West Green Party,Isle of Wight Green Party,Pan and Barton,
South West Green Party,Isle of Wight Green Party,Parkhurst and Hunnyhill,
South West Green Party,Isle of Wight Green Party,Ryde Appley and Elmfield,
South West Green Party,Isle of Wight Green Party,Ryde Monktonmead,
South West Green Party,Isle of Wight Green Party,Ryde North West,
South West Green Party,Isle of Wight Green Party,Ryde South East,
South West Green Party,Isle of Wight Green Party,Ryde West,
South West Green Party,Isle of Wight Green Party,Sandown North,
South West Green Party,Isle of Wight Green Party,Sandown South,
South West Green Party,Isle of Wight Green Party,Shanklin Central,
South West Green Party,Isle of Wight Green Party,Shanklin South,
South West Green Party,Isle of Wight Green Party,Totland and Colwell,
South West Green Party,Isle of Wight Green Party,Ventnor and St Lawrence,
South West Green Party,Isle of Wight Green Party,Wootton Bridge,
South West Green Party,Isle of Wight Green Party,"Wroxall, Lowtherville and Bonchurch",
South West Green Party,Test Valley Green Party,Ampfield and Braishfield,
South West Green Party,Test Valley Green Party,Andover Downlands,
South West Green Party,Test Valley Green Party,Andover Harroway,
South West Green Party,Test Valley Green Party,Andover Millway,
South West Green Party,Test Valley Green Party,Andover Romans,
South West Green Party,Test Valley Green Party,Andover St Mary's,
South West Green Party,Test Valley Green Party,Andover Winton,
South West Green Party,Test Valley Green Party,Anna,
South West Green Party,Test Valley Green Party,Bellinger,
South West Green Party,Test Valley Green Party,Blackwater,
South West Green Party,Test Valley Green Party,Bourne Valley,
South West Green Party,Test Valley Green Party,Charlton and the Pentons,
South West Green Party,Test Valley Green Party,"Chilworth, Nursling and Rownhams",
South West Green Party,Test Valley Green Party,Harewood,
South West Green Party,Test Valley Green Party,Mid Test,
South West Green Party,Test Valley Green Party,North Baddesley,
South West Green Party,Test Valley Green Party,Romsey Abbey,
South West Green Party,Test Valley Green Party,Romsey Cupernham,
South West Green Party,Test Valley Green Party,Romsey Tadburn,
South West Green Party,Test Valley Green Party,Valley Park,
South West Green Party,Blackwater Valley Green Party,Blackwater and Hawley,
South West Green Party,Blackwater Valley Green Party,Crookham East,
South West Green Party,Blackwater Valley Green Party,Crookham West and Ewshot,
South West Green Party,Blackwater Valley Green Party,Fleet Central,
South West Green Party,Blackwater Valley Green Party,Fleet East,
South West Green Party,Blackwater Valley Green Party,Fleet West,
South West Green Party,Blackwater Valley Green Party,Hartley Wintney,
South West Green Party,Blackwater Valley Green Party,Hook,
South West Green Party,Blackwater Valley Green Party,Odiham,
South West Green Party,Blackwater Valley Green Party,Yateley East,
South West Green Party,Blackwater Valley Green Party,Yateley West,
South West Green Party,Blackwater Valley Green Party,Aldershot Park,
South West Green Party,Blackwater Valley Green Party,Cherrywood,
South West Green Party,Blackwater Valley Green Party,Cove and Southwood,
South West Green Party,Blackwater Valley Green Party,Empress,
South West Green Party,Blackwater Valley Green Party,Fernhill,
South West Green Party,Blackwater Valley Green Party,Knellwood,
South West Green Party,Blackwater Valley Green Party,Manor Park,
South West Green Party,Blackwater Valley Green Party,North Town,
South West Green Party,Blackwater Valley Green Party,Rowhill,
South West Green Party,Blackwater Valley Green Party,St John's,
South West Green Party,Blackwater Valley Green Party,St Mark's,
South West Green Party,Blackwater Valley Green Party,Wellington,
South West Green Party,Blackwater Valley Green Party,West Heath,
South West Green Party,East Hampshire Green Party,Alton Amery,
South West Green Party,East Hampshire Green Party,Alton Ashdell,
South West Green Party,East Hampshire Green Party,Alton Eastbrooke,
South West Green Party,East Hampshire Green Party,Alton Holybourne,
South West Green Party,East Hampshire Green Party,Alton Westbrooke,
South West Green Party,East Hampshire Green Party,Alton Whitedown,
South West Green Party,East Hampshire Green Party,Alton Wooteys,
South West Green Party,East Hampshire Green Party,Bentworth and Froyle,
South West Green Party,East Hampshire Green Party,"Binsted, Bentley and Selborne",
South West Green Party,East Hampshire Green Party,Bramshott and Liphook,
South West Green Party,East Hampshire Green Party,Buriton and East Meon,
South West Green Party,East Hampshire Green Party,Clanfield,
South West Green Party,East Hampshire Green Party,Four Marks and Medstead,
South West Green Party,East Hampshire Green Party,"Froxfield, Sheet and Steep",
South West Green Party,East Hampshire Green Party,Grayshott,
South West Green Party,East Hampshire Green Party,Headley,
South West Green Party,East Hampshire Green Party,Horndean Catherington,
South West Green Party,East Hampshire Green Party,Horndean Downs,
South West Green Party,East Hampshire Green Party,Horndean Kings and Blendworth,
South West Green Party,East Hampshire Green Party,Horndean Murray,
South West Green Party,East Hampshire Green Party,Lindford,
South West Green Party,East Hampshire Green Party,Liss,
South West Green Party,East Hampshire Green Party,Petersfield Bell Hill,
South West Green Party,East Hampshire Green Party,Petersfield Causeway,
South West Green Party,East Hampshire Green Party,Petersfield Heath,
South West Green Party,East Hampshire Green Party,Petersfield St Peter's,
South West Green Party,East Hampshire Green Party,"Ropley, Hawkley and Hangers",
South West Green Party,East Hampshire Green Party,Rowlands Castle,
South West Green Party,East Hampshire Green Party,Whitehill Chase,
South West Green Party,East Hampshire Green Party,Whitehill Hogmoor and Greatham,
South West Green Party,East Hampshire Green Party,Whitehill Pinewood,
South West Green Party,New Forest Green Party,"Ashley, Bashley and Fernhill",
South West Green Party,New Forest Green Party,"Ashurst, Bramshaw, Copythorne and Netley Marsh",
South West Green Party,New Forest Green Party,Ballard,
South West Green Party,New Forest Green Party,Barton and Becton,
South West Green Party,New Forest Green Party,"Bransgore, Burley, Sopley and Ringwood East",
South West Green Party,New Forest Green Party,Brockenhurst and Denny Lodge,
South West Green Party,New Forest Green Party,Dibden and Dibden Purlieu,
South West Green Party,New Forest Green Party,Downlands and Forest North,
South West Green Party,New Forest Green Party,"Fawley, Blackfield, Calshot and Langley",
South West Green Party,New Forest Green Party,"Fordingbridge, Godshill and Hyde",
South West Green Party,New Forest Green Party,Forest and Solent,
South West Green Party,New Forest Green Party,"Hardley, Holbury and North Blackfield",
South West Green Party,New Forest Green Party,Hythe Central,
South West Green Party,New Forest Green Party,Hythe South,
South West Green Party,New Forest Green Party,Lymington,
South West Green Party,New Forest Green Party,Lyndhurst and Minstead,
South West Green Party,New Forest Green Party,Marchwood and Eling,
South West Green Party,New Forest Green Party,Milford and Hordle,
South West Green Party,New Forest Green Party,Milton,
South West Green Party,New Forest Green Party,Pennington,
South West Green Party,New Forest Green Party,Ringwood North and Ellingham,
South West Green Party,New Forest Green Party,Ringwood South,
South West Green Party,New Forest Green Party,Sway,
South West Green Party,New Forest Green Party,Totton Central,
South West Green Party,New Forest Green Party,Totton North,
South West Green Party,New Forest Green Party,Totton South,
South West Green Party,Fareham & Gosport Green Party,Avenue,
South West Green Party,Fareham & Gosport Green Party,Fareham Park,
South West Green Party,Fareham & Gosport Green Party,Fareham Town,
South West Green Party,Fareham & Gosport Green Party,Fort Fareham,
South West Green Party,Fareham & Gosport Green Party,Hill Head,
South West Green Party,Fareham & Gosport Green Party,Hook-with-Warsash,
South West Green Party,Fareham & Gosport Green Party,Locks Heath,
South West Green Party,Fareham & Gosport Green Party,Park Gate,
South West Green Party,Fareham & Gosport Green Party,Portchester Castle,
South West Green Party,Fareham & Gosport Green Party,Portchester Wicor,
South West Green Party,Fareham & Gosport Green Party,Sarisbury and Whiteley,
South West Green Party,Fareham & Gosport Green Party,Stubbington,
South West Green Party,Fareham & Gosport Green Party,Titchfield,
South West Green Party,Fareham & Gosport Green Party,Titchfield Common,
South West Green Party,Fareham & Gosport Green Party,Uplands and Funtley,
South West Green Party,Fareham & Gosport Green Party,Wallington and Downend,
South West Green Party,Fareham & Gosport Green Party,Alverstoke,
South West Green Party,Fareham & Gosport Green Party,Anglesey,
South West Green Party,Fareham & Gosport Green Party,Bridgemary,
South West Green Party,Fareham & Gosport Green Party,Brockhurst and Privett,
South West Green Party,Fareham & Gosport Green Party,Elson,
South West Green Party,Fareham & Gosport Green Party,Forton,
South West Green Party,Fareham & Gosport Green Party,Grange and Alver Valley,
South West Green Party,Fareham & Gosport Green Party,Harbourside and Town,
South West Green Party,Fareham & Gosport Green Party,Hardway,
South West Green Party,Fareham & Gosport Green Party,Lee East,
South West Green Party,Fareham & Gosport Green Party,Lee West,
South West Green Party,Fareham & Gosport Green Party,Leesland and Newtown,
South West Green Party,Fareham & Gosport Green Party,Peel Common,
South West Green Party,Fareham & Gosport Green Party,Rowner and Holbrook,
South West Green Party,Portsmouth Green Party,Baffins,
South West Green Party,Portsmouth Green Party,Central Southsea,
South West Green Party,Portsmouth Green Party,Charles Dickens,
South West Green Party,Portsmouth Green Party,Copnor,
South West Green Party,Portsmouth Green Party,Cosham,
South West Green Party,Portsmouth Green Party,Drayton and Farlington,
South West Green Party,Portsmouth Green Party,Eastney and Craneswater,
South West Green Party,Portsmouth Green Party,Fratton,
South West Green Party,Portsmouth Green Party,Hilsea,
South West Green Party,Portsmouth Green Party,Milton,
South West Green Party,Portsmouth Green Party,Nelson,
South West Green Party,Portsmouth Green Party,Paulsgrove,
South West Green Party,Portsmouth Green Party,St Jude,
South West Green Party,Portsmouth Green Party,St Thomas,
South West Green Party,Havant Green Party,Bedhampton,
South West Green Party,Havant Green Party,Cowplain,
South West Green Party,Havant Green Party,Emsworth,
South West Green Party,Havant Green Party,Hart Plain,
South West Green Party,Havant Green Party,Havant St Faith's,
South West Green Party,Havant Green Party,Hayling East,
South West Green Party,Havant Green Party,Hayling West,
South West Green Party,Havant Green Party,Leigh Park Central and West Leigh,
South West Green Party,Havant Green Party,Leigh Park Hermitage,
South West Green Party,Havant Green Party,Purbrook,
South West Green Party,Havant Green Party,Stakes,
South West Green Party,Havant Green Party,Waterloo,
South West Green Party,Southampton & District Green Party,Banister and Polygon,
South West Green Party,Southampton & District Green Party,Bargate,
South West Green Party,Southampton & District Green Party,Bassett,
South West Green Party,Southampton & District Green Party,Bevois,
South West Green Party,Southampton & District Green Party,Bitterne Park,
South West Green Party,Southampton & District Green Party,Coxford,
South West Green Party,Southampton & District Green Party,Freemantle,
South West Green Party,Southampton & District Green Party,Harefield,
South West Green Party,Southampton & District Green Party,Millbrook,
South West Green Party,Southampton & District Green Party,Peartree,
South West Green Party,Southampton & District Green Party,Portswood,
South West Green Party,Southampton & District Green Party,Redbridge,
South West Green Party,Southampton & District Green Party,Shirley,
South West Green Party,Southampton & District Green Party,Sholing,
South West Green Party,Southampton & District Green Party,Swaythling,
South West Green Party,Southampton & District Green Party,Thornhill,
South West Green Party,Southampton & District Green Party,Woolston,
South West Green Party,Winchester & District Green Party,Alresford and Itchen Valley,
South West Green Party,Winchester & District Green Party,Badger Farm and Oliver's Battery,
South West Green Party,Winchester & District Green Party,Bishop's Waltham,
South West Green Party,Winchester & District Green Party,Central Meon Valley,
South West Green Party,Winchester & District Green Party,Colden Common and Twyford,
South West Green Party,Winchester & District Green Party,Denmead,
South West Green Party,Winchester & District Green Party,Southwick and Wickham,
South West Green Party,Winchester & District Green Party,St Barnabas,
South West Green Party,Winchester & District Green Party,St Bartholomew,
South West Green Party,Winchester & District Green Party,St Luke,
South West Green Party,Winchester & District Green Party,St Michael,
South West Green Party,Winchester & District Green Party,St Paul,
South West Green Party,Winchester & District Green Party,The Worthys,
South West Green Party,Winchester & District Green Party,Upper Meon Valley,
South West Green Party,Winchester & District Green Party,Whiteley and Shedfield,
South West Green Party,Winchester & District Green Party,Wonston and Micheldever,
South West Green Party,Basingstoke & North East Hampshire Green Party,Basing and Upton Grey,
South West Green Party,Basingstoke & North East Hampshire Green Party,Bramley,
South West Green Party,Basingstoke & North East Hampshire Green Party,Brighton Hill,
South West Green Party,Basingstoke & North East Hampshire Green Party,Brookvale and Kings Furlong,
South West Green Party,Basingstoke & North East Hampshire Green Party,Chineham,
South West Green Party,Basingstoke & North East Hampshire Green Party,Eastrop and Grove,
South West Green Party,Basingstoke & North East Hampshire Green Party,Evingar,
South West Green Party,Basingstoke & North East Hampshire Green Party,Hatch Warren and Beggarwood,
South West Green Party,Basingstoke & North East Hampshire Green Party,Kempshott and Buckskin,
South West Green Party,Basingstoke & North East Hampshire Green Party,Norden,
South West Green Party,Basingstoke & North East Hampshire Green Party,Oakley and The Candovers,
South West Green Party,Basingstoke & North East Hampshire Green Party,Popley,
South West Green Party,Basingstoke & North East Hampshire Green Party,Sherborne St John and Rooksdown,
South West Green Party,Basingstoke & North East Hampshire Green Party,South Ham,
South West Green Party,Basingstoke & North East Hampshire Green Party,Tadley and Pamber,
South West Green Party,Basingstoke & North East Hampshire Green Party,"Tadley North, Kingsclere and Baughurst",
South West Green Party,Basingstoke & North East Hampshire Green Party,"Whitchurch, Overton and Laverstoke",
South West Green Party,Basingstoke & North East Hampshire Green Party,Winklebury and Manydown,
Wales Green Party,Bridgend Green Party,Aberkenfig,
Wales Green Party,Bridgend Green Party,Blackmill,
Wales Green Party,Bridgend Green Party,Brackla East and Coychurch Lower,
Wales Green Party,Bridgend Green Party,Brackla East Central,
Wales Green Party,Bridgend Green Party,Brackla West,
Wales Green Party,Bridgend Green Party,Brackla West Central,
Wales Green Party,Bridgend Green Party,Bridgend Central,
Wales Green Party,Bridgend Green Party,"Bryntirion, Laleston and Merthyr Mawr",
Wales Green Party,Bridgend Green Party,Caerau,
Wales Green Party,Bridgend Green Party,Cefn-glas,
Wales Green Party,Bridgend Green Party,Coity Higher,
Wales Green Party,Bridgend Green Party,Cornelly,
Wales Green Party,Bridgend Green Party,Garw Valley,
Wales Green Party,Bridgend Green Party,Llangynwyd,
Wales Green Party,Bridgend Green Party,Maesteg East,
Wales Green Party,Bridgend Green Party,Maesteg West,
Wales Green Party,Bridgend Green Party,Nant-y-moel,
Wales Green Party,Bridgend Green Party,Newton,
Wales Green Party,Bridgend Green Party,Nottage,
Wales Green Party,Bridgend Green Party,Ogmore Vale,
Wales Green Party,Bridgend Green Party,Oldcastle,
Wales Green Party,Bridgend Green Party,Pencoed and Penprysg,
Wales Green Party,Bridgend Green Party,Pen-y-fai,
Wales Green Party,Bridgend Green Party,Porthcawl East Central,
Wales Green Party,Bridgend Green Party,Porthcawl West Central,
Wales Green Party,Bridgend Green Party,"Pyle, Kenfig Hill and Cefn Cribwr",
Wales Green Party,Bridgend Green Party,Rest Bay,
Wales Green Party,Bridgend Green Party,St Bride's Minor and Ynysawdre.,
Wales Green Party,"Cardiff, Vale and Valleys Green Party",Adamsdown,
Wales Green Party,"Cardiff, Vale and Valleys Green Party",Butetown,
Wales Green Party,"Cardiff, Vale and Valleys Green Party",Caerau,
Wales Green Party,"Cardiff, Vale and Valleys Green Party",Canton,
Wales Green Party,"Cardiff, Vale and Valleys Green Party",Cathays,
Wales Green Party,"Cardiff, Vale and Valleys Green Party",Cyncoed,
Wales Green Party,"Cardiff, Vale and Valleys Green Party",Ely,
Wales Green Party,"Cardiff, Vale and Valleys Green Party",Fairwater,
Wales Green Party,"Cardiff, Vale and Valleys Green Party",Gabalfa,
Wales Green Party,"Cardiff, Vale and Valleys Green Party",Grangetown,
Wales Green Party,"Cardiff, Vale and Valleys Green Party",Heath,
Wales Green Party,"Cardiff, Vale and Valleys Green Party",Lisvane and Thornhill,
Wales Green Party,"Cardiff, Vale and Valleys Green Party",Llandaff,
Wales Green Party,"Cardiff, Vale and Valleys Green Party",Llandaff North,
Wales Green Party,"Cardiff, Vale and Valleys Green Party",Llanishen,
Wales Green Party,"Cardiff, Vale and Valleys Green Party",Llanrumney,
Wales Green Party,"Cardiff, Vale and Valleys Green Party",Pentwyn,
Wales Green Party,"Cardiff, Vale and Valleys Green Party",Pentyrch and St Fagans,
Wales Green Party,"Cardiff, Vale and Valleys Green Party",Penylan,
Wales Green Party,"Cardiff, Vale and Valleys Green Party",Plasnewydd,
Wales Green Party,"Cardiff, Vale and Valleys Green Party",Pontprennau and Old St Mellons,
Wales Green Party,"Cardiff, Vale and Valleys Green Party",Radyr,
Wales Green Party,"Cardiff, Vale and Valleys Green Party",Rhiwbina,
Wales Green Party,"Cardiff, Vale and Valleys Green Party",Riverside,
Wales Green Party,"Cardiff, Vale and Valleys Green Party",Rumney,
Wales Green Party,"Cardiff, Vale and Valleys Green Party",Splott,
Wales Green Party,"Cardiff, Vale and Valleys Green Party",Trowbridge,
Wales Green Party,"Cardiff, Vale and Valleys Green Party",Whitchurch and Tongwynlais,
Wales Green Party,"Cardiff, Vale and Valleys Green Party",Baruc,
Wales Green Party,"Cardiff, Vale and Valleys Green Party",Buttrills,
Wales Green Party,"Cardiff, Vale and Valleys Green Party",Cadoc,
Wales Green Party,"Cardiff, Vale and Valleys Green Party",Castleland,
Wales Green Party,"Cardiff, Vale and Valleys Green Party",Cornerswell,
Wales Green Party,"Cardiff, Vale and Valleys Green Party",Court,
Wales Green Party,"Cardiff, Vale and Valleys Green Party",Cowbridge,
Wales Green Party,"Cardiff, Vale and Valleys Green Party",Dinas Powys,
Wales Green Party,"Cardiff, Vale and Valleys Green Party",Dyfan,
Wales Green Party,"Cardiff, Vale and Valleys Green Party",Gibbonsdown,
Wales Green Party,"Cardiff, Vale and Valleys Green Party",Illtyd,
Wales Green Party,"Cardiff, Vale and Valleys Green Party",Llandough,
Wales Green Party,"Cardiff, Vale and Valleys Green Party",Llandow,
Wales Green Party,"Cardiff, Vale and Valleys Green Party",Llantwit Major,
Wales Green Party,"Cardiff, Vale and Valleys Green Party",Peterston-super-Ely,
Wales Green Party,"Cardiff, Vale and Valleys Green Party",Plymouth,
Wales Green Party,"Cardiff, Vale and Valleys Green Party",Rhoose,
Wales Green Party,"Cardiff, Vale and Valleys Green Party",St Athan,
Wales Green Party,"Cardiff, Vale and Valleys Green Party",St Augustine's,
Wales Green Party,"Cardiff, Vale and Valleys Green Party",St Bride's Major,
Wales Green Party,"Cardiff, Vale and Valleys Green Party",St Nicholas and Llancarfan,
Wales Green Party,"Cardiff, Vale and Valleys Green Party",Stanwell,
Wales Green Party,"Cardiff, Vale and Valleys Green Party",Sully,
Wales Green Party,"Cardiff, Vale and Valleys Green Party",Wenvoe,
Wales Green Party,"Cardiff, Vale and Valleys Green Party",Aberaman,
Wales Green Party,"Cardiff, Vale and Valleys Green Party",Abercynon,
Wales Green Party,"Cardiff, Vale and Valleys Green Party",Aberdare East,
Wales Green Party,"Cardiff, Vale and Valleys Green Party",Aberdare West and Llwydcoed,
Wales Green Party,"Cardiff, Vale and Valleys Green Party",Beddau and Tyn-y-nant,
Wales Green Party,"Cardiff, Vale and Valleys Green Party",Brynna and Llanharan,
Wales Green Party,"Cardiff, Vale and Valleys Green Party",Church Village,
Wales Green Party,"Cardiff, Vale and Valleys Green Party",Cilfynydd,
Wales Green Party,"Cardiff, Vale and Valleys Green Party",Cwm Clydach,
Wales Green Party,"Cardiff, Vale and Valleys Green Party",Cwmbach,
Wales Green Party,"Cardiff, Vale and Valleys Green Party",Cymer,
Wales Green Party,"Cardiff, Vale and Valleys Green Party",Ferndale and Maerdy,
Wales Green Party,"Cardiff, Vale and Valleys Green Party",Gilfach-goch,
Wales Green Party,"Cardiff, Vale and Valleys Green Party",Glyn-coch,
Wales Green Party,"Cardiff, Vale and Valleys Green Party",Graig and Pontypridd West,
Wales Green Party,"Cardiff, Vale and Valleys Green Party",Hawthorn and Lower Rhydfelen,
Wales Green Party,"Cardiff, Vale and Valleys Green Party","Hirwaun, Penderyn and Rhigos",
Wales Green Party,"Cardiff, Vale and Valleys Green Party",Llanharry,
Wales Green Party,"Cardiff, Vale and Valleys Green Party",Llantrisant and Talbot Green,
Wales Green Party,"Cardiff, Vale and Valleys Green Party",Llantwit Fardre,
Wales Green Party,"Cardiff, Vale and Valleys Green Party",Llwyn-y-pia,
Wales Green Party,"Cardiff, Vale and Valleys Green Party",Mountain Ash,
Wales Green Party,"Cardiff, Vale and Valleys Green Party",Pen-y-graig,
Wales Green Party,"Cardiff, Vale and Valleys Green Party",Pen-y-waun,
Wales Green Party,"Cardiff, Vale and Valleys Green Party",Penrhiw-ceibr,
Wales Green Party,"Cardiff, Vale and Valleys Green Party",Pentre,
Wales Green Party,"Cardiff, Vale and Valleys Green Party",Pontyclun Central,
Wales Green Party,"Cardiff, Vale and Valleys Green Party",Pontyclun East,
Wales Green Party,"Cardiff, Vale and Valleys Green Party",Pontyclun West,
Wales Green Party,"Cardiff, Vale and Valleys Green Party",Pontypridd Town,
Wales Green Party,"Cardiff, Vale and Valleys Green Party",Porth,
Wales Green Party,"Cardiff, Vale and Valleys Green Party",Rhydfelen Central,
Wales Green Party,"Cardiff, Vale and Valleys Green Party",Taff's Well,
Wales Green Party,"Cardiff, Vale and Valleys Green Party",Ton-teg,
Wales Green Party,"Cardiff, Vale and Valleys Green Party",Tonypandy,
Wales Green Party,"Cardiff, Vale and Valleys Green Party",Tonyrefail East,
Wales Green Party,"Cardiff, Vale and Valleys Green Party",Tonyrefail West,
Wales Green Party,"Cardiff, Vale and Valleys Green Party",Trallwng,
Wales Green Party,"Cardiff, Vale and Valleys Green Party",Trealaw,
Wales Green Party,"Cardiff, Vale and Valleys Green Party",Treforest,
Wales Green Party,"Cardiff, Vale and Valleys Green Party",Treherbert,
Wales Green Party,"Cardiff, Vale and Valleys Green Party",Treorchy,
Wales Green Party,"Cardiff, Vale and Valleys Green Party",Tylorstown and Ynyshir,
Wales Green Party,"Cardiff, Vale and Valleys Green Party",Upper Rhydfelen and Glyn-taf,
Wales Green Party,"Cardiff, Vale and Valleys Green Party",Ynysybwl,
Wales Green Party,"Cardiff, Vale and Valleys Green Party",Ystrad,
Wales Green Party,"Cardiff, Vale and Valleys Green Party",Bedlinog and Trelewis,
Wales Green Party,"Cardiff, Vale and Valleys Green Party",Cyfarthfa,
Wales Green Party,"Cardiff, Vale and Valleys Green Party",Dowlais and Pant,
Wales Green Party,"Cardiff, Vale and Valleys Green Party",Gurnos,
Wales Green Party,"Cardiff, Vale and Valleys Green Party",Merthyr Vale,
Wales Green Party,"Cardiff, Vale and Valleys Green Party",Park,
Wales Green Party,"Cardiff, Vale and Valleys Green Party",Penydarren,
Wales Green Party,"Cardiff, Vale and Valleys Green Party",Plymouth,
Wales Green Party,"Cardiff, Vale and Valleys Green Party",Town,
Wales Green Party,"Cardiff, Vale and Valleys Green Party",Treharris,
Wales Green Party,"Cardiff, Vale and Valleys Green Party",Vaynor.,
Wales Green Party,Carmarthenshire Green Party,Abergwili,
Wales Green Party,Carmarthenshire Green Party,Ammanford,
Wales Green Party,Carmarthenshire Green Party,Betws,
Wales Green Party,Carmarthenshire Green Party,Bigyn,
Wales Green Party,Carmarthenshire Green Party,Burry Port,
Wales Green Party,Carmarthenshire Green Party,Bynea,
Wales Green Party,Carmarthenshire Green Party,Carmarthen Town North and South,
Wales Green Party,Carmarthenshire Green Party,Carmarthen Town West,
Wales Green Party,Carmarthenshire Green Party,Cenarth and Llangeler,
Wales Green Party,Carmarthenshire Green Party,Cilycwm,
Wales Green Party,Carmarthenshire Green Party,Cwarter Bach,
Wales Green Party,Carmarthenshire Green Party,Cynwyl Elfed,
Wales Green Party,Carmarthenshire Green Party,Dafen and Felinfoel,
Wales Green Party,Carmarthenshire Green Party,Elli,
Wales Green Party,Carmarthenshire Green Party,Garnant,
Wales Green Party,Carmarthenshire Green Party,Glanamman,
Wales Green Party,Carmarthenshire Green Party,Glanymor,
Wales Green Party,Carmarthenshire Green Party,Glyn,
Wales Green Party,Carmarthenshire Green Party,Gorslas,
Wales Green Party,Carmarthenshire Green Party,Hendy,
Wales Green Party,Carmarthenshire Green Party,Hengoed,
Wales Green Party,Carmarthenshire Green Party,Kidwelly and St Ishmael,
Wales Green Party,Carmarthenshire Green Party,Laugharne Township,
Wales Green Party,Carmarthenshire Green Party,Llanboidy,
Wales Green Party,Carmarthenshire Green Party,Llanddarog,
Wales Green Party,Carmarthenshire Green Party,Llandeilo,
Wales Green Party,Carmarthenshire Green Party,Llandovery,
Wales Green Party,Carmarthenshire Green Party,Llandybie,
Wales Green Party,Carmarthenshire Green Party,Llanegwad,
Wales Green Party,Carmarthenshire Green Party,Llanfihangel Aberbythych,
Wales Green Party,Carmarthenshire Green Party,Llanfihangel-ar-Arth,
Wales Green Party,Carmarthenshire Green Party,Llangadog,
Wales Green Party,Carmarthenshire Green Party,Llangennech,
Wales Green Party,Carmarthenshire Green Party,Llangunnor,
Wales Green Party,Carmarthenshire Green Party,Llangyndeyrn,
Wales Green Party,Carmarthenshire Green Party,Llannon,
Wales Green Party,Carmarthenshire Green Party,Llanybydder,
Wales Green Party,Carmarthenshire Green Party,Lliedi,
Wales Green Party,Carmarthenshire Green Party,Llwynhendy,
Wales Green Party,Carmarthenshire Green Party,Manordeilo and Salem,
Wales Green Party,Carmarthenshire Green Party,Pembrey,
Wales Green Party,Carmarthenshire Green Party,Penygroes,
Wales Green Party,Carmarthenshire Green Party,Pontyberem,
Wales Green Party,Carmarthenshire Green Party,Saron,
Wales Green Party,Carmarthenshire Green Party,St Clears and Llansteffan,
Wales Green Party,Carmarthenshire Green Party,Swiss Valley,
Wales Green Party,Carmarthenshire Green Party,Trelech,
Wales Green Party,Carmarthenshire Green Party,Trimsaran,
Wales Green Party,Carmarthenshire Green Party,Tycroes,
Wales Green Party,Carmarthenshire Green Party,Tyisha,
Wales Green Party,Carmarthenshire Green Party,Whitland.,
Wales Green Party,Ceredigion Green Party,Aberaeron and Aberarth,
Wales Green Party,Ceredigion Green Party,Aberporth and Y Ferwig,
Wales Green Party,Ceredigion Green Party,Aberystwyth Morfa a Glais,
Wales Green Party,Ceredigion Green Party,Aberystwyth Penparcau,
Wales Green Party,Ceredigion Green Party,Aberystwyth Rheidol,
Wales Green Party,Ceredigion Green Party,Beulah and Llangoedmor,
Wales Green Party,Ceredigion Green Party,Borth,
Wales Green Party,Ceredigion Green Party,Ceulan a Maesmawr,
Wales Green Party,Ceredigion Green Party,Ciliau Aeron,
Wales Green Party,Ceredigion Green Party,Faenor,
Wales Green Party,Ceredigion Green Party,Lampeter,
Wales Green Party,Ceredigion Green Party,Llanbadarn Fawr,
Wales Green Party,Ceredigion Green Party,Llandyfriog,
Wales Green Party,Ceredigion Green Party,Llandysilio and Llangrannog,
Wales Green Party,Ceredigion Green Party,Llandysul North and Troedyraur,
Wales Green Party,Ceredigion Green Party,Llandysul South,
Wales Green Party,Ceredigion Green Party,Llanfarian,
Wales Green Party,Ceredigion Green Party,Llanfihangel Ystrad,
Wales Green Party,Ceredigion Green Party,Llangeitho,
Wales Green Party,Ceredigion Green Party,Llangybi,
Wales Green Party,Ceredigion Green Party,Llannarth,
Wales Green Party,Ceredigion Green Party,Llanrhystyd,
Wales Green Party,Ceredigion Green Party,Llansanffraid,
Wales Green Party,Ceredigion Green Party,Llanwenog,
Wales Green Party,Ceredigion Green Party,Lledrod,
Wales Green Party,Ceredigion Green Party,Melindwr,
Wales Green Party,Ceredigion Green Party,Mwldan,
Wales Green Party,Ceredigion Green Party,New Quay and Llanllwchaearn,
Wales Green Party,Ceredigion Green Party,Penbryn,
Wales Green Party,Ceredigion Green Party,Teifi,
Wales Green Party,Ceredigion Green Party,Tirymynach,
Wales Green Party,Ceredigion Green Party,Trefeurig,
Wales Green Party,Ceredigion Green Party,Tregaron and Ystrad Fflur,
Wales Green Party,Ceredigion Green Party,Ystwyth.,
Wales Green Party,Gwent Green Party,Abertillery and Six Bells,
Wales Green Party,Gwent Green Party,Beaufort,
Wales Green Party,Gwent Green Party,Blaina,
Wales Green Party,Gwent Green Party,Brynmawr,
Wales Green Party,Gwent Green Party,Cwm,
Wales Green Party,Gwent Green Party,Cwmtillery,
Wales Green Party,Gwent Green Party,Ebbw Vale North,
Wales Green Party,Gwent Green Party,Ebbw Vale South,
Wales Green Party,Gwent Green Party,Georgetown,
Wales Green Party,Gwent Green Party,Llanhilleth,
Wales Green Party,Gwent Green Party,Nantyglo,
Wales Green Party,Gwent Green Party,Rassau and Garnlydan,
Wales Green Party,Gwent Green Party,Sirhowy,
Wales Green Party,Gwent Green Party,Tredegar,
Wales Green Party,Gwent Green Party,Aber Valley,
Wales Green Party,Gwent Green Party,Aberbargoed and Bargoed,
Wales Green Party,Gwent Green Party,Abercarn,
Wales Green Party,Gwent Green Party,Argoed,
Wales Green Party,Gwent Green Party,Bedwas and Trethomas,
Wales Green Party,Gwent Green Party,Blackwood,
Wales Green Party,Gwent Green Party,Cefn Fforest and Pengam,
Wales Green Party,Gwent Green Party,Crosskeys,
Wales Green Party,Gwent Green Party,Crumlin,
Wales Green Party,Gwent Green Party,Darran Valley,
Wales Green Party,Gwent Green Party,Gilfach,
Wales Green Party,Gwent Green Party,Hengoed,
Wales Green Party,Gwent Green Party,Llanbradach,
Wales Green Party,Gwent Green Party,Machen and Rudry,
Wales Green Party,Gwent Green Party,Maesycwmmer,
Wales Green Party,Gwent Green Party,Morgan Jones,
Wales Green Party,Gwent Green Party,Moriah and Pontlottyn,
Wales Green Party,Gwent Green Party,Nelson,
Wales Green Party,Gwent Green Party,New Tredegar,
Wales Green Party,Gwent Green Party,Newbridge,
Wales Green Party,Gwent Green Party,Penmaen,
Wales Green Party,Gwent Green Party,Penyrheol,
Wales Green Party,Gwent Green Party,Pontllanfraith,
Wales Green Party,Gwent Green Party,Risca East,
Wales Green Party,Gwent Green Party,Risca West,
Wales Green Party,Gwent Green Party,St Cattwg,
Wales Green Party,Gwent Green Party,St Martins,
Wales Green Party,Gwent Green Party,Twyn Carno,
Wales Green Party,Gwent Green Party,Van,
Wales Green Party,Gwent Green Party,Ynysddu,
Wales Green Party,Gwent Green Party,Ystrad Mynach,
Wales Green Party,Gwent Green Party,Bulwark and Thornwell,
Wales Green Party,Gwent Green Party,Caerwent,
Wales Green Party,Gwent Green Party,Caldicot Castle,
Wales Green Party,Gwent Green Party,Caldicot Cross,
Wales Green Party,Gwent Green Party,Cantref,
Wales Green Party,Gwent Green Party,Chepstow Castle and Larkfield,
Wales Green Party,Gwent Green Party,Croesonen,
Wales Green Party,Gwent Green Party,Crucorney,
Wales Green Party,Gwent Green Party,Devauden,
Wales Green Party,Gwent Green Party,Dewstow,
Wales Green Party,Gwent Green Party,Drybridge,
Wales Green Party,Gwent Green Party,Gobion Fawr,
Wales Green Party,Gwent Green Party,Goetre Fawr,
Wales Green Party,Gwent Green Party,Grofield,
Wales Green Party,Gwent Green Party,Lansdown,
Wales Green Party,Gwent Green Party,Llanbadoc and Usk,
Wales Green Party,Gwent Green Party,Llanelly,
Wales Green Party,Gwent Green Party,Llanfoist Fawr and Govilon,
Wales Green Party,Gwent Green Party,Llangybi Fawr,
Wales Green Party,Gwent Green Party,Llantilio Crossenny,
Wales Green Party,Gwent Green Party,Magor East with Undy,
Wales Green Party,Gwent Green Party,Magor West,
Wales Green Party,Gwent Green Party,Mardy,
Wales Green Party,Gwent Green Party,Mitchel Troy and Trellech United,
Wales Green Party,Gwent Green Party,Mount Pleasant,
Wales Green Party,Gwent Green Party,Osbaston,
Wales Green Party,Gwent Green Party,Overmonnow,
Wales Green Party,Gwent Green Party,Park,
Wales Green Party,Gwent Green Party,Pen Y Fal,
Wales Green Party,Gwent Green Party,Portskewett,
Wales Green Party,Gwent Green Party,Raglan,
Wales Green Party,Gwent Green Party,Rogiet,
Wales Green Party,Gwent Green Party,Severn,
Wales Green Party,Gwent Green Party,Shirenewton,
Wales Green Party,Gwent Green Party,St Arvans,
Wales Green Party,Gwent Green Party,St Kingsmark,
Wales Green Party,Gwent Green Party,Town,
Wales Green Party,Gwent Green Party,West End,
Wales Green Party,Gwent Green Party,Wyesham,
Wales Green Party,Gwent Green Party,Allt-yr-yn,
Wales Green Party,Gwent Green Party,Alway,
Wales Green Party,Gwent Green Party,Beechwood,
Wales Green Party,Gwent Green Party,Bettws,
Wales Green Party,Gwent Green Party,Bishton and Langstone,
Wales Green Party,Gwent Green Party,Caerleon,
Wales Green Party,Gwent Green Party,Gaer,
Wales Green Party,Gwent Green Party,Graig,
Wales Green Party,Gwent Green Party,Llanwern,
Wales Green Party,Gwent Green Party,Lliswerry,
Wales Green Party,Gwent Green Party,Malpas,
Wales Green Party,Gwent Green Party,Pillgwenlly,
Wales Green Party,Gwent Green Party,Ringland,
Wales Green Party,Gwent Green Party,Rogerstone East,
Wales Green Party,Gwent Green Party,Rogerstone North,
Wales Green Party,Gwent Green Party,Rogerstone West,
Wales Green Party,Gwent Green Party,Shaftesbury,
Wales Green Party,Gwent Green Party,St Julians,
Wales Green Party,Gwent Green Party,Stow Hill,
Wales Green Party,Gwent Green Party,Tredegar Park and Marshfield,
Wales Green Party,Gwent Green Party,Victoria,
Wales Green Party,Gwent Green Party,Abersychan,
Wales Green Party,Gwent Green Party,Blaenavon,
Wales Green Party,Gwent Green Party,Coed Eva,
Wales Green Party,Gwent Green Party,Croesyceiliog,
Wales Green Party,Gwent Green Party,Fairwater,
Wales Green Party,Gwent Green Party,Greenmeadow,
Wales Green Party,Gwent Green Party,Llanfrechfa and Ponthir,
Wales Green Party,Gwent Green Party,Llantarnam,
Wales Green Party,Gwent Green Party,Llanyrafon,
Wales Green Party,Gwent Green Party,New Inn,
Wales Green Party,Gwent Green Party,Panteg,
Wales Green Party,Gwent Green Party,Pontnewydd,
Wales Green Party,Gwent Green Party,Pontnewynydd and Snatchwood,
Wales Green Party,Gwent Green Party,Pontypool Fawr,
Wales Green Party,Gwent Green Party,St. Dials,
Wales Green Party,Gwent Green Party,Trevethin and Penygarn,
Wales Green Party,Gwent Green Party,Two Locks,
Wales Green Party,Gwent Green Party,Upper Cwmbran.,
Wales Green Party,Neath Port Talbot Green Party,Aberavon,
Wales Green Party,Neath Port Talbot Green Party,Aberdulais,
Wales Green Party,Neath Port Talbot Green Party,Allt-wen,
Wales Green Party,Neath Port Talbot Green Party,Baglan,
Wales Green Party,Neath Port Talbot Green Party,Blaengwrach and Glynneath West,
Wales Green Party,Neath Port Talbot Green Party,Briton Ferry East,
Wales Green Party,Neath Port Talbot Green Party,Briton Ferry West,
Wales Green Party,Neath Port Talbot Green Party,Bryn and Cwmavon,
Wales Green Party,Neath Port Talbot Green Party,Bryn-coch North,
Wales Green Party,Neath Port Talbot Green Party,Bryn-coch South,
Wales Green Party,Neath Port Talbot Green Party,Cadoxton,
Wales Green Party,Neath Port Talbot Green Party,Cimla and Pelenna,
Wales Green Party,Neath Port Talbot Green Party,Coedffranc Central,
Wales Green Party,Neath Port Talbot Green Party,Coedffranc North,
Wales Green Party,Neath Port Talbot Green Party,Coedffranc West,
Wales Green Party,Neath Port Talbot Green Party,"Crynant, Onllwyn and Seven Sisters",
Wales Green Party,Neath Port Talbot Green Party,Cwmllynfell and Ystalyfera,
Wales Green Party,Neath Port Talbot Green Party,Cymer and Glyncorrwg,
Wales Green Party,Neath Port Talbot Green Party,Dyffryn,
Wales Green Party,Neath Port Talbot Green Party,Glynneath Central and East,
Wales Green Party,Neath Port Talbot Green Party,Godre'r Graig,
Wales Green Party,Neath Port Talbot Green Party,Gwaun-Cae-Gurwen and Lower Brynamman,
Wales Green Party,Neath Port Talbot Green Party,Gwynfi and Croeserw,
Wales Green Party,Neath Port Talbot Green Party,Margam and Tai-bach,
Wales Green Party,Neath Port Talbot Green Party,Neath East,
Wales Green Party,Neath Port Talbot Green Party,Neath North,
Wales Green Party,Neath Port Talbot Green Party,Neath South,
Wales Green Party,Neath Port Talbot Green Party,Pontardawe,
Wales Green Party,Neath Port Talbot Green Party,Port Talbot,
Wales Green Party,Neath Port Talbot Green Party,Resolven and Tonna,
Wales Green Party,Neath Port Talbot Green Party,Rhos,
Wales Green Party,Neath Port Talbot Green Party,Sandfields East,
Wales Green Party,Neath Port Talbot Green Party,Sandfields West,
Wales Green Party,Neath Port Talbot Green Party,Trebanos.,
Wales Green Party,Swansea & Gower Green Party,Bishopston,
Wales Green Party,Swansea & Gower Green Party,BÃ´n-y-maen,
Wales Green Party,Swansea & Gower Green Party,Castle,
Wales Green Party,Swansea & Gower Green Party,Clydach,
Wales Green Party,Swansea & Gower Green Party,Cockett,
Wales Green Party,Swansea & Gower Green Party,Cwmbwrla,
Wales Green Party,Swansea & Gower Green Party,Dunvant and Killay,
Wales Green Party,Swansea & Gower Green Party,Fairwood,
Wales Green Party,Swansea & Gower Green Party,Gorseinon and Penyrheol,
Wales Green Party,Swansea & Gower Green Party,Gower,
Wales Green Party,Swansea & Gower Green Party,Gowerton,
Wales Green Party,Swansea & Gower Green Party,Landore,
Wales Green Party,Swansea & Gower Green Party,Llangyfelach,
Wales Green Party,Swansea & Gower Green Party,Llansamlet,
Wales Green Party,Swansea & Gower Green Party,Llwchwr,
Wales Green Party,Swansea & Gower Green Party,Mayals,
Wales Green Party,Swansea & Gower Green Party,Morriston,
Wales Green Party,Swansea & Gower Green Party,Mumbles,
Wales Green Party,Swansea & Gower Green Party,Mynydd-bach,
Wales Green Party,Swansea & Gower Green Party,Pen-clawdd,
Wales Green Party,Swansea & Gower Green Party,Penderry,
Wales Green Party,Swansea & Gower Green Party,Penllergaer,
Wales Green Party,Swansea & Gower Green Party,Pennard,
Wales Green Party,Swansea & Gower Green Party,Pontarddulais,
Wales Green Party,Swansea & Gower Green Party,Pontlliew and Tircoed,
Wales Green Party,Swansea & Gower Green Party,Sketty,
Wales Green Party,Swansea & Gower Green Party,St Thomas,
Wales Green Party,Swansea & Gower Green Party,Townhill,
Wales Green Party,Swansea & Gower Green Party,Uplands,
Wales Green Party,Swansea & Gower Green Party,Waterfront,
Wales Green Party,Swansea & Gower Green Party,Waunarlwydd,
Wales Green Party,Swansea & Gower Green Party,West Cross.,
Wales Green Party,Pembrokeshire Green Party,Amroth and Saundersfoot North,
Wales Green Party,Pembrokeshire Green Party,Boncath and Clydau,
Wales Green Party,Pembrokeshire Green Party,Bro Gwaun,
Wales Green Party,Pembrokeshire Green Party,Burton,
Wales Green Party,Pembrokeshire Green Party,Camrose,
Wales Green Party,Pembrokeshire Green Party,Carew and Jeffreyston,
Wales Green Party,Pembrokeshire Green Party,Cilgerran and Eglwyswrw,
Wales Green Party,Pembrokeshire Green Party,Crymych and Mynachlog-ddu,
Wales Green Party,Pembrokeshire Green Party,East Williamston,
Wales Green Party,Pembrokeshire Green Party,Fishguard North East,
Wales Green Party,Pembrokeshire Green Party,Fishguard North West,
Wales Green Party,Pembrokeshire Green Party,Goodwick,
Wales Green Party,Pembrokeshire Green Party,Haverfordwest Castle,
Wales Green Party,Pembrokeshire Green Party,Haverfordwest Garth,
Wales Green Party,Pembrokeshire Green Party,Haverfordwest Portfield,
Wales Green Party,Pembrokeshire Green Party,Haverfordwest Prendergast,
Wales Green Party,Pembrokeshire Green Party,Haverfordwest Priory,
Wales Green Party,Pembrokeshire Green Party,Hundleton,
Wales Green Party,Pembrokeshire Green Party,Johnston,
Wales Green Party,Pembrokeshire Green Party,Kilgetty and Begelly,
Wales Green Party,Pembrokeshire Green Party,Lampeter Velfrey,
Wales Green Party,Pembrokeshire Green Party,Lamphey,
Wales Green Party,Pembrokeshire Green Party,Letterston,
Wales Green Party,Pembrokeshire Green Party,Llangwm,
Wales Green Party,Pembrokeshire Green Party,Llanrhian,
Wales Green Party,Pembrokeshire Green Party,Maenclochog,
Wales Green Party,Pembrokeshire Green Party,Manorbier and Penally,
Wales Green Party,Pembrokeshire Green Party,Martletwy,
Wales Green Party,Pembrokeshire Green Party,Merlin's Bridge,
Wales Green Party,Pembrokeshire Green Party,Milford Central,
Wales Green Party,Pembrokeshire Green Party,Milford East,
Wales Green Party,Pembrokeshire Green Party,Milford Hakin,
Wales Green Party,Pembrokeshire Green Party,Milford Hubberston,
Wales Green Party,Pembrokeshire Green Party,Milford North,
Wales Green Party,Pembrokeshire Green Party,Milford West,
Wales Green Party,Pembrokeshire Green Party,Narberth Rural,
Wales Green Party,Pembrokeshire Green Party,Narberth Urban,
Wales Green Party,Pembrokeshire Green Party,Newport and Dinas,
Wales Green Party,Pembrokeshire Green Party,Neyland East,
Wales Green Party,Pembrokeshire Green Party,Neyland West,
Wales Green Party,Pembrokeshire Green Party,Pembroke Dock Bufferland,
Wales Green Party,Pembrokeshire Green Party,Pembroke Dock Bush,
Wales Green Party,Pembrokeshire Green Party,Pembroke Dock Central,
Wales Green Party,Pembrokeshire Green Party,Pembroke Dock Market,
Wales Green Party,Pembrokeshire Green Party,Pembroke Dock Pennar,
Wales Green Party,Pembrokeshire Green Party,Pembroke Monkton and St Mary South,
Wales Green Party,Pembrokeshire Green Party,Pembroke St Mary North,
Wales Green Party,Pembrokeshire Green Party,Pembroke St Michael,
Wales Green Party,Pembrokeshire Green Party,Rudbaxton and Spittal,
Wales Green Party,Pembrokeshire Green Party,Saundersfoot South,
Wales Green Party,Pembrokeshire Green Party,Solva,
Wales Green Party,Pembrokeshire Green Party,St David's,
Wales Green Party,Pembrokeshire Green Party,St Dogmaels,
Wales Green Party,Pembrokeshire Green Party,St Florence and St Mary Out Liberty,
Wales Green Party,Pembrokeshire Green Party,St Ishmael's,
Wales Green Party,Pembrokeshire Green Party,Tenby North,
Wales Green Party,Pembrokeshire Green Party,Tenby South,
Wales Green Party,Pembrokeshire Green Party,The Havens,
Wales Green Party,Pembrokeshire Green Party,Wiston.,
Wales Green Party,Brecon & Radnor Green Party,Aber-craf and Ystradgynlais,
Wales Green Party,Brecon & Radnor Green Party,Brecon East,
Wales Green Party,Brecon & Radnor Green Party,Brecon West,
Wales Green Party,Brecon & Radnor Green Party,Bronllys and Felin-fach,
Wales Green Party,Brecon & Radnor Green Party,Builth,
Wales Green Party,Brecon & Radnor Green Party,Crickhowell with Cwmdu and Tretower,
Wales Green Party,Brecon & Radnor Green Party,Cwm-twrch,
Wales Green Party,Brecon & Radnor Green Party,Disserth and Trecoed with Newbridge,
Wales Green Party,Brecon & Radnor Green Party,Glasbury,
Wales Green Party,Brecon & Radnor Green Party,Gwernyfed,
Wales Green Party,Brecon & Radnor Green Party,Hay,
Wales Green Party,Brecon & Radnor Green Party,Ithon Valley,
Wales Green Party,Brecon & Radnor Green Party,Knighton with Beguildy,
Wales Green Party,Brecon & Radnor Green Party,Llanafanfawr with Garth,
Wales Green Party,Brecon & Radnor Green Party,Llangattock and Llangynidr,
Wales Green Party,Brecon & Radnor Green Party,Llangors with Bwlch,
Wales Green Party,Brecon & Radnor Green Party,Llangunllo with Norton,
Wales Green Party,Brecon & Radnor Green Party,Llanwrtyd Wells,
Wales Green Party,Brecon & Radnor Green Party,Llanyre with Nantmel,
Wales Green Party,Brecon & Radnor Green Party,Maescar and Llywel,
Wales Green Party,Brecon & Radnor Green Party,Old Radnor,
Wales Green Party,Brecon & Radnor Green Party,Presteigne,
Wales Green Party,Brecon & Radnor Green Party,Rhayader,
Wales Green Party,Brecon & Radnor Green Party,Rhiwcynon,
Wales Green Party,Brecon & Radnor Green Party,Talgarth,
Wales Green Party,Brecon & Radnor Green Party,Talybont-on-Usk,
Wales Green Party,Brecon & Radnor Green Party,Tawe Uchaf,
Wales Green Party,Brecon & Radnor Green Party,Ynyscedwyn,
Wales Green Party,Brecon & Radnor Green Party,Yscir with Honddu Isaf and Llanddew.,
Wales Green Party,Montgomeryshire Green Party,"Banwy, Llanfihangel and Llanwddyn",
Wales Green Party,Montgomeryshire Green Party,Berriew and Castle Caereinion,
Wales Green Party,Montgomeryshire Green Party,Caersws,
Wales Green Party,Montgomeryshire Green Party,Churchstoke,
Wales Green Party,Montgomeryshire Green Party,Dolforwyn,
Wales Green Party,Montgomeryshire Green Party,Forden and Montgomery,
Wales Green Party,Montgomeryshire Green Party,Glantwymyn,
Wales Green Party,Montgomeryshire Green Party,Guilsfield,
Wales Green Party,Montgomeryshire Green Party,Kerry,
Wales Green Party,Montgomeryshire Green Party,Llanbrynmair,
Wales Green Party,Montgomeryshire Green Party,Llandinam with Dolfor,
Wales Green Party,Montgomeryshire Green Party,Llandrinio,
Wales Green Party,Montgomeryshire Green Party,Llandysilio,
Wales Green Party,Montgomeryshire Green Party,Llanfair Caereinion and Llanerfyl,
Wales Green Party,Montgomeryshire Green Party,Llanfyllin,
Wales Green Party,Montgomeryshire Green Party,Llangyniew and Meifod,
Wales Green Party,Montgomeryshire Green Party,Llanidloes,
Wales Green Party,Montgomeryshire Green Party,Llanrhaeadr-ym-Mochnant and Llansilin,
Wales Green Party,Montgomeryshire Green Party,Llansantffraid,
Wales Green Party,Montgomeryshire Green Party,Machynlleth,
Wales Green Party,Montgomeryshire Green Party,Newtown Central and South,
Wales Green Party,Montgomeryshire Green Party,Newtown East,
Wales Green Party,Montgomeryshire Green Party,Newtown North,
Wales Green Party,Montgomeryshire Green Party,Newtown West,
Wales Green Party,Montgomeryshire Green Party,Trelystan and Trewern,
Wales Green Party,Montgomeryshire Green Party,Welshpool Castle,
Wales Green Party,Montgomeryshire Green Party,Welshpool Gungrog,
Wales Green Party,Montgomeryshire Green Party,Welshpool Llanerchyddol.,
Wales Green Party,North West Wales Green Party,Aethwy,
Wales Green Party,North West Wales Green Party,Bodowyr,
Wales Green Party,North West Wales Green Party,Bro Aberffraw,
Wales Green Party,North West Wales Green Party,Bro'r Llynnoedd,
Wales Green Party,North West Wales Green Party,Canolbarth MÃ´n,
Wales Green Party,North West Wales Green Party,Cefni,
Wales Green Party,North West Wales Green Party,Crigyll,
Wales Green Party,North West Wales Green Party,Lligwy,
Wales Green Party,North West Wales Green Party,Parc a'r Mynydd,
Wales Green Party,North West Wales Green Party,Seiriol,
Wales Green Party,North West Wales Green Party,Talybolion,
Wales Green Party,North West Wales Green Party,Tref Cybi,
Wales Green Party,North West Wales Green Party,Twrcelyn,
Wales Green Party,North West Wales Green Party,Ynys Gybi,
Wales Green Party,North West Wales Green Party,Aberdyfi,
Wales Green Party,North West Wales Green Party,Abererch,
Wales Green Party,North West Wales Green Party,Abermaw,
Wales Green Party,North West Wales Green Party,Abersoch gyda Llanengan,
Wales Green Party,North West Wales Green Party,Arllechwedd,
Wales Green Party,North West Wales Green Party,Arthog a Llangelynnin,
Wales Green Party,North West Wales Green Party,Bethel a'r Felinheli,
Wales Green Party,North West Wales Green Party,Bowydd a'r Rhiw,
Wales Green Party,North West Wales Green Party,Brithdir and Llanfachreth/Ganllwyd/Llanelltyd,
Wales Green Party,North West Wales Green Party,Bro Dysynni,
Wales Green Party,North West Wales Green Party,Cadnant,
Wales Green Party,North West Wales Green Party,Canol Bangor,
Wales Green Party,North West Wales Green Party,Canol Bethesda,
Wales Green Party,North West Wales Green Party,Canol Tref Caernarfon,
Wales Green Party,North West Wales Green Party,Clynnog,
Wales Green Party,North West Wales Green Party,Corris a Mawddwy,
Wales Green Party,North West Wales Green Party,Criccieth,
Wales Green Party,North West Wales Green Party,Cwm-y-glo,
Wales Green Party,North West Wales Green Party,De Dolgellau,
Wales Green Party,North West Wales Green Party,De Pwllheli,
Wales Green Party,North West Wales Green Party,Deiniolen,
Wales Green Party,North West Wales Green Party,Dewi,
Wales Green Party,North West Wales Green Party,Diffwys a Maenofferen,
Wales Green Party,North West Wales Green Party,Dolbenmaen,
Wales Green Party,North West Wales Green Party,Dwyrain Bangor,
Wales Green Party,North West Wales Green Party,Dwyrain Porthmadog,
Wales Green Party,North West Wales Green Party,Dyffryn Ardudwy,
Wales Green Party,North West Wales Green Party,Efailnewydd a Buan,
Wales Green Party,North West Wales Green Party,Gerlan,
Wales Green Party,North West Wales Green Party,Glaslyn,
Wales Green Party,North West Wales Green Party,Glyder,
Wales Green Party,North West Wales Green Party,Gogledd Dolgellau,
Wales Green Party,North West Wales Green Party,Gogledd Pwllheli,
Wales Green Party,North West Wales Green Party,Gorllewin Porthmadog,
Wales Green Party,North West Wales Green Party,Gorllewin Tywyn,
Wales Green Party,North West Wales Green Party,Harlech a Llanbedr,
Wales Green Party,North West Wales Green Party,Hendre,
Wales Green Party,North West Wales Green Party,Llanbedrog gyda Mynytho,
Wales Green Party,North West Wales Green Party,Llanberis,
Wales Green Party,North West Wales Green Party,Llandderfel,
Wales Green Party,North West Wales Green Party,Llanllyfni,
Wales Green Party,North West Wales Green Party,Llanrug,
Wales Green Party,North West Wales Green Party,Llanuwchllyn,
Wales Green Party,North West Wales Green Party,Llanwnda,
Wales Green Party,North West Wales Green Party,Llanystumdwy,
Wales Green Party,North West Wales Green Party,Menai,
Wales Green Party,North West Wales Green Party,Morfa Nefyn a Thudweiliog,
Wales Green Party,North West Wales Green Party,Morfa Tywyn,
Wales Green Party,North West Wales Green Party,Nefyn,
Wales Green Party,North West Wales Green Party,Peblig,
Wales Green Party,North West Wales Green Party,Pen draw LlÅ·n,
Wales Green Party,North West Wales Green Party,Pen-y-groes,
Wales Green Party,North West Wales Green Party,Penisa'r-waun,
Wales Green Party,North West Wales Green Party,Penrhyndeudraeth,
Wales Green Party,North West Wales Green Party,Rachub,
Wales Green Party,North West Wales Green Party,Teigl,
Wales Green Party,North West Wales Green Party,Trawsfynydd,
Wales Green Party,North West Wales Green Party,Tre-garth a Mynydd LlandygÃ¡i,
Wales Green Party,North West Wales Green Party,Tryfan,
Wales Green Party,North West Wales Green Party,Waunfawr,
Wales Green Party,North West Wales Green Party,Y Bala,
Wales Green Party,North West Wales Green Party,Y Bontnewydd,
Wales Green Party,North West Wales Green Party,Y Faenol,
Wales Green Party,North West Wales Green Party,Y Groeslon,
Wales Green Party,North West Wales Green Party,Yr Eifl,
Wales Green Party,North West Wales Green Party,Betws-y-Coed and Trefriw,
Wales Green Party,North West Wales Green Party,Betws-yn-Rhos,
Wales Green Party,North West Wales Green Party,Bryn,
Wales Green Party,North West Wales Green Party,Caerhun,
Wales Green Party,North West Wales Green Party,Colwyn,
Wales Green Party,North West Wales Green Party,Conwy,
Wales Green Party,North West Wales Green Party,Craig-y-don,
Wales Green Party,North West Wales Green Party,Deganwy,
Wales Green Party,North West Wales Green Party,Eglwys-bach a Llangernyw,
Wales Green Party,North West Wales Green Party,Eirias,
Wales Green Party,North West Wales Green Party,Gele and Llanddulas,
Wales Green Party,North West Wales Green Party,Glyn,
Wales Green Party,North West Wales Green Party,Glyn y Marl,
Wales Green Party,North West Wales Green Party,Gogarth Mostyn,
Wales Green Party,North West Wales Green Party,Kinmel Bay,
Wales Green Party,North West Wales Green Party,Llandrillo-yn-Rhos,
Wales Green Party,North West Wales Green Party,Llanrwst a Llanddoged,
Wales Green Party,North West Wales Green Party,Llansanffraid Glan Conwy,
Wales Green Party,North West Wales Green Party,Llansannan,
Wales Green Party,North West Wales Green Party,Llysfaen,
Wales Green Party,North West Wales Green Party,Mochdre,
Wales Green Party,North West Wales Green Party,Old Colwyn,
Wales Green Party,North West Wales Green Party,Penmaenmawr,
Wales Green Party,North West Wales Green Party,Pentrefoelas,
Wales Green Party,North West Wales Green Party,Rhos-on-Sea,
Wales Green Party,North West Wales Green Party,Trefriw,
Wales Green Party,North West Wales Green Party,Ysbyty Ifan.,
Wales Green Party,North East Wales Green Party,Alyn Valley,
Wales Green Party,North East Wales Green Party,Bodelwyddan,
Wales Green Party,North East Wales Green Party,Denbigh Caledfryn Henllan,
Wales Green Party,North East Wales Green Party,Denbigh Lower,
Wales Green Party,North East Wales Green Party,Dyserth,
Wales Green Party,North East Wales Green Party,Edeirnion,
Wales Green Party,North East Wales Green Party,Efenechdyd,
Wales Green Party,North East Wales Green Party,Llandyrnog,
Wales Green Party,North East Wales Green Party,Llanfair Dyffryn Clwyd Gwyddelwern,
Wales Green Party,North East Wales Green Party,Llangollen,
Wales Green Party,North East Wales Green Party,Llanrhaeadr-yng-Nghinmeirch,
Wales Green Party,North East Wales Green Party,Moel Famau,
Wales Green Party,North East Wales Green Party,Prestatyn Central,
Wales Green Party,North East Wales Green Party,Prestatyn East,
Wales Green Party,North East Wales Green Party,Prestatyn Meliden,
Wales Green Party,North East Wales Green Party,Prestatyn North,
Wales Green Party,North East Wales Green Party,Prestatyn South West,
Wales Green Party,North East Wales Green Party,Rhuddlan,
Wales Green Party,North East Wales Green Party,Rhyl East,
Wales Green Party,North East Wales Green Party,Rhyl South,
Wales Green Party,North East Wales Green Party,Rhyl South West,
Wales Green Party,North East Wales Green Party,Rhyl Trellewelyn,
Wales Green Party,North East Wales Green Party,Rhyl TÅ· Newydd,
Wales Green Party,North East Wales Green Party,Rhyl West,
Wales Green Party,North East Wales Green Party,Ruthin,
Wales Green Party,North East Wales Green Party,St Asaph East,
Wales Green Party,North East Wales Green Party,St Asaph West,
Wales Green Party,North East Wales Green Party,Trefnant,
Wales Green Party,North East Wales Green Party,Tremeirchion,
Wales Green Party,North East Wales Green Party,Argoed and New Brighton,
Wales Green Party,North East Wales Green Party,Bagillt,
Wales Green Party,North East Wales Green Party,Broughton North East,
Wales Green Party,North East Wales Green Party,Broughton South,
Wales Green Party,North East Wales Green Party,Brynford and Halkyn,
Wales Green Party,North East Wales Green Party,Bistre East,
Wales Green Party,North East Wales Green Party,Bistre West,
Wales Green Party,North East Wales Green Party,Mountain,
Wales Green Party,North East Wales Green Party,Pentrobin,
Wales Green Party,North East Wales Green Party,Caergwrle,
Wales Green Party,North East Wales Green Party,Caerwys,
Wales Green Party,North East Wales Green Party,Cilcain,
Wales Green Party,North East Wales Green Party,Connah's Quay Central,
Wales Green Party,North East Wales Green Party,Connah's Quay South,
Wales Green Party,North East Wales Green Party,Golftyn,
Wales Green Party,North East Wales Green Party,Wepre,
Wales Green Party,North East Wales Green Party,Castle,
Wales Green Party,North East Wales Green Party,Coleshill and Trelawny,
Wales Green Party,North East Wales Green Party,Oakenholt,
Wales Green Party,North East Wales Green Party,Greenfield,
Wales Green Party,North East Wales Green Party,Gwernaffield and Gwernymynydd,
Wales Green Party,North East Wales Green Party,Aston,
Wales Green Party,North East Wales Green Party,Ewloe,
Wales Green Party,North East Wales Green Party,Mancot,
Wales Green Party,North East Wales Green Party,Higher Kinnerton,
Wales Green Party,North East Wales Green Party,Holywell Central,
Wales Green Party,North East Wales Green Party,Holywell East,
Wales Green Party,North East Wales Green Party,Holywell West,
Wales Green Party,North East Wales Green Party,Hope,
Wales Green Party,North East Wales Green Party,Leeswood,
Wales Green Party,North East Wales Green Party,Llanasa and Trelawnyd,
Wales Green Party,North East Wales Green Party,Llanfynydd,
Wales Green Party,North East Wales Green Party,Mold East,
Wales Green Party,North East Wales Green Party,Mold South,
Wales Green Party,North East Wales Green Party,Mold West,
Wales Green Party,North East Wales Green Party,Broncoed,
Wales Green Party,North East Wales Green Party,Mostyn,
Wales Green Party,North East Wales Green Party,Northop,
Wales Green Party,North East Wales Green Party,Pen-y-ffordd,
Wales Green Party,North East Wales Green Party,Queensferry and Sealand,
Wales Green Party,North East Wales Green Party,Saltney Ferry,
Wales Green Party,North East Wales Green Party,Shotton East and Shotton Higher,
Wales Green Party,North East Wales Green Party,Shotton West,
Wales Green Party,North East Wales Green Party,Treuddyn,
Wales Green Party,North East Wales Green Party,Whitford,
Wales Green Party,North East Wales Green Party,Acrefair North,
Wales Green Party,North East Wales Green Party,Acton and Maesydre,
Wales Green Party,North East Wales Green Party,Bangor Is-y-Coed,
Wales Green Party,North East Wales Green Party,Borras Park,
Wales Green Party,North East Wales Green Party,Bronington and Hanmer,
Wales Green Party,North East Wales Green Party,Brymbo,
Wales Green Party,North East Wales Green Party,Bryn Cefn,
Wales Green Party,North East Wales Green Party,Brynyffynnon,
Wales Green Party,North East Wales Green Party,Cartrefle,
Wales Green Party,North East Wales Green Party,Cefn East,
Wales Green Party,North East Wales Green Party,Cefn West,
Wales Green Party,North East Wales Green Party,Chirk North,
Wales Green Party,North East Wales Green Party,Chirk South,
Wales Green Party,North East Wales Green Party,Coedpoeth,
Wales Green Party,North East Wales Green Party,Dyffryn Ceiriog,
Wales Green Party,North East Wales Green Party,Erddig,
Wales Green Party,North East Wales Green Party,Esclusham,
Wales Green Party,North East Wales Green Party,Garden Village,
Wales Green Party,North East Wales Green Party,Gresford East and West,
Wales Green Party,North East Wales Green Party,Grosvenor,
Wales Green Party,North East Wales Green Party,Gwenfro,
Wales Green Party,North East Wales Green Party,Gwersyllt East,
Wales Green Party,North East Wales Green Party,Gwersyllt North,
Wales Green Party,North East Wales Green Party,Gwersyllt South,
Wales Green Party,North East Wales Green Party,Gwersyllt West,
Wales Green Party,North East Wales Green Party,Hermitage,
Wales Green Party,North East Wales Green Party,Holt,
Wales Green Party,North East Wales Green Party,Little Acton,
Wales Green Party,North East Wales Green Party,Llangollen Rural,
Wales Green Party,North East Wales Green Party,Llansantffraid Glyn Ceiriog,
Wales Green Party,North East Wales Green Party,Llay,
Wales Green Party,North East Wales Green Party,Maelor South,
Wales Green Party,North East Wales Green Party,Marchwiel,
Wales Green Party,North East Wales Green Party,Minera,
Wales Green Party,North East Wales Green Party,Offa,
Wales Green Party,North East Wales Green Party,Overton,
Wales Green Party,North East Wales Green Party,Penycae,
Wales Green Party,North East Wales Green Party,Rhosddu,
Wales Green Party,North East Wales Green Party,Rhosllanerchrugog,
Wales Green Party,North East Wales Green Party,Rossett,
Wales Green Party,North East Wales Green Party,Ruabon,
Wales Green Party,North East Wales Green Party,Sesswick,
Wales Green Party,North East Wales Green Party,Willington Worthenbury.,
West Midlands Green Party,Birmingham Green Party,Acocks Green,
West Midlands Green Party,Birmingham Green Party,Allens Cross,
West Midlands Green Party,Birmingham Green Party,Alum Rock,
West Midlands Green Party,Birmingham Green Party,Aston,
West Midlands Green Party,Birmingham Green Party,Balsall Heath West,
West Midlands Green Party,Birmingham Green Party,Bartley Green,
West Midlands Green Party,Birmingham Green Party,Billesley,
West Midlands Green Party,Birmingham Green Party,Birchfield,
West Midlands Green Party,Birmingham Green Party,Bordesley and Highgate,
West Midlands Green Party,Birmingham Green Party,Bordesley Green,
West Midlands Green Party,Birmingham Green Party,Bournbrook and Selly Park,
West Midlands Green Party,Birmingham Green Party,Bournville and Cotteridge,
West Midlands Green Party,Birmingham Green Party,Brandwood and King's Heath,
West Midlands Green Party,Birmingham Green Party,Bromford and Hodge Hill,
West Midlands Green Party,Birmingham Green Party,Castle Vale,
West Midlands Green Party,Birmingham Green Party,Druids Heath and Monyhull,
West Midlands Green Party,Birmingham Green Party,Edgbaston,
West Midlands Green Party,Birmingham Green Party,Erdington,
West Midlands Green Party,Birmingham Green Party,Frankley Great Park,
West Midlands Green Party,Birmingham Green Party,Garretts Green,
West Midlands Green Party,Birmingham Green Party,Glebe Farm and Tile Cross,
West Midlands Green Party,Birmingham Green Party,Gravelly Hill,
West Midlands Green Party,Birmingham Green Party,Hall Green North,
West Midlands Green Party,Birmingham Green Party,Hall Green South,
West Midlands Green Party,Birmingham Green Party,Handsworth,
West Midlands Green Party,Birmingham Green Party,Harborne,
West Midlands Green Party,Birmingham Green Party,Hodge Hill,
West Midlands Green Party,Birmingham Green Party,Ladywood,
West Midlands Green Party,Birmingham Green Party,Longbridge and West Heath,
West Midlands Green Party,Birmingham Green Party,Lozells,
West Midlands Green Party,Birmingham Green Party,Nechells,
West Midlands Green Party,Birmingham Green Party,Northfield,
West Midlands Green Party,Birmingham Green Party,Oscott,
West Midlands Green Party,Birmingham Green Party,Perry Barr,
West Midlands Green Party,Birmingham Green Party,Quinton,
West Midlands Green Party,Birmingham Green Party,Rubery and Rednal,
West Midlands Green Party,Birmingham Green Party,Sheldon,
West Midlands Green Party,Birmingham Green Party,Shard End,
West Midlands Green Party,Birmingham Green Party,Small Heath,
West Midlands Green Party,Birmingham Green Party,South Yardley,
West Midlands Green Party,Birmingham Green Party,Sparkbrook and Balsall Heath East,
West Midlands Green Party,Birmingham Green Party,Springfield,
West Midlands Green Party,Birmingham Green Party,Stechford and Yardley North,
West Midlands Green Party,Birmingham Green Party,Stockfield,
West Midlands Green Party,Birmingham Green Party,Sutton Four Oaks,
West Midlands Green Party,Birmingham Green Party,Sutton New Hall,
West Midlands Green Party,Birmingham Green Party,Sutton Trinity,
West Midlands Green Party,Birmingham Green Party,Sutton Vesey,
West Midlands Green Party,Birmingham Green Party,Sutton Walmley and Minworth,
West Midlands Green Party,Birmingham Green Party,Tyseley and Hay Mills,
West Midlands Green Party,Birmingham Green Party,Weoley and Selly Oak,
West Midlands Green Party,Birmingham Green Party,Yardley East.,
West Midlands Green Party,Coventry Green Party,Bablake,
West Midlands Green Party,Coventry Green Party,Binley and Willenhall,
West Midlands Green Party,Coventry Green Party,Cheylesmore,
West Midlands Green Party,Coventry Green Party,Earlsdon,
West Midlands Green Party,Coventry Green Party,Foleshill,
West Midlands Green Party,Coventry Green Party,Henley,
West Midlands Green Party,Coventry Green Party,Holbrook,
West Midlands Green Party,Coventry Green Party,Longford,
West Midlands Green Party,Coventry Green Party,Lower Stoke,
West Midlands Green Party,Coventry Green Party,Radford,
West Midlands Green Party,Coventry Green Party,Sherbourne,
West Midlands Green Party,Coventry Green Party,St Michael's,
West Midlands Green Party,Coventry Green Party,Upper Stoke,
West Midlands Green Party,Coventry Green Party,Wainbody,
West Midlands Green Party,Coventry Green Party,Westwood,
West Midlands Green Party,Coventry Green Party,Whoberley,
West Midlands Green Party,Coventry Green Party,Woodlands.,
West Midlands Green Party,Dudley Green Party,Amblecote,
West Midlands Green Party,Dudley Green Party,Belle Vale,
West Midlands Green Party,Dudley Green Party,Brierley Hill and Wordsley South,
West Midlands Green Party,Dudley Green Party,Brockmoor and Pensnett,
West Midlands Green Party,Dudley Green Party,Castle and Priory,
West Midlands Green Party,Dudley Green Party,Coseley,
West Midlands Green Party,Dudley Green Party,Cradley North and Wollescote,
West Midlands Green Party,Dudley Green Party,Gornal,
West Midlands Green Party,Dudley Green Party,Halesowen North,
West Midlands Green Party,Dudley Green Party,Halesowen South,
West Midlands Green Party,Dudley Green Party,Hayley Green and Cradley South,
West Midlands Green Party,Dudley Green Party,Kingswinford North and Wall Heath,
West Midlands Green Party,Dudley Green Party,Kingswinford South,
West Midlands Green Party,Dudley Green Party,Lye and Stourbridge North,
West Midlands Green Party,Dudley Green Party,Netherton and Holly Hall,
West Midlands Green Party,Dudley Green Party,Norton,
West Midlands Green Party,Dudley Green Party,Pedmore and Stourbridge East,
West Midlands Green Party,Dudley Green Party,Quarry Bank and Dudley Wood,
West Midlands Green Party,Dudley Green Party,Sedgley,
West Midlands Green Party,Dudley Green Party,St James's,
West Midlands Green Party,Dudley Green Party,St Thomas's,
West Midlands Green Party,Dudley Green Party,Quinton West,
West Midlands Green Party,Dudley Green Party,Russell's Hall,
West Midlands Green Party,Dudley Green Party,Sedgley East,
West Midlands Green Party,Dudley Green Party,Sedgley West,
West Midlands Green Party,Dudley Green Party,Shell Corner and Hurst Green,
West Midlands Green Party,Dudley Green Party,Stourbridge Town and Old Quarter,
West Midlands Green Party,Dudley Green Party,Upper Gornal and Ruiton,
West Midlands Green Party,Dudley Green Party,Wall Heath,
West Midlands Green Party,Dudley Green Party,West Coseley,
West Midlands Green Party,Dudley Green Party,Withymoor Village,
West Midlands Green Party,Dudley Green Party,Wollaston,
West Midlands Green Party,Dudley Green Party,Woodsetton,
West Midlands Green Party,Dudley Green Party,Wordsley and Buckpool.,
West Midlands Green Party,Sandwell Green Party,Abbey,
West Midlands Green Party,Sandwell Green Party,Blackheath,
West Midlands Green Party,Sandwell Green Party,Bristnall,
West Midlands Green Party,Sandwell Green Party,Charlemont with Grove Vale,
West Midlands Green Party,Sandwell Green Party,Cradley Heath and Old Hill,
West Midlands Green Party,Sandwell Green Party,Friar Park,
West Midlands Green Party,Sandwell Green Party,Great Barr with Yew Tree,
West Midlands Green Party,Sandwell Green Party,Great Bridge,
West Midlands Green Party,Sandwell Green Party,Greets Green and Lyng,
West Midlands Green Party,Sandwell Green Party,Hateley Heath,
West Midlands Green Party,Sandwell Green Party,Langley,
West Midlands Green Party,Sandwell Green Party,Newton,
West Midlands Green Party,Sandwell Green Party,Old Warley,
West Midlands Green Party,Sandwell Green Party,Oldbury,
West Midlands Green Party,Sandwell Green Party,Princes End,
West Midlands Green Party,Sandwell Green Party,Rowley,
West Midlands Green Party,Sandwell Green Party,Smethwick,
West Midlands Green Party,Sandwell Green Party,Soho and Victoria,
West Midlands Green Party,Sandwell Green Party,St Pauls,
West Midlands Green Party,Sandwell Green Party,Tipton Green,
West Midlands Green Party,Sandwell Green Party,Tividale,
West Midlands Green Party,Sandwell Green Party,Wednesbury North,
West Midlands Green Party,Sandwell Green Party,Wednesbury South,
West Midlands Green Party,Sandwell Green Party,West Bromwich Central.,
West Midlands Green Party,Solihull Green Party,Bickenhill,
West Midlands Green Party,Solihull Green Party,Blythe,
West Midlands Green Party,Solihull Green Party,Castle Bromwich,
West Midlands Green Party,Solihull Green Party,Chelmsley Wood,
West Midlands Green Party,Solihull Green Party,Dorridge and Hockley Heath,
West Midlands Green Party,Solihull Green Party,Elmdon,
West Midlands Green Party,Solihull Green Party,Kingshurst and Fordbridge,
West Midlands Green Party,Solihull Green Party,Knowle,
West Midlands Green Party,Solihull Green Party,Lyndon,
West Midlands Green Party,Solihull Green Party,Meriden,
West Midlands Green Party,Solihull Green Party,Olton,
West Midlands Green Party,Solihull Green Party,Shirley East,
West Midlands Green Party,Solihull Green Party,Shirley South,
West Midlands Green Party,Solihull Green Party,Shirley West,
West Midlands Green Party,Solihull Green Party,Silhill,
West Midlands Green Party,Solihull Green Party,Smith's Wood,
West Midlands Green Party,Solihull Green Party,St Alphege.,
West Midlands Green Party,Walsall Green Party,Aldridge Central and South,
West Midlands Green Party,Walsall Green Party,Aldridge North and Walsall Wood,
West Midlands Green Party,Walsall Green Party,Bentley and Darlaston North,
West Midlands Green Party,Walsall Green Party,Birchills Leamore,
West Midlands Green Party,Walsall Green Party,Blakenall,
West Midlands Green Party,Walsall Green Party,Bloxwich East,
West Midlands Green Party,Walsall Green Party,Bloxwich West,
West Midlands Green Party,Walsall Green Party,Brownhills,
West Midlands Green Party,Walsall Green Party,Darlaston South,
West Midlands Green Party,Walsall Green Party,Paddock,
West Midlands Green Party,Walsall Green Party,Palfrey,
West Midlands Green Party,Walsall Green Party,Pelsall,
West Midlands Green Party,Walsall Green Party,Pheasey Park Farm,
West Midlands Green Party,Walsall Green Party,Pleck,
West Midlands Green Party,Walsall Green Party,Rushall-Shelfield,
West Midlands Green Party,Walsall Green Party,Short Heath,
West Midlands Green Party,Walsall Green Party,St Matthew's,
West Midlands Green Party,Walsall Green Party,Streetly,
West Midlands Green Party,Walsall Green Party,Willenhall North,
West Midlands Green Party,Walsall Green Party,Willenhall South.,
West Midlands Green Party,Wolverhampton Green Party,Bilston North,
West Midlands Green Party,Wolverhampton Green Party,Bilston South,
West Midlands Green Party,Wolverhampton Green Party,Blakenhall,
West Midlands Green Party,Wolverhampton Green Party,Bushbury North,
West Midlands Green Party,Wolverhampton Green Party,Bushbury South and Low Hill,
West Midlands Green Party,Wolverhampton Green Party,East Park,
West Midlands Green Party,Wolverhampton Green Party,Ettingshall,
West Midlands Green Party,Wolverhampton Green Party,Fallings Park,
West Midlands Green Party,Wolverhampton Green Party,Finchfield,
West Midlands Green Party,Wolverhampton Green Party,Graiseley,
West Midlands Green Party,Wolverhampton Green Party,Heath Town,
West Midlands Green Party,Wolverhampton Green Party,Merry Hill,
West Midlands Green Party,Wolverhampton Green Party,Oxley,
West Midlands Green Party,Wolverhampton Green Party,Park,
West Midlands Green Party,Wolverhampton Green Party,Penn,
West Midlands Green Party,Wolverhampton Green Party,Pendeford,
West Midlands Green Party,Wolverhampton Green Party,St Peter's,
West Midlands Green Party,Wolverhampton Green Party,Tettenhall Regis,
West Midlands Green Party,Wolverhampton Green Party,Tettenhall Wightwick,
West Midlands Green Party,Wolverhampton Green Party,Wednesfield North,
West Midlands Green Party,Wolverhampton Green Party,Wednesfield South.,
West Midlands Green Party,Herefordshire Green Party,Arrow,
West Midlands Green Party,Herefordshire Green Party,Aylestone Hill,
West Midlands Green Party,Herefordshire Green Party,Backbury,
West Midlands Green Party,Herefordshire Green Party,Belmont Rural,
West Midlands Green Party,Herefordshire Green Party,Birch,
West Midlands Green Party,Herefordshire Green Party,Bircher,
West Midlands Green Party,Herefordshire Green Party,Bishops Frome and Cradley,
West Midlands Green Party,Herefordshire Green Party,Bobblestock,
West Midlands Green Party,Herefordshire Green Party,Bromyard Bringsty,
West Midlands Green Party,Herefordshire Green Party,Bromyard West,
West Midlands Green Party,Herefordshire Green Party,Castle,
West Midlands Green Party,Herefordshire Green Party,Central,
West Midlands Green Party,Herefordshire Green Party,College,
West Midlands Green Party,Herefordshire Green Party,Credenhill,
West Midlands Green Party,Herefordshire Green Party,Dinedor Hill,
West Midlands Green Party,Herefordshire Green Party,Eign Hill,
West Midlands Green Party,Herefordshire Green Party,Golden Valley North,
West Midlands Green Party,Herefordshire Green Party,Golden Valley South,
West Midlands Green Party,Herefordshire Green Party,Greyfriars,
West Midlands Green Party,Herefordshire Green Party,Hagley,
West Midlands Green Party,Herefordshire Green Party,Hampton,
West Midlands Green Party,Herefordshire Green Party,Hinton and Hunderton,
West Midlands Green Party,Herefordshire Green Party,Holmer,
West Midlands Green Party,Herefordshire Green Party,Hope End,
West Midlands Green Party,Herefordshire Green Party,Kerne Bridge,
West Midlands Green Party,Herefordshire Green Party,Kings Acre,
West Midlands Green Party,Herefordshire Green Party,Kington,
West Midlands Green Party,Herefordshire Green Party,Ledbury North,
West Midlands Green Party,Herefordshire Green Party,Ledbury South,
West Midlands Green Party,Herefordshire Green Party,Ledbury West,
West Midlands Green Party,Herefordshire Green Party,Leominster East,
West Midlands Green Party,Herefordshire Green Party,Leominster North and Rural,
West Midlands Green Party,Herefordshire Green Party,Leominster South,
West Midlands Green Party,Herefordshire Green Party,Leominster West,
West Midlands Green Party,Herefordshire Green Party,Llangarron,
West Midlands Green Party,Herefordshire Green Party,Mortimer,
West Midlands Green Party,Herefordshire Green Party,Newton Farm,
West Midlands Green Party,Herefordshire Green Party,Old Gore,
West Midlands Green Party,Herefordshire Green Party,Penyard,
West Midlands Green Party,Herefordshire Green Party,Queenswood,
West Midlands Green Party,Herefordshire Green Party,Red Hill,
West Midlands Green Party,Herefordshire Green Party,Ross East,
West Midlands Green Party,Herefordshire Green Party,Ross North,
West Midlands Green Party,Herefordshire Green Party,Ross West,
West Midlands Green Party,Herefordshire Green Party,Saxon Gate,
West Midlands Green Party,Herefordshire Green Party,Stoney Street,
West Midlands Green Party,Herefordshire Green Party,Sutton Walls,
West Midlands Green Party,Herefordshire Green Party,Three Crosses,
West Midlands Green Party,Herefordshire Green Party,Tupsley,
West Midlands Green Party,Herefordshire Green Party,Weobley,
West Midlands Green Party,Herefordshire Green Party,Whitecross,
West Midlands Green Party,Herefordshire Green Party,Widemarsh,
West Midlands Green Party,Herefordshire Green Party,Wormside.,
West Midlands Green Party,Shrewsbury and North Shropshire Green Party,Abbey,
West Midlands Green Party,Shrewsbury and North Shropshire Green Party,Battlefield,
West Midlands Green Party,Shrewsbury and North Shropshire Green Party,Bayston Hill,
West Midlands Green Party,Shrewsbury and North Shropshire Green Party,Belle Vue,
West Midlands Green Party,Shrewsbury and North Shropshire Green Party,Bicton Heath,
West Midlands Green Party,Shrewsbury and North Shropshire Green Party,Burnell,
West Midlands Green Party,Shrewsbury and North Shropshire Green Party,Castlefields and Ditherington,
West Midlands Green Party,Shrewsbury and North Shropshire Green Party,Cheswardine,
West Midlands Green Party,Shrewsbury and North Shropshire Green Party,Ellesmere Urban,
West Midlands Green Party,Shrewsbury and North Shropshire Green Party,Shawbury and Weston,
West Midlands Green Party,Shrewsbury and North Shropshire Green Party,Shifnal,
West Midlands Green Party,Shrewsbury and North Shropshire Green Party,Shrewsbury Copthorne and Bowbrook,
West Midlands Green Party,Shrewsbury and North Shropshire Green Party,Shrewsbury Greenfields,
West Midlands Green Party,Shrewsbury and North Shropshire Green Party,Shrewsbury Harlescott and Sundorne,
West Midlands Green Party,Shrewsbury and North Shropshire Green Party,Shrewsbury Harlescott Grange,
West Midlands Green Party,Shrewsbury and North Shropshire Green Party,Shrewsbury London Road,
West Midlands Green Party,Shrewsbury and North Shropshire Green Party,Shrewsbury Meole and Kingsland,
West Midlands Green Party,Shrewsbury and North Shropshire Green Party,Shrewsbury Monkmoor,
West Midlands Green Party,Shrewsbury and North Shropshire Green Party,Shrewsbury Sutton and Coleham,
West Midlands Green Party,Shrewsbury and North Shropshire Green Party,Shrewsbury Town,
West Midlands Green Party,Shrewsbury and North Shropshire Green Party,Wem,
West Midlands Green Party,Shrewsbury and North Shropshire Green Party,Whitchurch,
West Midlands Green Party,Shrewsbury and North Shropshire Green Party,"Woore, Prees and Tilstock.",
West Midlands Green Party,South Shropshire Green Party,Albrighton,
West Midlands Green Party,South Shropshire Green Party,Bagley,
West Midlands Green Party,South Shropshire Green Party,Bishop's Castle,
West Midlands Green Party,South Shropshire Green Party,Bridgnorth Castle,
West Midlands Green Party,South Shropshire Green Party,Bridgnorth East,
West Midlands Green Party,South Shropshire Green Party,Bridgnorth South and Alveley,
West Midlands Green Party,South Shropshire Green Party,Bridgnorth West and Tasley,
West Midlands Green Party,South Shropshire Green Party,Broseley,
West Midlands Green Party,South Shropshire Green Party,Brown Clee,
West Midlands Green Party,South Shropshire Green Party,Chirbury and Worthen,
West Midlands Green Party,South Shropshire Green Party,Claverley and Worfield,
West Midlands Green Party,South Shropshire Green Party,Clee,
West Midlands Green Party,South Shropshire Green Party,Cleobury Mortimer,
West Midlands Green Party,South Shropshire Green Party,Clun,
West Midlands Green Party,South Shropshire Green Party,Column and Sutton,
West Midlands Green Party,South Shropshire Green Party,Copthorne,
West Midlands Green Party,South Shropshire Green Party,Corvedale,
West Midlands Green Party,South Shropshire Green Party,Craven Arms,
West Midlands Green Party,South Shropshire Green Party,Trefonen and Pant.,
West Midlands Green Party,Telford & Wrekin Green Party,Admaston and Bratton,
West Midlands Green Party,Telford & Wrekin Green Party,Apley Castle,
West Midlands Green Party,Telford & Wrekin Green Party,Arleston and College,
West Midlands Green Party,Telford & Wrekin Green Party,Brookside,
West Midlands Green Party,Telford & Wrekin Green Party,Church Aston and Lilleshall,
West Midlands Green Party,Telford & Wrekin Green Party,Dawley and Aqueduct,
West Midlands Green Party,Telford & Wrekin Green Party,Donnington,
West Midlands Green Party,Telford & Wrekin Green Party,Edgmond,
West Midlands Green Party,Telford & Wrekin Green Party,Ercall,
West Midlands Green Party,Telford & Wrekin Green Party,Ercall Magna,
West Midlands Green Party,Telford & Wrekin Green Party,Hadley and Leegomery,
West Midlands Green Party,Telford & Wrekin Green Party,Haygate and Park,
West Midlands Green Party,Telford & Wrekin Green Party,Horsehay and Lightmoor,
West Midlands Green Party,Telford & Wrekin Green Party,Ironbridge Gorge,13tETQE079ns7-1cEaqo3ghSXtpZ3Ed4fQRd800YYicY
West Midlands Green Party,Telford & Wrekin Green Party,Ketley,
West Midlands Green Party,Telford & Wrekin Green Party,Lawley,
West Midlands Green Party,Telford & Wrekin Green Party,Madeley and Sutton Hill,
West Midlands Green Party,Telford & Wrekin Green Party,Malinslee and Dawley Bank,
West Midlands Green Party,Telford & Wrekin Green Party,Muxton,
West Midlands Green Party,Telford & Wrekin Green Party,Newport East,
West Midlands Green Party,Telford & Wrekin Green Party,Newport North,1vqmDUbiVUdcqbDr4NI0F6xU9jUFYATTv0QTGP0VFku8
West Midlands Green Party,Telford & Wrekin Green Party,Newport South,
West Midlands Green Party,Telford & Wrekin Green Party,Newport West,
West Midlands Green Party,Telford & Wrekin Green Party,Oakengates and Ketley Bank,
West Midlands Green Party,Telford & Wrekin Green Party,Overdale and The Rock,
West Midlands Green Party,Telford & Wrekin Green Party,Priorslee,
West Midlands Green Party,Telford & Wrekin Green Party,Shawbirch and Dothill,
West Midlands Green Party,Telford & Wrekin Green Party,St Georges,
West Midlands Green Party,Telford & Wrekin Green Party,The Nedge,
West Midlands Green Party,Telford & Wrekin Green Party,Woodside,
West Midlands Green Party,Telford & Wrekin Green Party,Wrockwardine,
West Midlands Green Party,Telford & Wrekin Green Party,Wrockwardine Wood and Trench.,
West Midlands Green Party,Cannock Chase Green Party,Brereton and Ravenhill,
West Midlands Green Party,Cannock Chase Green Party,Cannock East,
West Midlands Green Party,Cannock Chase Green Party,Cannock North,
West Midlands Green Party,Cannock Chase Green Party,Cannock South,
West Midlands Green Party,Cannock Chase Green Party,Cannock West,
West Midlands Green Party,Cannock Chase Green Party,Etching Hill and Heath Hayes,
West Midlands Green Party,Cannock Chase Green Party,Hednesford Green Heath,
West Midlands Green Party,Cannock Chase Green Party,Hednesford North,
West Midlands Green Party,Cannock Chase Green Party,Hednesford South,
West Midlands Green Party,Cannock Chase Green Party,Norton Canes,
West Midlands Green Party,Cannock Chase Green Party,Rawnsley,
West Midlands Green Party,Cannock Chase Green Party,Western Springs.,
West Midlands Green Party,East Staffordshire Green Party,Anglesey,
West Midlands Green Party,East Staffordshire Green Party,Branston,
West Midlands Green Party,East Staffordshire Green Party,Burton,
West Midlands Green Party,East Staffordshire Green Party,Burton & Eton,
West Midlands Green Party,East Staffordshire Green Party,Churnet,
West Midlands Green Party,East Staffordshire Green Party,Crown,
West Midlands Green Party,East Staffordshire Green Party,Dale,
West Midlands Green Party,East Staffordshire Green Party,Eton Park,
West Midlands Green Party,East Staffordshire Green Party,Heath,
West Midlands Green Party,East Staffordshire Green Party,Horninglow,
West Midlands Green Party,East Staffordshire Green Party,Needwood,
West Midlands Green Party,East Staffordshire Green Party,Outwoods,
West Midlands Green Party,East Staffordshire Green Party,Shobnall,
West Midlands Green Party,East Staffordshire Green Party,Stretton,
West Midlands Green Party,East Staffordshire Green Party,Tutbury and Outwoods,
West Midlands Green Party,East Staffordshire Green Party,Winshill.,
West Midlands Green Party,Lichfield and Burntwood Green Party,Alrewas,
West Midlands Green Party,Lichfield and Burntwood Green Party,Armitage with Handsacre,
West Midlands Green Party,Lichfield and Burntwood Green Party,Boley Park,
West Midlands Green Party,Lichfield and Burntwood Green Party,Bourne Vale,
West Midlands Green Party,Lichfield and Burntwood Green Party,Burntwood Central,
West Midlands Green Party,Lichfield and Burntwood Green Party,Burntwood East,
West Midlands Green Party,Lichfield and Burntwood Green Party,Burntwood North,
West Midlands Green Party,Lichfield and Burntwood Green Party,Burntwood South West,
West Midlands Green Party,Lichfield and Burntwood Green Party,Chasetown,
West Midlands Green Party,Lichfield and Burntwood Green Party,Chasetown North,
West Midlands Green Party,Lichfield and Burntwood Green Party,Fazeley,
West Midlands Green Party,Lichfield and Burntwood Green Party,Hammerwich with Wall,
West Midlands Green Party,Lichfield and Burntwood Green Party,Highfield,
West Midlands Green Party,Lichfield and Burntwood Green Party,Little Aston,
West Midlands Green Party,Lichfield and Burntwood Green Party,Longwood,
West Midlands Green Party,Lichfield and Burntwood Green Party,Lichfield City North,
West Midlands Green Party,Lichfield and Burntwood Green Party,Lichfield City South,
West Midlands Green Party,Lichfield and Burntwood Green Party,Shenstone,
West Midlands Green Party,Lichfield and Burntwood Green Party,Stowe,
West Midlands Green Party,Lichfield and Burntwood Green Party,Whittington.,
West Midlands Green Party,North Staffordshire Green Party,Audley and Bignall,
West Midlands Green Party,North Staffordshire Green Party,Bradwell,
West Midlands Green Party,North Staffordshire Green Party,Butt Lane,
West Midlands Green Party,North Staffordshire Green Party,Chesterton,
West Midlands Green Party,North Staffordshire Green Party,Cross Heath,
West Midlands Green Party,North Staffordshire Green Party,Crackley and Red Bull,
West Midlands Green Party,North Staffordshire Green Party,Holditch,
West Midlands Green Party,North Staffordshire Green Party,Keele,
West Midlands Green Party,North Staffordshire Green Party,Knutton,
West Midlands Green Party,North Staffordshire Green Party,May Bank,
West Midlands Green Party,North Staffordshire Green Party,Newcastle and Cross Heath,
West Midlands Green Party,North Staffordshire Green Party,Porthill,
West Midlands Green Party,North Staffordshire Green Party,Silverdale,
West Midlands Green Party,North Staffordshire Green Party,Thistleberry,
West Midlands Green Party,North Staffordshire Green Party,Westlands,
West Midlands Green Party,North Staffordshire Green Party,Wolstanton,
West Midlands Green Party,North Staffordshire Green Party,Abbey Hulton and Townsend,
West Midlands Green Party,North Staffordshire Green Party,"Baddeley, Milton and Norton",
West Midlands Green Party,North Staffordshire Green Party,Bentilee and Ubberley,
West Midlands Green Party,North Staffordshire Green Party,Berryhill and Hanford,
West Midlands Green Party,North Staffordshire Green Party,Birches Head and Central Forest Park,
West Midlands Green Party,North Staffordshire Green Party,Blurton East,
West Midlands Green Party,North Staffordshire Green Party,Blurton West and Roslyn,
West Midlands Green Party,North Staffordshire Green Party,Boothen and Oak Hill,
West Midlands Green Party,North Staffordshire Green Party,Burslem Central,
West Midlands Green Party,North Staffordshire Green Party,Burslem East,
West Midlands Green Party,North Staffordshire Green Party,Burslem North,
West Midlands Green Party,North Staffordshire Green Party,Burslem Park,
West Midlands Green Party,North Staffordshire Green Party,Chell and Packmoor,
West Midlands Green Party,North Staffordshire Green Party,Etruria and Hanley,
West Midlands Green Party,North Staffordshire Green Party,Fenton East,
West Midlands Green Party,North Staffordshire Green Party,Fenton West and Mount Pleasant,
West Midlands Green Party,North Staffordshire Green Party,Goldenhill and Sandyford,
West Midlands Green Party,North Staffordshire Green Party,Hanford and Trentham East,
West Midlands Green Party,North Staffordshire Green Party,Hanley Park and Shelton,
West Midlands Green Party,North Staffordshire Green Party,Hartshill and Harpfields,
West Midlands Green Party,North Staffordshire Green Party,Hollybush and Longton West,
West Midlands Green Party,North Staffordshire Green Party,Joiner's Square and East Valley,
West Midlands Green Party,North Staffordshire Green Party,Lightwood North and Normacot,
West Midlands Green Party,North Staffordshire Green Party,Longton East,
West Midlands Green Party,North Staffordshire Green Party,Meir North,
West Midlands Green Party,North Staffordshire Green Party,Meir Park,
West Midlands Green Party,North Staffordshire Green Party,Meir South,
West Midlands Green Party,North Staffordshire Green Party,Norton and Bradeley,
West Midlands Green Party,North Staffordshire Green Party,Penkhull and Stoke,
West Midlands Green Party,North Staffordshire Green Party,Sandford Hill,
West Midlands Green Party,North Staffordshire Green Party,Sneyd Green,
West Midlands Green Party,North Staffordshire Green Party,Tunstall,
West Midlands Green Party,North Staffordshire Green Party,Weston and Meir North.,
West Midlands Green Party,South Staffordshire Green Party,Bilbrook,
West Midlands Green Party,South Staffordshire Green Party,Brewood and Coven,
West Midlands Green Party,South Staffordshire Green Party,Codsall North,
West Midlands Green Party,South Staffordshire Green Party,Codsall South,
West Midlands Green Party,South Staffordshire Green Party,Essington,
West Midlands Green Party,South Staffordshire Green Party,Featherstone,
West Midlands Green Party,South Staffordshire Green Party,Great Wyrley Landywood,
West Midlands Green Party,South Staffordshire Green Party,Great Wyrley Town,
West Midlands Green Party,South Staffordshire Green Party,Himley and Swindon,
West Midlands Green Party,South Staffordshire Green Party,Kinver,
West Midlands Green Party,South Staffordshire Green Party,Pattingham and Patshull,
West Midlands Green Party,South Staffordshire Green Party,Penkridge North East,
West Midlands Green Party,South Staffordshire Green Party,Penkridge North West,
West Midlands Green Party,South Staffordshire Green Party,Penkridge South East,
West Midlands Green Party,South Staffordshire Green Party,Penkridge South West,
West Midlands Green Party,South Staffordshire Green Party,Perton Central,
West Midlands Green Party,South Staffordshire Green Party,Perton East,
West Midlands Green Party,South Staffordshire Green Party,Perton Lakeside,
West Midlands Green Party,South Staffordshire Green Party,Perton West,
West Midlands Green Party,South Staffordshire Green Party,Wombourne North and Lower Penn,
West Midlands Green Party,South Staffordshire Green Party,Wombourne South East,
West Midlands Green Party,South Staffordshire Green Party,Wombourne South West.,
West Midlands Green Party,Stafford and Stone Green Party,Baswich,
West Midlands Green Party,Stafford and Stone Green Party,Common,
West Midlands Green Party,Stafford and Stone Green Party,Coton,
West Midlands Green Party,Stafford and Stone Green Party,Doxey and Castletown,
West Midlands Green Party,Stafford and Stone Green Party,Eccleshall,
West Midlands Green Party,Stafford and Stone Green Party,Forebridge,
West Midlands Green Party,Stafford and Stone Green Party,Gnosall and Woodseaves,
West Midlands Green Party,Stafford and Stone Green Party,Highfields and Western Downs,
West Midlands Green Party,Stafford and Stone Green Party,Holmcroft,
West Midlands Green Party,Stafford and Stone Green Party,Littleworth,
West Midlands Green Party,Stafford and Stone Green Party,Manor,
West Midlands Green Party,Stafford and Stone Green Party,Milwich,
West Midlands Green Party,Stafford and Stone Green Party,Penkside,
West Midlands Green Party,Stafford and Stone Green Party,Rowley,
West Midlands Green Party,Stafford and Stone Green Party,Seighford,
West Midlands Green Party,Stafford and Stone Green Party,Stonefield and Christchurch,
West Midlands Green Party,Stafford and Stone Green Party,Stowe,
West Midlands Green Party,Stafford and Stone Green Party,Swynnerton,
West Midlands Green Party,Stafford and Stone Green Party,Walton,
West Midlands Green Party,Stafford and Stone Green Party,Weeping Cross.,
West Midlands Green Party,Staffordshire Moorlands Green Party,Bagnall and Stanley,
West Midlands Green Party,Staffordshire Moorlands Green Party,Biddulph East,
West Midlands Green Party,Staffordshire Moorlands Green Party,Biddulph North,
West Midlands Green Party,Staffordshire Moorlands Green Party,Biddulph South,
West Midlands Green Party,Staffordshire Moorlands Green Party,Biddulph West,
West Midlands Green Party,Staffordshire Moorlands Green Party,Brown Edge and Endon,
West Midlands Green Party,Staffordshire Moorlands Green Party,Cheadle North East,
West Midlands Green Party,Staffordshire Moorlands Green Party,Cheadle South East,
West Midlands Green Party,Staffordshire Moorlands Green Party,Cheadle West,
West Midlands Green Party,Staffordshire Moorlands Green Party,Churnet,
West Midlands Green Party,Staffordshire Moorlands Green Party,Dane,
West Midlands Green Party,Staffordshire Moorlands Green Party,Horton,
West Midlands Green Party,Staffordshire Moorlands Green Party,Ipstones,
West Midlands Green Party,Staffordshire Moorlands Green Party,Leek East,
West Midlands Green Party,Staffordshire Moorlands Green Party,Leek North,
West Midlands Green Party,Staffordshire Moorlands Green Party,Leek South,
West Midlands Green Party,Staffordshire Moorlands Green Party,Leek West,
West Midlands Green Party,Staffordshire Moorlands Green Party,Manifold,
West Midlands Green Party,Staffordshire Moorlands Green Party,Werrington,
West Midlands Green Party,Staffordshire Moorlands Green Party,Wincle.,
West Midlands Green Party,Tamworth Green Party,Amington,
West Midlands Green Party,Tamworth Green Party,Belgrave,
West Midlands Green Party,Tamworth Green Party,Bolehall,
West Midlands Green Party,Tamworth Green Party,Castle,
West Midlands Green Party,Tamworth Green Party,Glascote,
West Midlands Green Party,Tamworth Green Party,Mercian,
West Midlands Green Party,Tamworth Green Party,Spital,
West Midlands Green Party,Tamworth Green Party,Stonydelph,
West Midlands Green Party,Tamworth Green Party,Trinity,
West Midlands Green Party,Tamworth Green Party,Wilnecote.,
West Midlands Green Party,Nuneaton & District Green Party,Arley and Whitacre,
West Midlands Green Party,Nuneaton & District Green Party,Atherstone Central,
West Midlands Green Party,Nuneaton & District Green Party,Atherstone North,
West Midlands Green Party,Nuneaton & District Green Party,Atherstone South and Mancetter,
West Midlands Green Party,Nuneaton & District Green Party,Baddesley and Grendon,
West Midlands Green Party,Nuneaton & District Green Party,Coleshill North,
West Midlands Green Party,Nuneaton & District Green Party,Coleshill South,
West Midlands Green Party,Nuneaton & District Green Party,Curdworth,
West Midlands Green Party,Nuneaton & District Green Party,Dordon,
West Midlands Green Party,Nuneaton & District Green Party,Fillongley,
West Midlands Green Party,Nuneaton & District Green Party,Hartshill,
West Midlands Green Party,Nuneaton & District Green Party,Hurley and Wood End,
West Midlands Green Party,Nuneaton & District Green Party,Kingsbury,
West Midlands Green Party,Nuneaton & District Green Party,Newton Regis and Warton,
West Midlands Green Party,Nuneaton & District Green Party,Polesworth East,
West Midlands Green Party,Nuneaton & District Green Party,Polesworth West,
West Midlands Green Party,Nuneaton & District Green Party,Water Orton,
West Midlands Green Party,Nuneaton & District Green Party,Arbury,
West Midlands Green Party,Nuneaton & District Green Party,Attleborough,
West Midlands Green Party,Nuneaton & District Green Party,Bede,
West Midlands Green Party,Nuneaton & District Green Party,Bulkington,
West Midlands Green Party,Nuneaton & District Green Party,Camp Hill,
West Midlands Green Party,Nuneaton & District Green Party,Chilvers Coton,
West Midlands Green Party,Nuneaton & District Green Party,Eastboro,
West Midlands Green Party,Nuneaton & District Green Party,Exhall,
West Midlands Green Party,Nuneaton & District Green Party,Galley Common,
West Midlands Green Party,Nuneaton & District Green Party,Heath,
West Midlands Green Party,Nuneaton & District Green Party,Milby,
West Midlands Green Party,Nuneaton & District Green Party,Poplar,
West Midlands Green Party,Nuneaton & District Green Party,Slough,
West Midlands Green Party,Nuneaton & District Green Party,St Mary's,
West Midlands Green Party,Nuneaton & District Green Party,St Nicolas,
West Midlands Green Party,Nuneaton & District Green Party,Stockingford East,
West Midlands Green Party,Nuneaton & District Green Party,Stockingford West,
West Midlands Green Party,Nuneaton & District Green Party,Weddington,
West Midlands Green Party,Nuneaton & District Green Party,Whitestone.,
West Midlands Green Party,Rugby Green Party,Admirals and Cawston,
West Midlands Green Party,Rugby Green Party,Benn,
West Midlands Green Party,Rugby Green Party,Bilton,
West Midlands Green Party,Rugby Green Party,"Clifton, Newton and Churchover",
West Midlands Green Party,Rugby Green Party,Coton and Boughton,
West Midlands Green Party,Rugby Green Party,Dunsmore,
West Midlands Green Party,Rugby Green Party,Eastlands,
West Midlands Green Party,Rugby Green Party,Hillmorton,
West Midlands Green Party,Rugby Green Party,Leam Valley,
West Midlands Green Party,Rugby Green Party,New Bilton,
West Midlands Green Party,Rugby Green Party,Newbold and Brownsover,
West Midlands Green Party,Rugby Green Party,Paddox,
West Midlands Green Party,Rugby Green Party,Revel and Binley Woods,
West Midlands Green Party,Rugby Green Party,Rokeby and Overslade,
West Midlands Green Party,Rugby Green Party,Wolston and the Lawfords,
West Midlands Green Party,Rugby Green Party,Wolvey and Shilton.,
West Midlands Green Party,Stratford Green Party,Alcester East,
West Midlands Green Party,Stratford Green Party,Alcester West,
West Midlands Green Party,Stratford Green Party,Bidford East,
West Midlands Green Party,Stratford Green Party,Bidford West,
West Midlands Green Party,Stratford Green Party,"Bishop's Itchington, Fenny Compton and Napton",
West Midlands Green Party,Stratford Green Party,Brailes and Compton,
West Midlands Green Party,Stratford Green Party,Claverdon and Snitterfield,
West Midlands Green Party,Stratford Green Party,"Gaydon, Kineton and Upper Lighthorne",
West Midlands Green Party,Stratford Green Party,Harbury,
West Midlands Green Party,Stratford Green Party,Henley-in-Arden,
West Midlands Green Party,Stratford Green Party,Kinwarton,
West Midlands Green Party,Stratford Green Party,Long Marston,
West Midlands Green Party,Stratford Green Party,Quinton,
West Midlands Green Party,Stratford Green Party,Salford Priors and Alcester Rural,
West Midlands Green Party,Stratford Green Party,Shipston North,
West Midlands Green Party,Stratford Green Party,Shipston South,
West Midlands Green Party,Stratford Green Party,"Southam East, Central and Stockton",
West Midlands Green Party,Stratford Green Party,Southam North and Long Itchington,
West Midlands Green Party,Stratford Green Party,Southam South,
West Midlands Green Party,Stratford Green Party,Southam West,
West Midlands Green Party,Stratford Green Party,Stratford Avenue,
West Midlands Green Party,Stratford Green Party,Stratford Bishopton,
West Midlands Green Party,Stratford Green Party,Stratford Clopton,
West Midlands Green Party,Stratford Green Party,Stratford Guildhall and Bridgetown,
West Midlands Green Party,Stratford Green Party,Stratford Hathaway.,
West Midlands Green Party,Warwick District Green Party,Bishop's Tachbrook,
West Midlands Green Party,Warwick District Green Party,Budbrooke,
West Midlands Green Party,Warwick District Green Party,Cubbington and Leek Wootton,
West Midlands Green Party,Warwick District Green Party,Kenilworth Abbey and Arden,
West Midlands Green Party,Warwick District Green Party,Kenilworth Park Hill,
West Midlands Green Party,Warwick District Green Party,Kenilworth St John's,
West Midlands Green Party,Warwick District Green Party,Leamington Brunswick,
West Midlands Green Party,Warwick District Green Party,Leamington Clarendon,
West Midlands Green Party,Warwick District Green Party,Leamington Lillington,
West Midlands Green Party,Warwick District Green Party,Leamington Milverton,
West Midlands Green Party,Warwick District Green Party,Leamington Willes,
West Midlands Green Party,Warwick District Green Party,Radford Semele,
West Midlands Green Party,Warwick District Green Party,Warwick All Saints and Woodloes,
West Midlands Green Party,Warwick District Green Party,Warwick Aylesford,
West Midlands Green Party,Warwick District Green Party,Warwick Myton and Heathcote,
West Midlands Green Party,Warwick District Green Party,Warwick Saltisford,
West Midlands Green Party,Warwick District Green Party,Whitnash.,
West Midlands Green Party,Bromsgrove & Redditch Green Party,Alvechurch South,
West Midlands Green Party,Bromsgrove & Redditch Green Party,Alvechurch Village,
West Midlands Green Party,Bromsgrove & Redditch Green Party,Aston Fields,
West Midlands Green Party,Bromsgrove & Redditch Green Party,Avoncroft,
West Midlands Green Party,Bromsgrove & Redditch Green Party,Barnt Green and Hopwood,
West Midlands Green Party,Bromsgrove & Redditch Green Party,Belbroughton and Romsley,
West Midlands Green Party,Bromsgrove & Redditch Green Party,Bromsgrove Central,
West Midlands Green Party,Bromsgrove & Redditch Green Party,Catshill North,
West Midlands Green Party,Bromsgrove & Redditch Green Party,Catshill South,
West Midlands Green Party,Bromsgrove & Redditch Green Party,Charford,
West Midlands Green Party,Bromsgrove & Redditch Green Party,Cofton,
West Midlands Green Party,Bromsgrove & Redditch Green Party,Drakes Cross,
West Midlands Green Party,Bromsgrove & Redditch Green Party,Hagley East,
West Midlands Green Party,Bromsgrove & Redditch Green Party,Hagley West,
West Midlands Green Party,Bromsgrove & Redditch Green Party,Hill Top,
West Midlands Green Party,Bromsgrove & Redditch Green Party,Hollywood,
West Midlands Green Party,Bromsgrove & Redditch Green Party,Lickey Hills,
West Midlands Green Party,Bromsgrove & Redditch Green Party,Lowes Hill,
West Midlands Green Party,Bromsgrove & Redditch Green Party,Marlbrook,
West Midlands Green Party,Bromsgrove & Redditch Green Party,Norton,
West Midlands Green Party,Bromsgrove & Redditch Green Party,Perryfields,
West Midlands Green Party,Bromsgrove & Redditch Green Party,Rock Hill,
West Midlands Green Party,Bromsgrove & Redditch Green Party,Rubery North,
West Midlands Green Party,Bromsgrove & Redditch Green Party,Rubery South,
West Midlands Green Party,Bromsgrove & Redditch Green Party,Sanders Park,
West Midlands Green Party,Bromsgrove & Redditch Green Party,Sidemoor,
West Midlands Green Party,Bromsgrove & Redditch Green Party,Slideslow,
West Midlands Green Party,Bromsgrove & Redditch Green Party,Tardebigge,
West Midlands Green Party,Bromsgrove & Redditch Green Party,Wythall East,
West Midlands Green Party,Bromsgrove & Redditch Green Party,Wythall West,
West Midlands Green Party,Bromsgrove & Redditch Green Party,Astwood Bank and Feckenham,
West Midlands Green Party,Bromsgrove & Redditch Green Party,Batchley and Brockhill,
West Midlands Green Party,Bromsgrove & Redditch Green Party,Central,
West Midlands Green Party,Bromsgrove & Redditch Green Party,Greenlands and Lakeside,
West Midlands Green Party,Bromsgrove & Redditch Green Party,Headless Cross and Oakenshaw,
West Midlands Green Party,Bromsgrove & Redditch Green Party,Matchborough and Woodrow,
West Midlands Green Party,Bromsgrove & Redditch Green Party,North,
West Midlands Green Party,Bromsgrove & Redditch Green Party,Webheath and Callow Hill,
West Midlands Green Party,Bromsgrove & Redditch Green Party,Winyates.,
West Midlands Green Party,Malvern Hills Green Party,"Alfrick, Leigh and Rushwick",
West Midlands Green Party,Malvern Hills Green Party,Baldwin,
West Midlands Green Party,Malvern Hills Green Party,Barnards Green,
West Midlands Green Party,Malvern Hills Green Party,Broadheath,
West Midlands Green Party,Malvern Hills Green Party,"Castlemorton, Welland and Wells",
West Midlands Green Party,Malvern Hills Green Party,Great Malvern,
West Midlands Green Party,Malvern Hills Green Party,Hallow and Holt,
West Midlands Green Party,Malvern Hills Green Party,Kempsey,
West Midlands Green Party,Malvern Hills Green Party,Lindridge,
West Midlands Green Party,Malvern Hills Green Party,Link,
West Midlands Green Party,Malvern Hills Green Party,Longdon,
West Midlands Green Party,Malvern Hills Green Party,Martley,
West Midlands Green Party,Malvern Hills Green Party,Pickersleigh,
West Midlands Green Party,Malvern Hills Green Party,Powick and the Hanleys,
West Midlands Green Party,Malvern Hills Green Party,Tenbury,
West Midlands Green Party,Malvern Hills Green Party,Upper Howsell,
West Midlands Green Party,Malvern Hills Green Party,Upton and Ripple,
West Midlands Green Party,Malvern Hills Green Party,West.,
West Midlands Green Party,Mid-Worcestershire and The Vale Green Party,Bredon,
West Midlands Green Party,Mid-Worcestershire and The Vale Green Party,Broadway and Wickhamford,
West Midlands Green Party,Mid-Worcestershire and The Vale Green Party,Droitwich East,
West Midlands Green Party,Mid-Worcestershire and The Vale Green Party,Droitwich North,
West Midlands Green Party,Mid-Worcestershire and The Vale Green Party,Droitwich South East,
West Midlands Green Party,Mid-Worcestershire and The Vale Green Party,Droitwich South West,
West Midlands Green Party,Mid-Worcestershire and The Vale Green Party,Evesham North,
West Midlands Green Party,Mid-Worcestershire and The Vale Green Party,Evesham South,
West Midlands Green Party,Mid-Worcestershire and The Vale Green Party,Evesham South East,
West Midlands Green Party,Mid-Worcestershire and The Vale Green Party,Harvington and Norton,
West Midlands Green Party,Mid-Worcestershire and The Vale Green Party,Honeybourne and Bretforton,
West Midlands Green Party,Mid-Worcestershire and The Vale Green Party,Inkberrow,
West Midlands Green Party,Mid-Worcestershire and The Vale Green Party,Pershore,
West Midlands Green Party,Mid-Worcestershire and The Vale Green Party,Pinvin,
West Midlands Green Party,Mid-Worcestershire and The Vale Green Party,South Bredon Hill,
West Midlands Green Party,Mid-Worcestershire and The Vale Green Party,Upton Snodsbury,
West Midlands Green Party,Mid-Worcestershire and The Vale Green Party,Upton Warren,
West Midlands Green Party,Mid-Worcestershire and The Vale Green Party,Wardle,
West Midlands Green Party,Mid-Worcestershire and The Vale Green Party,Waterside,
West Midlands Green Party,Worcester Green Party,Arboretum,
West Midlands Green Party,Worcester Green Party,Battenhall,
West Midlands Green Party,Worcester Green Party,Cathedral,
West Midlands Green Party,Worcester Green Party,Claines,
West Midlands Green Party,Worcester Green Party,Dines Green and Grove Farm,
West Midlands Green Party,Worcester Green Party,Fort Royal,
West Midlands Green Party,Worcester Green Party,Leopard Hill,
West Midlands Green Party,Worcester Green Party,Lower Wick and Pitmaston,
West Midlands Green Party,Worcester Green Party,Nunnery,
West Midlands Green Party,Worcester Green Party,Rainbow Hill,
West Midlands Green Party,Worcester Green Party,St Clement,
West Midlands Green Party,Worcester Green Party,St John's,
West Midlands Green Party,Worcester Green Party,St Nicholas,
West Midlands Green Party,Worcester Green Party,St Peter's Parish,
West Midlands Green Party,Worcester Green Party,St Stephen,
West Midlands Green Party,Worcester Green Party,Warndon and Elbury Park.,
West Midlands Green Party,Wyre Forest Green Party,Aggborough and Spennells,
West Midlands Green Party,Wyre Forest Green Party,Areley Kings and Riverside,
West Midlands Green Party,Wyre Forest Green Party,Bewdley and Rock,
West Midlands Green Party,Wyre Forest Green Party,Blakebrook and Habberley South,
West Midlands Green Party,Wyre Forest Green Party,Broadwaters,
West Midlands Green Party,Wyre Forest Green Party,Foley Park and Hoobrook,
West Midlands Green Party,Wyre Forest Green Party,Franche and Habberley North,
West Midlands Green Party,Wyre Forest Green Party,Lickhill,
West Midlands Green Party,Wyre Forest Green Party,Mitton,
West Midlands Green Party,Wyre Forest Green Party,Offmore and Comberton,
West Midlands Green Party,Wyre Forest Green Party,Wribbenhall and Arley,
West Midlands Green Party,Wyre Forest Green Party,Wyre Forest Rural.,
Yorkshire & the Humber,Harrogate Green Party,Bilton Grange and New Park,
Yorkshire & the Humber,Harrogate Green Party,Coppice Valley and Duchy,
Yorkshire & the Humber,Harrogate Green Party,Fairfax and Starbeck,
Yorkshire & the Humber,Harrogate Green Party,Harlow and St Georges,
Yorkshire & the Humber,Harrogate Green Party,High Harrogate and Kingsley,
Yorkshire & the Humber,Harrogate Green Party,Knaresborough East,
Yorkshire & the Humber,Harrogate Green Party,Knaresborough West,
Yorkshire & the Humber,Harrogate Green Party,Oatlands and Pannal,
Yorkshire & the Humber,Harrogate Green Party,"Stray, Woodlands and Hookstone",
Yorkshire & the Humber,Harrogate Green Party,Valley Gardens and Central Harrogate,
Yorkshire & the Humber,Richmond Constituency Green Party,Catterick Village and Brompton-on-Swale,
Yorkshire & the Humber,Richmond Constituency Green Party,Great Ayton,
Yorkshire & the Humber,Richmond Constituency Green Party,Hipswell and Colburn,
Yorkshire & the Humber,Richmond Constituency Green Party,Leyburn and Middleham,
Yorkshire & the Humber,Richmond Constituency Green Party,Morton-on-Swale and Appleton Wiske,
Yorkshire & the Humber,Richmond Constituency Green Party,North Richmondshire,
Yorkshire & the Humber,Richmond Constituency Green Party,Northallerton North and Brompton,
Yorkshire & the Humber,Richmond Constituency Green Party,Northallerton South,
Yorkshire & the Humber,Richmond Constituency Green Party,Richmond,
Yorkshire & the Humber,Richmond Constituency Green Party,Romanby,
Yorkshire & the Humber,Richmond Constituency Green Party,Scotton and Lower Wensleydale,
Yorkshire & the Humber,Richmond Constituency Green Party,Stokesley,
Yorkshire & the Humber,Richmond Constituency Green Party,Upper Dales,
Yorkshire & the Humber,Scarborough & Whitby Green Party,Castle,
Yorkshire & the Humber,Scarborough & Whitby Green Party,Cayton,
Yorkshire & the Humber,Scarborough & Whitby Green Party,Danby and Mulgrave,
Yorkshire & the Humber,Scarborough & Whitby Green Party,Derwent Valley and Moor,
Yorkshire & the Humber,Scarborough & Whitby Green Party,Eastfield,
Yorkshire & the Humber,Scarborough & Whitby Green Party,Esk Valley and Coast,
Yorkshire & the Humber,Scarborough & Whitby Green Party,Falsgrave and Stepney,
Yorkshire & the Humber,Scarborough & Whitby Green Party,Newby,
Yorkshire & the Humber,Scarborough & Whitby Green Party,Northstead,
Yorkshire & the Humber,Scarborough & Whitby Green Party,Scalby and the Coast,
Yorkshire & the Humber,Scarborough & Whitby Green Party,Seamer,
Yorkshire & the Humber,Scarborough & Whitby Green Party,Weaponness and Ramshill,
Yorkshire & the Humber,Scarborough & Whitby Green Party,Whitby Streonshalh,
Yorkshire & the Humber,Scarborough & Whitby Green Party,Whitby West,
Yorkshire & the Humber,Scarborough & Whitby Green Party,Woodlands,
Yorkshire & the Humber,Selby Green Party,Barlby and Riccall,
Yorkshire & the Humber,Selby Green Party,Brayton and Barlow,
Yorkshire & the Humber,Selby Green Party,Camblesforth and Carlton,
Yorkshire & the Humber,Selby Green Party,Cawood and Escrick,
Yorkshire & the Humber,Selby Green Party,Cliffe and North Duffield,
Yorkshire & the Humber,Selby Green Party,Monk Fryston and South Milford,
Yorkshire & the Humber,Selby Green Party,Osgoldcross,
Yorkshire & the Humber,Selby Green Party,Selby East,
Yorkshire & the Humber,Selby Green Party,Selby West,
Yorkshire & the Humber,Selby Green Party,Sherburn in Elmet,
Yorkshire & the Humber,Selby Green Party,Thorpe Willoughby and Hambleton,
Yorkshire & the Humber,Selby Green Party,Kippax and Methley,
Yorkshire & the Humber,Skipton & Ripon Green Party,Aire Valley,
Yorkshire & the Humber,Skipton & Ripon Green Party,Bentham and Ingleton,
Yorkshire & the Humber,Skipton & Ripon Green Party,"Glusburn, Cross Hills and Sutton-in-Craven",
Yorkshire & the Humber,Skipton & Ripon Green Party,Masham and Fountains,
Yorkshire & the Humber,Skipton & Ripon Green Party,Mid Craven,
Yorkshire & the Humber,Skipton & Ripon Green Party,Pateley Bridge and Nidderdale,
Yorkshire & the Humber,Skipton & Ripon Green Party,Ripon Minster and Moorside,
Yorkshire & the Humber,Skipton & Ripon Green Party,Ripon Ure Bank and Spa,
Yorkshire & the Humber,Skipton & Ripon Green Party,Settle and Penyghent,
Yorkshire & the Humber,Skipton & Ripon Green Party,Skipton East and South,
Yorkshire & the Humber,Skipton & Ripon Green Party,Skipton North and Embsay-with-Eastby,
Yorkshire & the Humber,Skipton & Ripon Green Party,Skipton West and West Craven,
Yorkshire & the Humber,Skipton & Ripon Green Party,Washburn and Birstwith,
Yorkshire & the Humber,Skipton & Ripon Green Party,Wathvale and Bishop Monkton,
Yorkshire & the Humber,Skipton & Ripon Green Party,Wharfedale,
Yorkshire & the Humber,Thirsk & Malton Green Party,Amotherby and Ampleforth,
Yorkshire & the Humber,Thirsk & Malton Green Party,Filey,
Yorkshire & the Humber,Thirsk & Malton Green Party,Helmsley and Sinnington,
Yorkshire & the Humber,Thirsk & Malton Green Party,Hillside and Raskelf,
Yorkshire & the Humber,Thirsk & Malton Green Party,Hunmanby and Sherburn,
Yorkshire & the Humber,Thirsk & Malton Green Party,Kirkbymoorside and Dales,
Yorkshire & the Humber,Thirsk & Malton Green Party,Malton,
Yorkshire & the Humber,Thirsk & Malton Green Party,Norton,
Yorkshire & the Humber,Thirsk & Malton Green Party,Pickering,
Yorkshire & the Humber,Thirsk & Malton Green Party,Sheriff Hutton and Derwent,
Yorkshire & the Humber,Thirsk & Malton Green Party,Sowerby and Topcliffe,
Yorkshire & the Humber,Thirsk & Malton Green Party,Thirsk,
Yorkshire & the Humber,Thirsk & Malton Green Party,Thornton Dale and Wolds,
Yorkshire & the Humber,York Green Party,Acomb,
Yorkshire & the Humber,York Green Party,Bishopthorpe,
Yorkshire & the Humber,York Green Party,Clifton,
Yorkshire & the Humber,York Green Party,Copmanthorpe,
Yorkshire & the Humber,York Green Party,Dringhouses and Woodthorpe,
Yorkshire & the Humber,York Green Party,Fishergate,
Yorkshire & the Humber,York Green Party,Fulford and Heslington,
Yorkshire & the Humber,York Green Party,Guildhall,
Yorkshire & the Humber,York Green Party,Haxby and Wigginton,
Yorkshire & the Humber,York Green Party,Heworth,
Yorkshire & the Humber,York Green Party,Heworth Without,
Yorkshire & the Humber,York Green Party,Holgate,
Yorkshire & the Humber,York Green Party,Hull Road,
Yorkshire & the Humber,York Green Party,Huntington and New Earswick,
Yorkshire & the Humber,York Green Party,Micklegate,
Yorkshire & the Humber,York Green Party,Osbaldwick and Derwent,
Yorkshire & the Humber,York Green Party,Rawcliffe and Clifton Without,
Yorkshire & the Humber,York Green Party,Rural West York,
Yorkshire & the Humber,York Green Party,Strensall,
Yorkshire & the Humber,York Green Party,Westfield,
Yorkshire & the Humber,York Green Party,Wheldrake,
Yorkshire & the Humber,Barnsley Green Party,Athersley and New Lodge,
Yorkshire & the Humber,Barnsley Green Party,Central,
Yorkshire & the Humber,Barnsley Green Party,Cudworth,
Yorkshire & the Humber,Barnsley Green Party,Darfield and Great Houghton,
Yorkshire & the Humber,Barnsley Green Party,Darton East,
Yorkshire & the Humber,Barnsley Green Party,Darton West,
Yorkshire & the Humber,Barnsley Green Party,Dearne North,
Yorkshire & the Humber,Barnsley Green Party,Dearne South,
Yorkshire & the Humber,Barnsley Green Party,"Dodworth, Stainborough and Tankersley",
Yorkshire & the Humber,Barnsley Green Party,Hoyland Milton,
Yorkshire & the Humber,Barnsley Green Party,Kingstone,
Yorkshire & the Humber,Barnsley Green Party,Monk Bretton,
Yorkshire & the Humber,Barnsley Green Party,North East,
Yorkshire & the Humber,Barnsley Green Party,Old Town,
Yorkshire & the Humber,Barnsley Green Party,Penistone East,
Yorkshire & the Humber,Barnsley Green Party,Penistone West,
Yorkshire & the Humber,Barnsley Green Party,Rockingham,
Yorkshire & the Humber,Barnsley Green Party,Royston,
Yorkshire & the Humber,Barnsley Green Party,Stairfoot,
Yorkshire & the Humber,Barnsley Green Party,Wombwell,
Yorkshire & the Humber,Barnsley Green Party,Worsbrough,
Yorkshire & the Humber,Doncaster Green Party,Adwick-le-Street and Carcroft,
Yorkshire & the Humber,Doncaster Green Party,Armthorpe,
Yorkshire & the Humber,Doncaster Green Party,Balby South,
Yorkshire & the Humber,Doncaster Green Party,Bentley,
Yorkshire & the Humber,Doncaster Green Party,Bessacarr,
Yorkshire & the Humber,Doncaster Green Party,Conisbrough,
Yorkshire & the Humber,Doncaster Green Party,Edenthorpe and Kirk Sandall,
Yorkshire & the Humber,Doncaster Green Party,Edlington and Warmsworth,
Yorkshire & the Humber,Doncaster Green Party,Finningley,
Yorkshire & the Humber,Doncaster Green Party,Hatfield,
Yorkshire & the Humber,Doncaster Green Party,Hexthorpe and Balby North,
Yorkshire & the Humber,Doncaster Green Party,Mexborough,
Yorkshire & the Humber,Doncaster Green Party,Norton and Askern,
Yorkshire & the Humber,Doncaster Green Party,Roman Ridge,
Yorkshire & the Humber,Doncaster Green Party,Rossington and Bawtry,
Yorkshire & the Humber,Doncaster Green Party,Sprotbrough,
Yorkshire & the Humber,Doncaster Green Party,Stainforth and Barnby Dun,
Yorkshire & the Humber,Doncaster Green Party,Thorne and Moorends,
Yorkshire & the Humber,Doncaster Green Party,Tickhill and Wadworth,
Yorkshire & the Humber,Doncaster Green Party,Town,
Yorkshire & the Humber,Doncaster Green Party,Wheatley Hills and Intake,
Yorkshire & the Humber,Rotherham Green Party,Anston and Woodsetts,
Yorkshire & the Humber,Rotherham Green Party,Aston and Todwick,
Yorkshire & the Humber,Rotherham Green Party,Aughton and Swallownest,
Yorkshire & the Humber,Rotherham Green Party,Boston Castle,
Yorkshire & the Humber,Rotherham Green Party,Bramley and Ravenfield,
Yorkshire & the Humber,Rotherham Green Party,Brinsworth,
Yorkshire & the Humber,Rotherham Green Party,Dalton and Thrybergh,
Yorkshire & the Humber,Rotherham Green Party,Dinnington,
Yorkshire & the Humber,Rotherham Green Party,Greasbrough,
Yorkshire & the Humber,Rotherham Green Party,Hellaby and Maltby West,
Yorkshire & the Humber,Rotherham Green Party,Hoober,
Yorkshire & the Humber,Rotherham Green Party,Keppel,
Yorkshire & the Humber,Rotherham Green Party,Kilnhurst and Swinton East,
Yorkshire & the Humber,Rotherham Green Party,Maltby East,
Yorkshire & the Humber,Rotherham Green Party,Rawmarsh East,
Yorkshire & the Humber,Rotherham Green Party,Rawmarsh West,
Yorkshire & the Humber,Rotherham Green Party,Rother Vale,
Yorkshire & the Humber,Rotherham Green Party,Rotherham East,
Yorkshire & the Humber,Rotherham Green Party,Rotherham West,
Yorkshire & the Humber,Rotherham Green Party,Sitwell,
Yorkshire & the Humber,Rotherham Green Party,Swinton Rockingham,
Yorkshire & the Humber,Rotherham Green Party,Thurcroft and Wickersley South,
Yorkshire & the Humber,Rotherham Green Party,Wales,
Yorkshire & the Humber,Rotherham Green Party,Wath,
Yorkshire & the Humber,Rotherham Green Party,Wickersley North,
Yorkshire & the Humber,Sheffield Green Party,Beauchief and Greenhill,
Yorkshire & the Humber,Sheffield Green Party,Beighton,
Yorkshire & the Humber,Sheffield Green Party,Birley,
Yorkshire & the Humber,Sheffield Green Party,Broomhill and Sharrow Vale,
Yorkshire & the Humber,Sheffield Green Party,Burngreave,
Yorkshire & the Humber,Sheffield Green Party,City,
Yorkshire & the Humber,Sheffield Green Party,Crookes and Crosspool,
Yorkshire & the Humber,Sheffield Green Party,Darnall,
Yorkshire & the Humber,Sheffield Green Party,Dore and Totley,
Yorkshire & the Humber,Sheffield Green Party,East Ecclesfield,
Yorkshire & the Humber,Sheffield Green Party,Ecclesall,
Yorkshire & the Humber,Sheffield Green Party,Firth Park,
Yorkshire & the Humber,Sheffield Green Party,Fulwood,
Yorkshire & the Humber,Sheffield Green Party,Gleadless Valley,
Yorkshire & the Humber,Sheffield Green Party,Graves Park,
Yorkshire & the Humber,Sheffield Green Party,Hillsborough,
Yorkshire & the Humber,Sheffield Green Party,Manor Castle,
Yorkshire & the Humber,Sheffield Green Party,Mosborough,
Yorkshire & the Humber,Sheffield Green Party,Nether Edge and Sharrow,
Yorkshire & the Humber,Sheffield Green Party,Park and Arbourthorne,
Yorkshire & the Humber,Sheffield Green Party,Richmond,
Yorkshire & the Humber,Sheffield Green Party,Shiregreen and Brightside,
Yorkshire & the Humber,Sheffield Green Party,Southey,
Yorkshire & the Humber,Sheffield Green Party,Stannington,
Yorkshire & the Humber,Sheffield Green Party,Stocksbridge and Upper Don,
Yorkshire & the Humber,Sheffield Green Party,Walkley,
Yorkshire & the Humber,Sheffield Green Party,West Ecclesfield,
Yorkshire & the Humber,Sheffield Green Party,Woodhouse,
Yorkshire & the Humber,Bradford District Green Party,Airedale,
Yorkshire & the Humber,Bradford District Green Party,Baildon,
Yorkshire & the Humber,Bradford District Green Party,Bingley East,
Yorkshire & the Humber,Bradford District Green Party,Bingley West,
Yorkshire & the Humber,Bradford District Green Party,Bolton and Undercliffe,
Yorkshire & the Humber,Bradford District Green Party,Bowling and Barkerend,
Yorkshire & the Humber,Bradford District Green Party,Bradford Moor,
Yorkshire & the Humber,Bradford District Green Party,City,
Yorkshire & the Humber,Bradford District Green Party,Clayton and Fairweather Green,
Yorkshire & the Humber,Bradford District Green Party,Eccleshill,
Yorkshire & the Humber,Bradford District Green Party,Great Horton,
Yorkshire & the Humber,Bradford District Green Party,Heaton and Frizinghall,
Yorkshire & the Humber,Bradford District Green Party,Holme Wood and Bierley,
Yorkshire & the Humber,Bradford District Green Party,Idle and Thackley,
Yorkshire & the Humber,Bradford District Green Party,Ilkley and Addingham,
Yorkshire & the Humber,Bradford District Green Party,Keighley Central,
Yorkshire & the Humber,Bradford District Green Party,Keighley East,
Yorkshire & the Humber,Bradford District Green Party,Keighley West,
Yorkshire & the Humber,Bradford District Green Party,Little Horton,
Yorkshire & the Humber,Bradford District Green Party,Manningham,
Yorkshire & the Humber,Bradford District Green Party,Queensbury,
Yorkshire & the Humber,Bradford District Green Party,Royds,
Yorkshire & the Humber,Bradford District Green Party,Shipley,
Yorkshire & the Humber,Bradford District Green Party,Thornton and Allerton,
Yorkshire & the Humber,Bradford District Green Party,Toller,
Yorkshire & the Humber,Bradford District Green Party,Wharfedale,
Yorkshire & the Humber,Bradford District Green Party,Wibsey and Odsal,
Yorkshire & the Humber,Bradford District Green Party,Windhill and Wrose,
Yorkshire & the Humber,Bradford District Green Party,Worth Valley,
Yorkshire & the Humber,Bradford District Green Party,Wyke,
Yorkshire & the Humber,Calderdale Green Party,Brighouse,
Yorkshire & the Humber,Calderdale Green Party,Elland,
Yorkshire & the Humber,Calderdale Green Party,Greetland,
Yorkshire & the Humber,Calderdale Green Party,Halifax Town,
Yorkshire & the Humber,Calderdale Green Party,Hebden Bridge and Todmorden East,
Yorkshire & the Humber,Calderdale Green Party,Hipperholme and Lightcliffe,
Yorkshire & the Humber,Calderdale Green Party,Illingworth and Mixenden,
Yorkshire & the Humber,Calderdale Green Party,Luddendenfoot,
Yorkshire & the Humber,Calderdale Green Party,Northowram and Shelf,
Yorkshire & the Humber,Calderdale Green Party,Ovenden,
Yorkshire & the Humber,Calderdale Green Party,Park,
Yorkshire & the Humber,Calderdale Green Party,Rastrick,
Yorkshire & the Humber,Calderdale Green Party,Ryburn,
Yorkshire & the Humber,Calderdale Green Party,"Salterhebble, Southowram and Skircoat Green",
Yorkshire & the Humber,Calderdale Green Party,Sowerby Bridge,
Yorkshire & the Humber,Calderdale Green Party,Todmorden West,
Yorkshire & the Humber,Calderdale Green Party,Wainhouse,
Yorkshire & the Humber,Calderdale Green Party,Warley,
Yorkshire & the Humber,Colne Valley Green Party,Colne Valley,
Yorkshire & the Humber,Colne Valley Green Party,Golcar,
Yorkshire & the Humber,Colne Valley Green Party,Holme Valley North,
Yorkshire & the Humber,Colne Valley Green Party,Holme Valley South,
Yorkshire & the Humber,Colne Valley Green Party,Lindley,
Yorkshire & the Humber,Farnley & Wortley Ward Green Party,Armley,
Yorkshire & the Humber,Farnley & Wortley Ward Green Party,Bramley and Stanningley,
Yorkshire & the Humber,Farnley & Wortley Ward Green Party,Farnley and Wortley,
Yorkshire & the Humber,Farnley & Wortley Ward Green Party,Kirkstall,
Yorkshire & the Humber,Leeds Green Party,Adel and Wharfedale,
Yorkshire & the Humber,Leeds Green Party,Alwoodley,
Yorkshire & the Humber,Leeds Green Party,Ardsley and Robin Hood,
Yorkshire & the Humber,Leeds Green Party,Beeston and Holbeck,
Yorkshire & the Humber,Leeds Green Party,Burmantofts and Richmond Hill,
Yorkshire & the Humber,Leeds Green Party,Calverley and Farsley,
Yorkshire & the Humber,Leeds Green Party,Chapel Allerton,
Yorkshire & the Humber,Leeds Green Party,Cross Gates and Whinmoor,
Yorkshire & the Humber,Leeds Green Party,Garforth and Swillington,
Yorkshire & the Humber,Leeds Green Party,Gipton and Harehills,
Yorkshire & the Humber,Leeds Green Party,Guiseley and Rawdon,
Yorkshire & the Humber,Leeds Green Party,Harewood,
Yorkshire & the Humber,Leeds Green Party,Headingley and Hyde Park,
Yorkshire & the Humber,Leeds Green Party,Horsforth,
Yorkshire & the Humber,Leeds Green Party,Hunslet and Riverside,
Yorkshire & the Humber,Leeds Green Party,Killingbeck and Seacroft,
Yorkshire & the Humber,Leeds Green Party,Kippax and Methley,
Yorkshire & the Humber,Leeds Green Party,Little London and Woodhouse,
Yorkshire & the Humber,Leeds Green Party,Middleton Park,
Yorkshire & the Humber,Leeds Green Party,Moortown,
Yorkshire & the Humber,Leeds Green Party,Morley North,
Yorkshire & the Humber,Leeds Green Party,Morley South,
Yorkshire & the Humber,Leeds Green Party,Otley and Yeadon,
Yorkshire & the Humber,Leeds Green Party,Pudsey,
Yorkshire & the Humber,Leeds Green Party,Rothwell,
Yorkshire & the Humber,Leeds Green Party,Roundhay,
Yorkshire & the Humber,Leeds Green Party,Temple Newsam,
Yorkshire & the Humber,Leeds Green Party,Weetwood,
Yorkshire & the Humber,Leeds Green Party,Wetherby,
Yorkshire & the Humber,Wakefield Green Party,"Ackworth, North Elmsall and Upton",
Yorkshire & the Humber,Wakefield Green Party,Airedale and Ferry Fryston,
Yorkshire & the Humber,Wakefield Green Party,Altofts and Whitwood,
Yorkshire & the Humber,Wakefield Green Party,Castleford Central and Glasshoughton,
Yorkshire & the Humber,Wakefield Green Party,"Crofton, Ryhill and Walton",
Yorkshire & the Humber,Wakefield Green Party,Featherstone,
Yorkshire & the Humber,Wakefield Green Party,Hemsworth,
Yorkshire & the Humber,Wakefield Green Party,Horbury and South Ossett,
Yorkshire & the Humber,Wakefield Green Party,Knottingley,
Yorkshire & the Humber,Wakefield Green Party,Normanton,
Yorkshire & the Humber,Wakefield Green Party,Ossett,
Yorkshire & the Humber,Wakefield Green Party,Pontefract North,
Yorkshire & the Humber,Wakefield Green Party,Pontefract South,
Yorkshire & the Humber,Wakefield Green Party,South Elmsall and South Kirkby,
Yorkshire & the Humber,Wakefield Green Party,Stanley and Outwood East,
Yorkshire & the Humber,Wakefield Green Party,Wakefield East,
Yorkshire & the Humber,Wakefield Green Party,Wakefield North,
Yorkshire & the Humber,Wakefield Green Party,Wakefield Rural,
Yorkshire & the Humber,Wakefield Green Party,Wakefield South,
Yorkshire & the Humber,Wakefield Green Party,Wakefield West,
Yorkshire & the Humber,Wakefield Green Party,Wrenthorpe and Outwood West,
Yorkshire & the Humber,Hull & East Riding Green Party,Avenue,
Yorkshire & the Humber,Hull & East Riding Green Party,Beverley and Newland,
Yorkshire & the Humber,Hull & East Riding Green Party,Boothferry,
Yorkshire & the Humber,Hull & East Riding Green Party,Bricknell,
Yorkshire & the Humber,Hull & East Riding Green Party,Central,
Yorkshire & the Humber,Hull & East Riding Green Party,Derringham,
Yorkshire & the Humber,Hull & East Riding Green Party,Drypool,
Yorkshire & the Humber,Hull & East Riding Green Party,Holderness,
Yorkshire & the Humber,Hull & East Riding Green Party,Ings,
Yorkshire & the Humber,Hull & East Riding Green Party,Kingswood,
Yorkshire & the Humber,Hull & East Riding Green Party,Longhill and Bilton Grange,
Yorkshire & the Humber,Hull & East Riding Green Party,Marfleet,
Yorkshire & the Humber,Hull & East Riding Green Party,Newington and Gipsyville,
Yorkshire & the Humber,Hull & East Riding Green Party,North Carr,
Yorkshire & the Humber,Hull & East Riding Green Party,Orchard Park,
Yorkshire & the Humber,Hull & East Riding Green Party,Pickering,
Yorkshire & the Humber,Hull & East Riding Green Party,Southcoates,
Yorkshire & the Humber,Hull & East Riding Green Party,St Andrew's and Docklands,
Yorkshire & the Humber,Hull & East Riding Green Party,Sutton,
Yorkshire & the Humber,Hull & East Riding Green Party,University,
Yorkshire & the Humber,Hull & East Riding Green Party,West Carr,
Yorkshire & the Humber,Hull & East Riding Green Party,Beverley Rural,
Yorkshire & the Humber,Hull & East Riding Green Party,Bridlington Central and Old Town,
Yorkshire & the Humber,Hull & East Riding Green Party,Bridlington North,
Yorkshire & the Humber,Hull & East Riding Green Party,Bridlington South,
Yorkshire & the Humber,Hull & East Riding Green Party,Cottingham North,
Yorkshire & the Humber,Hull & East Riding Green Party,Cottingham South,
Yorkshire & the Humber,Hull & East Riding Green Party,Dale,
Yorkshire & the Humber,Hull & East Riding Green Party,Driffield and Rural,
Yorkshire & the Humber,Hull & East Riding Green Party,East Wolds and Coastal,
Yorkshire & the Humber,Hull & East Riding Green Party,Goole North,
Yorkshire & the Humber,Hull & East Riding Green Party,Goole South,
Yorkshire & the Humber,Hull & East Riding Green Party,Hessle,
Yorkshire & the Humber,Hull & East Riding Green Party,Howden,
Yorkshire & the Humber,Hull & East Riding Green Party,Howdenshire,
Yorkshire & the Humber,Hull & East Riding Green Party,Mid Holderness,
Yorkshire & the Humber,Hull & East Riding Green Party,Minster and Woodmansey,
Yorkshire & the Humber,Hull & East Riding Green Party,North Holderness,
Yorkshire & the Humber,Hull & East Riding Green Party,Pocklington Provincial,
Yorkshire & the Humber,Hull & East Riding Green Party,"Snaith, Airmyn, Rawcliffe and Marshland",
Yorkshire & the Humber,Hull & East Riding Green Party,South East Holderness,
Yorkshire & the Humber,Hull & East Riding Green Party,South Hunsley,
Yorkshire & the Humber,Hull & East Riding Green Party,South West Holderness,
Yorkshire & the Humber,Hull & East Riding Green Party,St Mary's,
Yorkshire & the Humber,North East Lincolnshire Green Party,Croft Baker,
Yorkshire & the Humber,North East Lincolnshire Green Party,East Marsh,
Yorkshire & the Humber,North East Lincolnshire Green Party,Freshney,
Yorkshire & the Humber,North East Lincolnshire Green Party,Haverstoe,
Yorkshire & the Humber,North East Lincolnshire Green Party,Heneage,
Yorkshire & the Humber,North East Lincolnshire Green Party,Humberston and New Waltham,
Yorkshire & the Humber,North East Lincolnshire Green Party,Immingham,
Yorkshire & the Humber,North East Lincolnshire Green Party,Park,
Yorkshire & the Humber,North East Lincolnshire Green Party,Scartho,
Yorkshire & the Humber,North East Lincolnshire Green Party,Sidney Sussex,
Yorkshire & the Humber,North East Lincolnshire Green Party,South,
Yorkshire & the Humber,North East Lincolnshire Green Party,Waltham,
Yorkshire & the Humber,North East Lincolnshire Green Party,West Marsh,
Yorkshire & the Humber,North East Lincolnshire Green Party,Wolds,
Yorkshire & the Humber,North East Lincolnshire Green Party,Yarborough,
Yorkshire & the Humber,North Lincolnshire Green Party,Ashby Central,
Yorkshire & the Humber,North Lincolnshire Green Party,Ashby Lakeside,
Yorkshire & the Humber,North Lincolnshire Green Party,Axholme Central,
Yorkshire & the Humber,North Lincolnshire Green Party,Axholme North,
Yorkshire & the Humber,North Lincolnshire Green Party,Axholme South,
Yorkshire & the Humber,North Lincolnshire Green Party,Barton,
Yorkshire & the Humber,North Lincolnshire Green Party,Bottesford,
Yorkshire & the Humber,North Lincolnshire Green Party,Brigg and Wolds,
Yorkshire & the Humber,North Lincolnshire Green Party,Broughton and Scawby,
Yorkshire & the Humber,North Lincolnshire Green Party,Brumby,
Yorkshire & the Humber,North Lincolnshire Green Party,Burringham and Gunness,
Yorkshire & the Humber,North Lincolnshire Green Party,Burton upon Stather and Winterton,
Yorkshire & the Humber,North Lincolnshire Green Party,Crosby and Park,
Yorkshire & the Humber,North Lincolnshire Green Party,Ferry,
Yorkshire & the Humber,North Lincolnshire Green Party,Frodingham,
Yorkshire & the Humber,North Lincolnshire Green Party,Kingsway with Lincoln Gardens,
Yorkshire & the Humber,North Lincolnshire Green Party,Messingham,
Yorkshire & the Humber,North Lincolnshire Green Party,Ridge,
Yorkshire & the Humber,North Lincolnshire Green Party,Town,
